Entity,Code,Year,"CO2 mitigation curves for 2C (Andrews & GCP, 2019)"
Historical,,1850,2718006000
Historical,,1851,2732542000
Historical,,1852,2761601000
Historical,,1853,2787943000
Historical,,1854,2834687000
Historical,,1855,2849509000
Historical,,1856,2882696000
Historical,,1857,2910674000
Historical,,1858,2934488000
Historical,,1859,2963179000
Historical,,1860,2885120000
Historical,,1861,2865329000
Historical,,1862,2857422000
Historical,,1863,2875022000
Historical,,1864,2897211000
Historical,,1865,2924828000
Historical,,1866,2922833000
Historical,,1867,2945460000
Historical,,1868,2958653000
Historical,,1869,2985209000
Historical,,1870,3257930000
Historical,,1871,3398642000
Historical,,1872,3533893000
Historical,,1873,3646942000
Historical,,1874,3666625000
Historical,,1875,3772955000
Historical,,1876,3829393000
Historical,,1877,3877780000
Historical,,1878,3917454000
Historical,,1879,3989466000
Historical,,1880,4076085000
Historical,,1881,4152849000
Historical,,1882,4234905999.9999995
Historical,,1883,4334574000
Historical,,1884,4378583000
Historical,,1885,4415734000
Historical,,1886,4444208000
Historical,,1887,4510162000
Historical,,1888,4643592000
Historical,,1889,4664792000
Historical,,1890,4890654000
Historical,,1891,5046902000
Historical,,1892,5111044000
Historical,,1893,5136584000
Historical,,1894,5227870000
Historical,,1895,5351065000
Historical,,1896,5429017000
Historical,,1897,5543612000
Historical,,1898,5652376000
Historical,,1899,5819317000
Historical,,1900,6056737000
Historical,,1901,6230751000
Historical,,1902,6347917000
Historical,,1903,6595517000
Historical,,1904,6672369000
Historical,,1905,6855108000
Historical,,1906,7043236000
Historical,,1907,7364660000
Historical,,1908,7247909000
Historical,,1909,7412944000
Historical,,1910,7451339000
Historical,,1911,7489370000
Historical,,1912,7606259000
Historical,,1913,7816688000
Historical,,1914,7401985000
Historical,,1915,7320023000
Historical,,1916,7519393000
Historical,,1917,7699044000
Historical,,1918,7625260000
Historical,,1919,7149887000
Historical,,1920,7801949000
Historical,,1921,7437493000
Historical,,1922,7677516000
Historical,,1923,8175316000
Historical,,1924,8184663000
Historical,,1925,8253458999.999999
Historical,,1926,8298616000.000001
Historical,,1927,8607910000
Historical,,1928,8620914000
Historical,,1929,8907968000
Historical,,1930,8798940000
Historical,,1931,8537335000.000001
Historical,,1932,8280586000
Historical,,1933,8549787999.999999
Historical,,1934,8915188000
Historical,,1935,9177520000
Historical,,1936,9619883000
Historical,,1937,9949008000
Historical,,1938,9723009000
Historical,,1939,9909232000
Historical,,1940,10403578000
Historical,,1941,10626051000
Historical,,1942,10636619000
Historical,,1943,10788394000
Historical,,1944,10721013000
Historical,,1945,9862430000
Historical,,1946,10114735000
Historical,,1947,10638962000
Historical,,1948,10863323000
Historical,,1949,10585903000
Historical,,1950,11657012000
Historical,,1951,12332944000
Historical,,1952,12501518000
Historical,,1953,12774388000
Historical,,1954,12963686000
Historical,,1955,13702498000
Historical,,1956,14317252000
Historical,,1957,14754808000
Historical,,1958,15088685000
Historical,,1959,15623169000
Historical,,1960,15538909000
Historical,,1961,15342277000
Historical,,1962,15578825000
Historical,,1963,15925664000
Historical,,1964,16333088000
Historical,,1965,16660546000
Historical,,1966,17087363000
Historical,,1967,17394907000
Historical,,1968,18023430000
Historical,,1969,18839355000
Historical,,1970,19690548000
Historical,,1971,20116523000
Historical,,1972,20594256000
Historical,,1973,21361049000
Historical,,1974,21244373000
Historical,,1975,21031451000
Historical,,1976,21943064000
Historical,,1977,22408518000
Historical,,1978,22479369000
Historical,,1979,23413987000
Historical,,1980,23366405000
Historical,,1981,22801812000
Historical,,1982,22682142000
Historical,,1983,22761663000
Historical,,1984,23562440000
Historical,,1985,24203773000
Historical,,1986,24945641000
Historical,,1987,25598992000
Historical,,1988,26431735000
Historical,,1989,27003333000
Historical,,1990,27024354000
Historical,,1991,27312798000
Historical,,1992,27134295000
Historical,,1993,27095385000
Historical,,1994,27460364000
Historical,,1995,27883869000
Historical,,1996,28306643000
Historical,,1997,30437517000
Historical,,1998,28482587000
Historical,,1999,28333047000
Historical,,2000,29379836000
Historical,,2001,29453605000
Historical,,2002,30397202000
Historical,,2003,31948771000
Historical,,2004,33083227000
Historical,,2005,33702877000
Historical,,2006,34881629000
Historical,,2007,34809941000
Historical,,2008,36010373000
Historical,,2009,37288306000
Historical,,2010,38265679000
Historical,,2011,39323299000
Historical,,2012,40778535000
Historical,,2013,40858162000
Historical,,2014,41373736000
Historical,,2015,41410120000
Historical,,2016,40438809000
Historical,,2017,41240425000
Historical,,2018,42231942000
Start in 2000,,2000,29379836000
Start in 2000,,2001,29522114000
Start in 2000,,2002,29619075000
Start in 2000,,2003,29673696000
Start in 2000,,2004,29688800000
Start in 2000,,2005,29667067000
Start in 2000,,2006,29611036000
Start in 2000,,2007,29523117000
Start in 2000,,2008,29405592000
Start in 2000,,2009,29260622000
Start in 2000,,2010,29090257000
Start in 2000,,2011,28896434000
Start in 2000,,2012,28680989000
Start in 2000,,2013,28445656000
Start in 2000,,2014,28192079000
Start in 2000,,2015,27921806000
Start in 2000,,2016,27636304000
Start in 2000,,2017,27336957000
Start in 2000,,2018,27025070000
Start in 2000,,2019,26701876000
Start in 2000,,2020,26368535000
Start in 2000,,2021,26026143000
Start in 2000,,2022,25675731000
Start in 2000,,2023,25318268000
Start in 2000,,2024,24954666000
Start in 2000,,2025,24585784000
Start in 2000,,2026,24212425000
Start in 2000,,2027,23835348000
Start in 2000,,2028,23455259000
Start in 2000,,2029,23072822000
Start in 2000,,2030,22688660000
Start in 2000,,2031,22303354000
Start in 2000,,2032,21917445000
Start in 2000,,2033,21531441000
Start in 2000,,2034,21145814000
Start in 2000,,2035,20761003000
Start in 2000,,2036,20377417000
Start in 2000,,2037,19995434000
Start in 2000,,2038,19615406000
Start in 2000,,2039,19237657000
Start in 2000,,2040,18862489000
Start in 2000,,2041,18490176000
Start in 2000,,2042,18120974000
Start in 2000,,2043,17755115000
Start in 2000,,2044,17392812000
Start in 2000,,2045,17034260000
Start in 2000,,2046,16679635000.000002
Start in 2000,,2047,16329097000
Start in 2000,,2048,15982789000
Start in 2000,,2049,15640841000
Start in 2000,,2050,15303367000
Start in 2000,,2051,14970469000
Start in 2000,,2052,14642236000
Start in 2000,,2053,14318746000
Start in 2000,,2054,14000065000
Start in 2000,,2055,13686250000
Start in 2000,,2056,13377345000
Start in 2000,,2057,13073390000
Start in 2000,,2058,12774413000
Start in 2000,,2059,12480434000
Start in 2000,,2060,12191468000
Start in 2000,,2061,11907520000
Start in 2000,,2062,11628590000
Start in 2000,,2063,11354673000
Start in 2000,,2064,11085756000
Start in 2000,,2065,10821823000
Start in 2000,,2066,10562852000
Start in 2000,,2067,10308816000
Start in 2000,,2068,10059685000
Start in 2000,,2069,9815425000
Start in 2000,,2070,9575998000
Start in 2000,,2071,9341363000
Start in 2000,,2072,9111475000
Start in 2000,,2073,8886289000
Start in 2000,,2074,8665754000
Start in 2000,,2075,8449819000
Start in 2000,,2076,8238431000
Start in 2000,,2077,8031535000
Start in 2000,,2078,7829073000
Start in 2000,,2079,7630986000
Start in 2000,,2080,7437216000
Start in 2000,,2081,7247700000
Start in 2000,,2082,7062379000
Start in 2000,,2083,6881188000
Start in 2000,,2084,6704064000
Start in 2000,,2085,6530943000
Start in 2000,,2086,6361761000
Start in 2000,,2087,6196454000
Start in 2000,,2088,6034955000
Start in 2000,,2089,5877201000
Start in 2000,,2090,5723125000
Start in 2000,,2091,5572662000
Start in 2000,,2092,5425747000
Start in 2000,,2093,5282316000
Start in 2000,,2094,5142303000
Start in 2000,,2095,5005644000
Start in 2000,,2096,4872276000
Start in 2000,,2097,4742133000
Start in 2000,,2098,4615153000
Start in 2000,,2099,4491274000
Start in 2000,,2100,4370433000
Start in 2001,,2001,29453605000
Start in 2001,,2002,29507328000
Start in 2001,,2003,29523408000
Start in 2001,,2004,29504341000
Start in 2001,,2005,29452497000
Start in 2001,,2006,29370123000
Start in 2001,,2007,29259355000
Start in 2001,,2008,29122216000
Start in 2001,,2009,28960627000
Start in 2001,,2010,28776407000
Start in 2001,,2011,28571279000
Start in 2001,,2012,28346878000
Start in 2001,,2013,28104749000
Start in 2001,,2014,27846356000
Start in 2001,,2015,27573083000
Start in 2001,,2016,27286240000
Start in 2001,,2017,26987064000
Start in 2001,,2018,26676724000
Start in 2001,,2019,26356324000
Start in 2001,,2020,26026905000
Start in 2001,,2021,25689450000
Start in 2001,,2022,25344885000
Start in 2001,,2023,24994084000
Start in 2001,,2024,24637866000
Start in 2001,,2025,24277006000
Start in 2001,,2026,23912229000
Start in 2001,,2027,23544218000
Start in 2001,,2028,23173614000
Start in 2001,,2029,22801018000
Start in 2001,,2030,22426993000
Start in 2001,,2031,22052066000
Start in 2001,,2032,21676730000
Start in 2001,,2033,21301445000
Start in 2001,,2034,20926642000
Start in 2001,,2035,20552720000
Start in 2001,,2036,20180052000
Start in 2001,,2037,19808985000
Start in 2001,,2038,19439840000
Start in 2001,,2039,19072914000
Start in 2001,,2040,18708484000
Start in 2001,,2041,18346802000
Start in 2001,,2042,17988102000
Start in 2001,,2043,17632600000
Start in 2001,,2044,17280492000
Start in 2001,,2045,16931958000.000002
Start in 2001,,2046,16587160999.999998
Start in 2001,,2047,16246250000
Start in 2001,,2048,15909359000
Start in 2001,,2049,15576607000
Start in 2001,,2050,15248103000
Start in 2001,,2051,14923942000
Start in 2001,,2052,14604207000
Start in 2001,,2053,14288973000
Start in 2001,,2054,13978303000
Start in 2001,,2055,13672250000
Start in 2001,,2056,13370858000
Start in 2001,,2057,13074166000
Start in 2001,,2058,12782200000
Start in 2001,,2059,12494983000
Start in 2001,,2060,12212529000
Start in 2001,,2061,11934845000
Start in 2001,,2062,11661934000
Start in 2001,,2063,11393791000
Start in 2001,,2064,11130408000
Start in 2001,,2065,10871771000
Start in 2001,,2066,10617861000
Start in 2001,,2067,10368655000
Start in 2001,,2068,10124128000
Start in 2001,,2069,9884248000
Start in 2001,,2070,9648982000
Start in 2001,,2071,9418294000
Start in 2001,,2072,9192144000
Start in 2001,,2073,8970489000
Start in 2001,,2074,8753286000
Start in 2001,,2075,8540488000
Start in 2001,,2076,8332046000
Start in 2001,,2077,8127910000
Start in 2001,,2078,7928027000
Start in 2001,,2079,7732345000
Start in 2001,,2080,7540809000
Start in 2001,,2081,7353363000
Start in 2001,,2082,7169949000
Start in 2001,,2083,6990511000
Start in 2001,,2084,6814990000
Start in 2001,,2085,6643326000
Start in 2001,,2086,6475461000
Start in 2001,,2087,6311334000
Start in 2001,,2088,6150886000
Start in 2001,,2089,5994055000
Start in 2001,,2090,5840781000
Start in 2001,,2091,5691003000
Start in 2001,,2092,5544661000
Start in 2001,,2093,5401694000
Start in 2001,,2094,5262042000
Start in 2001,,2095,5125644000
Start in 2001,,2096,4992440000
Start in 2001,,2097,4862372000
Start in 2001,,2098,4735379000
Start in 2001,,2099,4611403000
Start in 2001,,2100,4490385000
Start in 2002,,2002,30397202000
Start in 2002,,2003,30486126000
Start in 2002,,2004,30528936000
Start in 2002,,2005,30528849000
Start in 2002,,2006,30488908000
Start in 2002,,2007,30411995000
Start in 2002,,2008,30300833000
Start in 2002,,2009,30157997000
Start in 2002,,2010,29985922000
Start in 2002,,2011,29786907000
Start in 2002,,2012,29563124000
Start in 2002,,2013,29316623000
Start in 2002,,2014,29049337000
Start in 2002,,2015,28763090000
Start in 2002,,2016,28459602000
Start in 2002,,2017,28140492000
Start in 2002,,2018,27807285000
Start in 2002,,2019,27461418000
Start in 2002,,2020,27104239000
Start in 2002,,2021,26737018000
Start in 2002,,2022,26360946000
Start in 2002,,2023,25977144000
Start in 2002,,2024,25586660000
Start in 2002,,2025,25190479000
Start in 2002,,2026,24789522000
Start in 2002,,2027,24384652000
Start in 2002,,2028,23976674000
Start in 2002,,2029,23566343000
Start in 2002,,2030,23154360000
Start in 2002,,2031,22741381000
Start in 2002,,2032,22328016000
Start in 2002,,2033,21914831000
Start in 2002,,2034,21502355000
Start in 2002,,2035,21091074000
Start in 2002,,2036,20681440000
Start in 2002,,2037,20273873000
Start in 2002,,2038,19868757000
Start in 2002,,2039,19466448000
Start in 2002,,2040,19067271000
Start in 2002,,2041,18671525000
Start in 2002,,2042,18279484000
Start in 2002,,2043,17891396000
Start in 2002,,2044,17507488000
Start in 2002,,2045,17127965000
Start in 2002,,2046,16753010000
Start in 2002,,2047,16382788999.999998
Start in 2002,,2048,16017450000
Start in 2002,,2049,15657123000
Start in 2002,,2050,15301923000
Start in 2002,,2051,14951949000
Start in 2002,,2052,14607289000
Start in 2002,,2053,14268014000
Start in 2002,,2054,13934187000
Start in 2002,,2055,13605855000
Start in 2002,,2056,13283057000
Start in 2002,,2057,12965823000
Start in 2002,,2058,12654172000
Start in 2002,,2059,12348115000
Start in 2002,,2060,12047654000
Start in 2002,,2061,11752784000
Start in 2002,,2062,11463493000
Start in 2002,,2063,11179764000
Start in 2002,,2064,10901572000
Start in 2002,,2065,10628888000
Start in 2002,,2066,10361676000
Start in 2002,,2067,10099898000
Start in 2002,,2068,9843509000
Start in 2002,,2069,9592461000
Start in 2002,,2070,9346705000
Start in 2002,,2071,9106184000
Start in 2002,,2072,8870841000
Start in 2002,,2073,8640617000
Start in 2002,,2074,8415448000
Start in 2002,,2075,8195270000.000001
Start in 2002,,2076,7980016000
Start in 2002,,2077,7769618000
Start in 2002,,2078,7564006000
Start in 2002,,2079,7363109000
Start in 2002,,2080,7166854000
Start in 2002,,2081,6975168000
Start in 2002,,2082,6787978000
Start in 2002,,2083,6605208000
Start in 2002,,2084,6426784000
Start in 2002,,2085,6252630000
Start in 2002,,2086,6082671000
Start in 2002,,2087,5916830000
Start in 2002,,2088,5755033000
Start in 2002,,2089,5597203000
Start in 2002,,2090,5443265000
Start in 2002,,2091,5293144000
Start in 2002,,2092,5146765000
Start in 2002,,2093,5004053000
Start in 2002,,2094,4864935000
Start in 2002,,2095,4729337000
Start in 2002,,2096,4597186000
Start in 2002,,2097,4468411000
Start in 2002,,2098,4342940000
Start in 2002,,2099,4220702000
Start in 2002,,2100,4101626999.9999995
Start in 2003,,2003,31948771000
Start in 2003,,2004,32601467999.999996
Start in 2003,,2005,33128607000.000004
Start in 2003,,2006,33540261000
Start in 2003,,2007,33845849000
Start in 2003,,2008,34054173000
Start in 2003,,2009,34173451999.999996
Start in 2003,,2010,34211357999.999996
Start in 2003,,2011,34175050000
Start in 2003,,2012,34071204000
Start in 2003,,2013,33906041000
Start in 2003,,2014,33685358000
Start in 2003,,2015,33414549000
Start in 2003,,2016,33098633000
Start in 2003,,2017,32742277000
Start in 2003,,2018,32349814000.000004
Start in 2003,,2019,31925268000
Start in 2003,,2020,31472374000
Start in 2003,,2021,30994588000
Start in 2003,,2022,30495116000
Start in 2003,,2023,29976919000
Start in 2003,,2024,29442736000
Start in 2003,,2025,28895096000
Start in 2003,,2026,28336328000
Start in 2003,,2027,27768581000
Start in 2003,,2028,27193827000
Start in 2003,,2029,26613881000
Start in 2003,,2030,26030405000
Start in 2003,,2031,25444921000
Start in 2003,,2032,24858821000
Start in 2003,,2033,24273372000
Start in 2003,,2034,23689729000
Start in 2003,,2035,23108940000
Start in 2003,,2036,22531955000
Start in 2003,,2037,21959628000
Start in 2003,,2038,21392732000
Start in 2003,,2039,20831957000
Start in 2003,,2040,20277919000
Start in 2003,,2041,19731168000
Start in 2003,,2042,19192186000
Start in 2003,,2043,18661400000
Start in 2003,,2044,18139179000
Start in 2003,,2045,17625842000
Start in 2003,,2046,17121664000
Start in 2003,,2047,16626873000
Start in 2003,,2048,16141658000
Start in 2003,,2049,15666173000
Start in 2003,,2050,15200538000
Start in 2003,,2051,14744840000
Start in 2003,,2052,14299139000
Start in 2003,,2053,13863468000
Start in 2003,,2054,13437839000
Start in 2003,,2055,13022239000
Start in 2003,,2056,12616637000
Start in 2003,,2057,12220983000
Start in 2003,,2058,11835213000
Start in 2003,,2059,11459245000
Start in 2003,,2060,11092987000
Start in 2003,,2061,10736333000
Start in 2003,,2062,10389167000
Start in 2003,,2063,10051366000
Start in 2003,,2064,9722794000
Start in 2003,,2065,9403313000
Start in 2003,,2066,9092774000
Start in 2003,,2067,8791026000
Start in 2003,,2068,8497911999.999999
Start in 2003,,2069,8213270000
Start in 2003,,2070,7936937000
Start in 2003,,2071,7668745000
Start in 2003,,2072,7408527000
Start in 2003,,2073,7156111000
Start in 2003,,2074,6911327000
Start in 2003,,2075,6674002000
Start in 2003,,2076,6443965000
Start in 2003,,2077,6221043000
Start in 2003,,2078,6005066000
Start in 2003,,2079,5795863000
Start in 2003,,2080,5593265000
Start in 2003,,2081,5397104000
Start in 2003,,2082,5207213000
Start in 2003,,2083,5023429000
Start in 2003,,2084,4845588000
Start in 2003,,2085,4673530000
Start in 2003,,2086,4507098000
Start in 2003,,2087,4346135000
Start in 2003,,2088,4190488000
Start in 2003,,2089,4040007000
Start in 2003,,2090,3894544000
Start in 2003,,2091,3753954000
Start in 2003,,2092,3618095000
Start in 2003,,2093,3486827000
Start in 2003,,2094,3360013000
Start in 2003,,2095,3237521000
Start in 2003,,2096,3119219000
Start in 2003,,2097,3004980000
Start in 2003,,2098,2894678000
Start in 2003,,2099,2788193000
Start in 2003,,2100,2685405000
Start in 2004,,2004,33083227000
Start in 2004,,2005,33991239999.999996
Start in 2004,,2006,34725781000
Start in 2004,,2007,35301926000
Start in 2004,,2008,35733678000
Start in 2004,,2009,36034031000
Start in 2004,,2010,36215047000
Start in 2004,,2011,36287905000
Start in 2004,,2012,36262969000
Start in 2004,,2013,36149832000
Start in 2004,,2014,35957378000
Start in 2004,,2015,35693818000
Start in 2004,,2016,35366744000
Start in 2004,,2017,34983164000
Start in 2004,,2018,34549546000
Start in 2004,,2019,34071852000
Start in 2004,,2020,33555571999.999996
Start in 2004,,2021,33005758000
Start in 2004,,2022,32427053000
Start in 2004,,2023,31823721000
Start in 2004,,2024,31199669000
Start in 2004,,2025,30558478000
Start in 2004,,2026,29903420000
Start in 2004,,2027,29237485000
Start in 2004,,2028,28563397000
Start in 2004,,2029,27883636000
Start in 2004,,2030,27200454000
Start in 2004,,2031,26515891000
Start in 2004,,2032,25831794000
Start in 2004,,2033,25149826000
Start in 2004,,2034,24471485000
Start in 2004,,2035,23798112000
Start in 2004,,2036,23130906000
Start in 2004,,2037,22470933000
Start in 2004,,2038,21819137000
Start in 2004,,2039,21176351000
Start in 2004,,2040,20543302000
Start in 2004,,2041,19920623000
Start in 2004,,2042,19308860000
Start in 2004,,2043,18708478000
Start in 2004,,2044,18119867000
Start in 2004,,2045,17543351000
Start in 2004,,2046,16979192000.000002
Start in 2004,,2047,16427595000
Start in 2004,,2048,15888715000
Start in 2004,,2049,15362657000
Start in 2004,,2050,14849488000
Start in 2004,,2051,14349233000
Start in 2004,,2052,13861883000
Start in 2004,,2053,13387398000
Start in 2004,,2054,12925711000
Start in 2004,,2055,12476727000
Start in 2004,,2056,12040329000
Start in 2004,,2057,11616383000
Start in 2004,,2058,11204733000
Start in 2004,,2059,10805210000
Start in 2004,,2060,10417629000
Start in 2004,,2061,10041796000
Start in 2004,,2062,9677504000
Start in 2004,,2063,9324539000
Start in 2004,,2064,8982679000
Start in 2004,,2065,8651695000
Start in 2004,,2066,8331355000
Start in 2004,,2067,8021421000
Start in 2004,,2068,7721654000
Start in 2004,,2069,7431811000
Start in 2004,,2070,7151650000
Start in 2004,,2071,6880927000
Start in 2004,,2072,6619399000
Start in 2004,,2073,6366822000
Start in 2004,,2074,6122955000
Start in 2004,,2075,5887560000
Start in 2004,,2076,5660397000
Start in 2004,,2077,5441233000
Start in 2004,,2078,5229835000
Start in 2004,,2079,5025975000
Start in 2004,,2080,4829427000
Start in 2004,,2081,4639970000
Start in 2004,,2082,4457385000
Start in 2004,,2083,4281460000
Start in 2004,,2084,4111985000
Start in 2004,,2085,3948754000
Start in 2004,,2086,3791567000
Start in 2004,,2087,3640228000
Start in 2004,,2088,3494544000
Start in 2004,,2089,3354328000
Start in 2004,,2090,3219398000
Start in 2004,,2091,3089576000
Start in 2004,,2092,2964688000
Start in 2004,,2093,2844565000
Start in 2004,,2094,2729043000
Start in 2004,,2095,2617963000
Start in 2004,,2096,2511168000
Start in 2004,,2097,2408508000
Start in 2004,,2098,2309837000
Start in 2004,,2099,2215012000
Start in 2004,,2100,2123895000
Start in 2005,,2005,33702877000
Start in 2005,,2006,34647346000
Start in 2005,,2007,35403562000
Start in 2005,,2008,35988491000
Start in 2005,,2009,36417848000
Start in 2005,,2010,36706180000
Start in 2005,,2011,36866944000
Start in 2005,,2012,36912580000
Start in 2005,,2013,36854585000
Start in 2005,,2014,36703571000
Start in 2005,,2015,36469329000
Start in 2005,,2016,36160886000
Start in 2005,,2017,35786556000
Start in 2005,,2018,35353994000
Start in 2005,,2019,34870234000
Start in 2005,,2020,34341742000.000004
Start in 2005,,2021,33774448000
Start in 2005,,2022,33173791000
Start in 2005,,2023,32544747000
Start in 2005,,2024,31891870000
Start in 2005,,2025,31219316000
Start in 2005,,2026,30530874000
Start in 2005,,2027,29829994000
Start in 2005,,2028,29119813000
Start in 2005,,2029,28403173000
Start in 2005,,2030,27682649000
Start in 2005,,2031,26960566000
Start in 2005,,2032,26239019000
Start in 2005,,2033,25519888000
Start in 2005,,2034,24804860000
Start in 2005,,2035,24095439000
Start in 2005,,2036,23392962000
Start in 2005,,2037,22698613000
Start in 2005,,2038,22013435000
Start in 2005,,2039,21338340000
Start in 2005,,2040,20674122000
Start in 2005,,2041,20021465000
Start in 2005,,2042,19380954000
Start in 2005,,2043,18753081000
Start in 2005,,2044,18138256000
Start in 2005,,2045,17536811000
Start in 2005,,2046,16949009000
Start in 2005,,2047,16375052000
Start in 2005,,2048,15815081000
Start in 2005,,2049,15269188000
Start in 2005,,2050,14737416000
Start in 2005,,2051,14219767000
Start in 2005,,2052,13716205000
Start in 2005,,2053,13226660000
Start in 2005,,2054,12751029000
Start in 2005,,2055,12289186000
Start in 2005,,2056,11840977000
Start in 2005,,2057,11406230000
Start in 2005,,2058,10984752000
Start in 2005,,2059,10576335000
Start in 2005,,2060,10180757000
Start in 2005,,2061,9797783000
Start in 2005,,2062,9427170000
Start in 2005,,2063,9068663000
Start in 2005,,2064,8722004000
Start in 2005,,2065,8386926000.000001
Start in 2005,,2066,8063160000
Start in 2005,,2067,7750434000
Start in 2005,,2068,7448471000
Start in 2005,,2069,7156997000
Start in 2005,,2070,6875734000
Start in 2005,,2071,6604407000
Start in 2005,,2072,6342741000
Start in 2005,,2073,6090463000
Start in 2005,,2074,5847302000
Start in 2005,,2075,5612992000
Start in 2005,,2076,5387267000
Start in 2005,,2077,5169867000
Start in 2005,,2078,4960535000
Start in 2005,,2079,4759018000
Start in 2005,,2080,4565068000
Start in 2005,,2081,4378443000
Start in 2005,,2082,4198902999.9999995
Start in 2005,,2083,4026216000
Start in 2005,,2084,3860153000
Start in 2005,,2085,3700491000
Start in 2005,,2086,3547013000
Start in 2005,,2087,3399506000
Start in 2005,,2088,3257763000
Start in 2005,,2089,3121584000
Start in 2005,,2090,2990772000
Start in 2005,,2091,2865137000
Start in 2005,,2092,2744492000
Start in 2005,,2093,2628659000
Start in 2005,,2094,2517462000
Start in 2005,,2095,2410732000
Start in 2005,,2096,2308305000
Start in 2005,,2097,2210021000
Start in 2005,,2098,2115724999.9999998
Start in 2005,,2099,2025269000.0000002
Start in 2005,,2100,1938507000
Start in 2006,,2006,34881629000
Start in 2006,,2007,35948735000
Start in 2006,,2008,36792601000
Start in 2006,,2009,37434575000
Start in 2006,,2010,37894329000
Start in 2006,,2011,38189984000
Start in 2006,,2012,38338214000
Start in 2006,,2013,38354358000
Start in 2006,,2014,38252510000
Start in 2006,,2015,38045614000
Start in 2006,,2016,37745547000
Start in 2006,,2017,37363194000
Start in 2006,,2018,36908526000
Start in 2006,,2019,36390665000
Start in 2006,,2020,35817948000
Start in 2006,,2021,35197984000
Start in 2006,,2022,34537714000
Start in 2006,,2023,33843452999.999996
Start in 2006,,2024,33120947000
Start in 2006,,2025,32375410000.000004
Start in 2006,,2026,31611568000
Start in 2006,,2027,30833697000
Start in 2006,,2028,30045657000
Start in 2006,,2029,29250926000
Start in 2006,,2030,28452629000
Start in 2006,,2031,27653568000
Start in 2006,,2032,26856247000
Start in 2006,,2033,26062897000
Start in 2006,,2034,25275497000
Start in 2006,,2035,24495797000
Start in 2006,,2036,23725336000
Start in 2006,,2037,22965459000
Start in 2006,,2038,22217338000
Start in 2006,,2039,21481981000
Start in 2006,,2040,20760250000
Start in 2006,,2041,20052874000
Start in 2006,,2042,19360460000
Start in 2006,,2043,18683504000
Start in 2006,,2044,18022404000
Start in 2006,,2045,17377465000
Start in 2006,,2046,16748913000.000002
Start in 2006,,2047,16136896000
Start in 2006,,2048,15541501000
Start in 2006,,2049,14962752000
Start in 2006,,2050,14400621000
Start in 2006,,2051,13855032000
Start in 2006,,2052,13325867000
Start in 2006,,2053,12812973000
Start in 2006,,2054,12316161000
Start in 2006,,2055,11835215000
Start in 2006,,2056,11369895000
Start in 2006,,2057,10919937000
Start in 2006,,2058,10485061000
Start in 2006,,2059,10064969000
Start in 2006,,2060,9659352000
Start in 2006,,2061,9267889000
Start in 2006,,2062,8890252000
Start in 2006,,2063,8526104000
Start in 2006,,2064,8175106000
Start in 2006,,2065,7836912000
Start in 2006,,2066,7511177000
Start in 2006,,2067,7197554000
Start in 2006,,2068,6895697000
Start in 2006,,2069,6605261000
Start in 2006,,2070,6325904000
Start in 2006,,2071,6057285000
Start in 2006,,2072,5799069000
Start in 2006,,2073,5550925000
Start in 2006,,2074,5312527000
Start in 2006,,2075,5083553000
Start in 2006,,2076,4863689000
Start in 2006,,2077,4652625000
Start in 2006,,2078,4450059000
Start in 2006,,2079,4255695000
Start in 2006,,2080,4069244000.0000005
Start in 2006,,2081,3890424000
Start in 2006,,2082,3718959000
Start in 2006,,2083,3554582000
Start in 2006,,2084,3397032000
Start in 2006,,2085,3246056000
Start in 2006,,2086,3101407000
Start in 2006,,2087,2962846000
Start in 2006,,2088,2830141000
Start in 2006,,2089,2703068000
Start in 2006,,2090,2581408000
Start in 2006,,2091,2464951000
Start in 2006,,2092,2353493000
Start in 2006,,2093,2246836000
Start in 2006,,2094,2144788999.9999998
Start in 2006,,2095,2047168000
Start in 2006,,2096,1953795000
Start in 2006,,2097,1864499000
Start in 2006,,2098,1779112000
Start in 2006,,2099,1697476000
Start in 2006,,2100,1619437000
Start in 2007,,2007,34809941000
Start in 2007,,2008,35661538000
Start in 2007,,2009,36320130000
Start in 2007,,2010,36804053000
Start in 2007,,2011,37130227000
Start in 2007,,2012,37314254000
Start in 2007,,2013,37370513000
Start in 2007,,2014,37312247000
Start in 2007,,2015,37151641000
Start in 2007,,2016,36899899000
Start in 2007,,2017,36567315000
Start in 2007,,2018,36163337000
Start in 2007,,2019,35696631000
Start in 2007,,2020,35175134000
Start in 2007,,2021,34606111000
Start in 2007,,2022,33996201999.999996
Start in 2007,,2023,33351469000
Start in 2007,,2024,32677442000
Start in 2007,,2025,31979151000
Start in 2007,,2026,31261173000
Start in 2007,,2027,30527660000
Start in 2007,,2028,29782374000
Start in 2007,,2029,29028717000
Start in 2007,,2030,28269757000
Start in 2007,,2031,27508257000
Start in 2007,,2032,26746697000
Start in 2007,,2033,25987297000
Start in 2007,,2034,25232037000
Start in 2007,,2035,24482678000
Start in 2007,,2036,23740780000
Start in 2007,,2037,23007716000
Start in 2007,,2038,22284689000
Start in 2007,,2039,21572749000
Start in 2007,,2040,20872801000
Start in 2007,,2041,20185621000
Start in 2007,,2042,19511868000
Start in 2007,,2043,18852092000
Start in 2007,,2044,18206742000
Start in 2007,,2045,17576182000
Start in 2007,,2046,16960693000
Start in 2007,,2047,16360482000.000002
Start in 2007,,2048,15775691000
Start in 2007,,2049,15206402000
Start in 2007,,2050,14652644000
Start in 2007,,2051,14114395000
Start in 2007,,2052,13591594000
Start in 2007,,2053,13084139000
Start in 2007,,2054,12591896000
Start in 2007,,2055,12114698000
Start in 2007,,2056,11652355000
Start in 2007,,2057,11204652000
Start in 2007,,2058,10771354000
Start in 2007,,2059,10352209000
Start in 2007,,2060,9946950000
Start in 2007,,2061,9555299000
Start in 2007,,2062,9176966000
Start in 2007,,2063,8811654000
Start in 2007,,2064,8459057000
Start in 2007,,2065,8118868000.000001
Start in 2007,,2066,7790773000
Start in 2007,,2067,7474456000
Start in 2007,,2068,7169602000
Start in 2007,,2069,6875893000
Start in 2007,,2070,6593015000
Start in 2007,,2071,6320653000
Start in 2007,,2072,6058495000
Start in 2007,,2073,5806232000
Start in 2007,,2074,5563561000
Start in 2007,,2075,5330179000
Start in 2007,,2076,5105791000
Start in 2007,,2077,4890105000
Start in 2007,,2078,4682834000
Start in 2007,,2079,4483700000
Start in 2007,,2080,4292426000
Start in 2007,,2081,4108742999.9999995
Start in 2007,,2082,3932391000
Start in 2007,,2083,3763111000
Start in 2007,,2084,3600653000
Start in 2007,,2085,3444775000
Start in 2007,,2086,3295239000
Start in 2007,,2087,3151815000
Start in 2007,,2088,3014277000
Start in 2007,,2089,2882408000
Start in 2007,,2090,2755997000
Start in 2007,,2091,2634838000
Start in 2007,,2092,2518732000
Start in 2007,,2093,2407487000
Start in 2007,,2094,2300917000
Start in 2007,,2095,2198839000
Start in 2007,,2096,2101081000.0000002
Start in 2007,,2097,2007472000
Start in 2007,,2098,1917850000
Start in 2007,,2099,1832056000
Start in 2007,,2100,1749939000
Start in 2008,,2008,36010373000
Start in 2008,,2009,36718940000
Start in 2008,,2010,37241497000
Start in 2008,,2011,37596312000
Start in 2008,,2012,37800214000
Start in 2008,,2013,37868687000
Start in 2008,,2014,37815971000
Start in 2008,,2015,37655152000
Start in 2008,,2016,37398245000
Start in 2008,,2017,37056273000
Start in 2008,,2018,36639338000
Start in 2008,,2019,36156691000
Start in 2008,,2020,35616793000
Start in 2008,,2021,35027373000
Start in 2008,,2022,34395488000
Start in 2008,,2023,33727567999.999996
Start in 2008,,2024,33029465000
Start in 2008,,2025,32306497999.999996
Start in 2008,,2026,31563494000
Start in 2008,,2027,30804824000
Start in 2008,,2028,30034442000
Start in 2008,,2029,29255913000
Start in 2008,,2030,28472448000
Start in 2008,,2031,27686929000
Start in 2008,,2032,26901938000
Start in 2008,,2033,26119780000
Start in 2008,,2034,25342504000
Start in 2008,,2035,24571927000
Start in 2008,,2036,23809652000
Start in 2008,,2037,23057086000
Start in 2008,,2038,22315457000
Start in 2008,,2039,21585827000
Start in 2008,,2040,20869112000
Start in 2008,,2041,20166089000
Start in 2008,,2042,19477412000
Start in 2008,,2043,18803621000
Start in 2008,,2044,18145156000
Start in 2008,,2045,17502360000
Start in 2008,,2046,16875497000
Start in 2008,,2047,16264752000.000002
Start in 2008,,2048,15670242000
Start in 2008,,2049,15092023000
Start in 2008,,2050,14530096000
Start in 2008,,2051,13984414000
Start in 2008,,2052,13454884000
Start in 2008,,2053,12941376000
Start in 2008,,2054,12443725000
Start in 2008,,2055,11961737000
Start in 2008,,2056,11495190000
Start in 2008,,2057,11043840000
Start in 2008,,2058,10607424000
Start in 2008,,2059,10185660000
Start in 2008,,2060,9778255000
Start in 2008,,2061,9384901000
Start in 2008,,2062,9005283000
Start in 2008,,2063,8639077000
Start in 2008,,2064,8285954999.999999
Start in 2008,,2065,7945581000
Start in 2008,,2066,7617621000
Start in 2008,,2067,7301735000
Start in 2008,,2068,6997587000
Start in 2008,,2069,6704838000
Start in 2008,,2070,6423153000
Start in 2008,,2071,6152200000
Start in 2008,,2072,5891647000
Start in 2008,,2073,5641170000
Start in 2008,,2074,5400446000
Start in 2008,,2075,5169160000
Start in 2008,,2076,4947000000
Start in 2008,,2077,4733660000
Start in 2008,,2078,4528842000
Start in 2008,,2079,4332253000
Start in 2008,,2080,4143605000
Start in 2008,,2081,3962619000
Start in 2008,,2082,3789022000
Start in 2008,,2083,3622548000
Start in 2008,,2084,3462938000
Start in 2008,,2085,3309940000
Start in 2008,,2086,3163307000
Start in 2008,,2087,3022803000
Start in 2008,,2088,2888197000
Start in 2008,,2089,2759263000
Start in 2008,,2090,2635784000
Start in 2008,,2091,2517550000
Start in 2008,,2092,2404358000
Start in 2008,,2093,2296009000
Start in 2008,,2094,2192313000
Start in 2008,,2095,2093084999.9999998
Start in 2008,,2096,1998147000
Start in 2008,,2097,1907327000
Start in 2008,,2098,1820459000
Start in 2008,,2099,1737383000
Start in 2008,,2100,1657944000
Start in 2009,,2009,37288306000
Start in 2009,,2010,38022902000
Start in 2009,,2011,38548415000
Start in 2009,,2012,38886536000
Start in 2009,,2013,39057150000
Start in 2009,,2014,39078470000
Start in 2009,,2015,38967165000
Start in 2009,,2016,38738477000
Start in 2009,,2017,38406328000
Start in 2009,,2018,37983427000
Start in 2009,,2019,37481359000
Start in 2009,,2020,36910674000
Start in 2009,,2021,36280966000
Start in 2009,,2022,35600953000
Start in 2009,,2023,34878542000
Start in 2009,,2024,34120893000.000004
Start in 2009,,2025,33334484000.000004
Start in 2009,,2026,32525157999.999996
Start in 2009,,2027,31698184000
Start in 2009,,2028,30858297000
Start in 2009,,2029,30009742000
Start in 2009,,2030,29156320000
Start in 2009,,2031,28301420000
Start in 2009,,2032,27448058000
Start in 2009,,2033,26598905000
Start in 2009,,2034,25756319000
Start in 2009,,2035,24922372000
Start in 2009,,2036,24098874000
Start in 2009,,2037,23287398000
Start in 2009,,2038,22489300000
Start in 2009,,2039,21705741000
Start in 2009,,2040,20937701000
Start in 2009,,2041,20186000000
Start in 2009,,2042,19451312000
Start in 2009,,2043,18734176000
Start in 2009,,2044,18035015000
Start in 2009,,2045,17354143000
Start in 2009,,2046,16691779000
Start in 2009,,2047,16048055999.999998
Start in 2009,,2048,15423028000
Start in 2009,,2049,14816681000
Start in 2009,,2050,14228943000
Start in 2009,,2051,13659686000
Start in 2009,,2052,13108733000
Start in 2009,,2053,12575870000
Start in 2009,,2054,12060844000
Start in 2009,,2055,11563370000
Start in 2009,,2056,11083139000
Start in 2009,,2057,10619819000
Start in 2009,,2058,10173056000
Start in 2009,,2059,9742483000
Start in 2009,,2060,9327721000
Start in 2009,,2061,8928378000
Start in 2009,,2062,8544055999.999999
Start in 2009,,2063,8174352000.000001
Start in 2009,,2064,7818860000
Start in 2009,,2065,7477169000
Start in 2009,,2066,7148872000
Start in 2009,,2067,6833561000
Start in 2009,,2068,6530831000
Start in 2009,,2069,6240279000
Start in 2009,,2070,5961509000
Start in 2009,,2071,5694128000
Start in 2009,,2072,5437751000
Start in 2009,,2073,5191999000
Start in 2009,,2074,4956498000
Start in 2009,,2075,4730885000
Start in 2009,,2076,4514803000
Start in 2009,,2077,4307902000
Start in 2009,,2078,4109844000
Start in 2009,,2079,3920297000
Start in 2009,,2080,3738937000
Start in 2009,,2081,3565452000
Start in 2009,,2082,3399537000
Start in 2009,,2083,3240896000
Start in 2009,,2084,3089241000
Start in 2009,,2085,2944296000
Start in 2009,,2086,2805790000
Start in 2009,,2087,2673464000
Start in 2009,,2088,2547065000
Start in 2009,,2089,2426350000
Start in 2009,,2090,2311084000
Start in 2009,,2091,2201041000
Start in 2009,,2092,2096000999.9999998
Start in 2009,,2093,1995753000
Start in 2009,,2094,1900094000
Start in 2009,,2095,1808829000
Start in 2009,,2096,1721769000
Start in 2009,,2097,1638733000
Start in 2009,,2098,1559545000
Start in 2009,,2099,1484039000
Start in 2009,,2100,1412054000
Start in 2010,,2010,38265679000
Start in 2010,,2011,39084991000
Start in 2010,,2012,39661888000
Start in 2010,,2013,40022900000
Start in 2010,,2014,40192221000
Start in 2010,,2015,40191900000
Start in 2010,,2016,40042006000
Start in 2010,,2017,39760792000
Start in 2010,,2018,39364840000
Start in 2010,,2019,38869196000
Start in 2010,,2020,38287501000
Start in 2010,,2021,37632098000
Start in 2010,,2022,36914148000
Start in 2010,,2023,36143723000
Start in 2010,,2024,35329897000
Start in 2010,,2025,34480835000
Start in 2010,,2026,33603865999.999996
Start in 2010,,2027,32705556000
Start in 2010,,2028,31791772000
Start in 2010,,2029,30867748000
Start in 2010,,2030,29938134000
Start in 2010,,2031,29007052000
Start in 2010,,2032,28078142000
Start in 2010,,2033,27154604000
Start in 2010,,2034,26239240000
Start in 2010,,2035,25334491000
Start in 2010,,2036,24442470000
Start in 2010,,2037,23564990000
Start in 2010,,2038,22703598000
Start in 2010,,2039,21859597000
Start in 2010,,2040,21034072000
Start in 2010,,2041,20227910000
Start in 2010,,2042,19441820000
Start in 2010,,2043,18676355000
Start in 2010,,2044,17931924000
Start in 2010,,2045,17208810000
Start in 2010,,2046,16507182000
Start in 2010,,2047,15827111000
Start in 2010,,2048,15168578000
Start in 2010,,2049,14531486000
Start in 2010,,2050,13915670000
Start in 2010,,2051,13320906000
Start in 2010,,2052,12746917000
Start in 2010,,2053,12193382000
Start in 2010,,2054,11659942000
Start in 2010,,2055,11146205000
Start in 2010,,2056,10651752000
Start in 2010,,2057,10176144000
Start in 2010,,2058,9718921000
Start in 2010,,2059,9279609000
Start in 2010,,2060,8857726000
Start in 2010,,2061,8452780000.000001
Start in 2010,,2062,8064275000
Start in 2010,,2063,7691711000
Start in 2010,,2064,7334591000
Start in 2010,,2065,6992415000
Start in 2010,,2066,6664691000
Start in 2010,,2067,6350928000
Start in 2010,,2068,6050642000
Start in 2010,,2069,5763358000
Start in 2010,,2070,5488606000
Start in 2010,,2071,5225926000
Start in 2010,,2072,4974869000
Start in 2010,,2073,4734993000
Start in 2010,,2074,4505869000
Start in 2010,,2075,4287078000
Start in 2010,,2076,4078211999.9999995
Start in 2010,,2077,3878874000
Start in 2010,,2078,3688679000
Start in 2010,,2079,3507254000
Start in 2010,,2080,3334236000
Start in 2010,,2081,3169274000
Start in 2010,,2082,3012031000
Start in 2010,,2083,2862177000
Start in 2010,,2084,2719397000
Start in 2010,,2085,2583385000
Start in 2010,,2086,2453847000
Start in 2010,,2087,2330500000
Start in 2010,,2088,2213069000
Start in 2010,,2089,2101293000
Start in 2010,,2090,1994917000
Start in 2010,,2091,1893701000
Start in 2010,,2092,1797409000
Start in 2010,,2093,1705818000
Start in 2010,,2094,1618712000
Start in 2010,,2095,1535885000
Start in 2010,,2096,1457140000
Start in 2010,,2097,1382287000
Start in 2010,,2098,1311143000
Start in 2010,,2099,1243534000
Start in 2010,,2100,1179295000
Start in 2011,,2011,39323299000
Start in 2011,,2012,40205287000
Start in 2011,,2013,40811066000
Start in 2011,,2014,41172521000
Start in 2011,,2015,41318582000
Start in 2011,,2016,41275464000
Start in 2011,,2017,41066903000
Start in 2011,,2018,40714363000
Start in 2011,,2019,40237232000
Start in 2011,,2020,39652999000
Start in 2011,,2021,38977417000
Start in 2011,,2022,38224658000
Start in 2011,,2023,37407447000
Start in 2011,,2024,36537191000
Start in 2011,,2025,35624098000
Start in 2011,,2026,34677279000
Start in 2011,,2027,33704853000
Start in 2011,,2028,32714033000
Start in 2011,,2029,31711209000
Start in 2011,,2030,30702027000
Start in 2011,,2031,29691454000
Start in 2011,,2032,28683846000
Start in 2011,,2033,27683003000
Start in 2011,,2034,26692224000
Start in 2011,,2035,25714358000
Start in 2011,,2036,24751842000
Start in 2011,,2037,23806748000
Start in 2011,,2038,22880819000
Start in 2011,,2039,21975498000
Start in 2011,,2040,21091968000
Start in 2011,,2041,20231170000
Start in 2011,,2042,19393837000
Start in 2011,,2043,18580511000
Start in 2011,,2044,17791570000
Start in 2011,,2045,17027241000
Start in 2011,,2046,16287623000
Start in 2011,,2047,15572699000
Start in 2011,,2048,14882354000
Start in 2011,,2049,14216383000
Start in 2011,,2050,13574508000
Start in 2011,,2051,12956384000
Start in 2011,,2052,12361612000
Start in 2011,,2053,11789745000
Start in 2011,,2054,11240298000
Start in 2011,,2055,10712752000
Start in 2011,,2056,10206565000
Start in 2011,,2057,9721170000
Start in 2011,,2058,9255988000
Start in 2011,,2059,8810427000
Start in 2011,,2060,8383887000
Start in 2011,,2061,7975765000
Start in 2011,,2062,7585457000
Start in 2011,,2063,7212359000
Start in 2011,,2064,6855873000
Start in 2011,,2065,6515405000
Start in 2011,,2066,6190369000
Start in 2011,,2067,5880190000
Start in 2011,,2068,5584300000
Start in 2011,,2069,5302146000
Start in 2011,,2070,5033183000
Start in 2011,,2071,4776883000
Start in 2011,,2072,4532730000
Start in 2011,,2073,4300221000
Start in 2011,,2074,4078868000
Start in 2011,,2075,3868199000
Start in 2011,,2076,3667755000
Start in 2011,,2077,3477092000
Start in 2011,,2078,3295782000
Start in 2011,,2079,3123409000
Start in 2011,,2080,2959575000
Start in 2011,,2081,2803893000
Start in 2011,,2082,2655995000
Start in 2011,,2083,2515521000
Start in 2011,,2084,2382129000
Start in 2011,,2085,2255489000
Start in 2011,,2086,2135285000
Start in 2011,,2087,2021211999.9999998
Start in 2011,,2088,1912979000
Start in 2011,,2089,1810307000
Start in 2011,,2090,1712928000
Start in 2011,,2091,1620586000
Start in 2011,,2092,1533037000
Start in 2011,,2093,1450045000
Start in 2011,,2094,1371386000
Start in 2011,,2095,1296847000
Start in 2011,,2096,1226222000
Start in 2011,,2097,1159318000
Start in 2011,,2098,1095947000
Start in 2011,,2099,1035930999.9999999
Start in 2011,,2100,979102000
Start in 2012,,2012,40778535000
Start in 2012,,2013,41849867000
Start in 2012,,2014,42575423000
Start in 2012,,2015,42998084000
Start in 2012,,2016,43156439000
Start in 2012,,2017,43085180000
Start in 2012,,2018,42815451000
Start in 2012,,2019,42375179000
Start in 2012,,2020,41789366000
Start in 2012,,2021,41080365000
Start in 2012,,2022,40268123000
Start in 2012,,2023,39370412000
Start in 2012,,2024,38403031000
Start in 2012,,2025,37379996000
Start in 2012,,2026,36313714000
Start in 2012,,2027,35215132000
Start in 2012,,2028,34093888999.999996
Start in 2012,,2029,32958438000
Start in 2012,,2030,31816168000
Start in 2012,,2031,30673507000
Start in 2012,,2032,29536027000
Start in 2012,,2033,28408523000
Start in 2012,,2034,27295102000
Start in 2012,,2035,26199250000
Start in 2012,,2036,25123902000
Start in 2012,,2037,24071499000
Start in 2012,,2038,23044045000
Start in 2012,,2039,22043154000
Start in 2012,,2040,21070095000
Start in 2012,,2041,20125833000
Start in 2012,,2042,19211064000
Start in 2012,,2043,18326249000
Start in 2012,,2044,17471641000
Start in 2012,,2045,16647314999.999998
Start in 2012,,2046,15853189000
Start in 2012,,2047,15089046000
Start in 2012,,2048,14354554000
Start in 2012,,2049,13649281000
Start in 2012,,2050,12972713000
Start in 2012,,2051,12324266000
Start in 2012,,2052,11703299000
Start in 2012,,2053,11109123000
Start in 2012,,2054,10541015000
Start in 2012,,2055,9998219000
Start in 2012,,2056,9479961000
Start in 2012,,2057,8985453000
Start in 2012,,2058,8513895000
Start in 2012,,2059,8064486000.000001
Start in 2012,,2060,7636424000
Start in 2012,,2061,7228913000
Start in 2012,,2062,6841164000
Start in 2012,,2063,6472398000
Start in 2012,,2064,6121849000
Start in 2012,,2065,5788765000
Start in 2012,,2066,5472413000
Start in 2012,,2067,5172075000
Start in 2012,,2068,4887053000
Start in 2012,,2069,4616669000
Start in 2012,,2070,4360264000
Start in 2012,,2071,4117202000
Start in 2012,,2072,3886866000
Start in 2012,,2073,3668661000
Start in 2012,,2074,3462013000
Start in 2012,,2075,3266371000
Start in 2012,,2076,3081201000
Start in 2012,,2077,2905994000
Start in 2012,,2078,2740259000
Start in 2012,,2079,2583525000
Start in 2012,,2080,2435342000
Start in 2012,,2081,2295279000
Start in 2012,,2082,2162921000
Start in 2012,,2083,2037875999.9999998
Start in 2012,,2084,1919765000
Start in 2012,,2085,1808228000
Start in 2012,,2086,1702923000
Start in 2012,,2087,1603522000
Start in 2012,,2088,1509712000
Start in 2012,,2089,1421197000
Start in 2012,,2090,1337694000
Start in 2012,,2091,1258933000
Start in 2012,,2092,1184659000
Start in 2012,,2093,1114629000
Start in 2012,,2094,1048611000
Start in 2012,,2095,986386000
Start in 2012,,2096,927745000
Start in 2012,,2097,872491000
Start in 2012,,2098,820437000
Start in 2012,,2099,771404000
Start in 2012,,2100,725224000
Start in 2013,,2013,40858162000
Start in 2013,,2014,41762769000
Start in 2013,,2015,42341487000
Start in 2013,,2016,42635442000
Start in 2013,,2017,42681603000
Start in 2013,,2018,42513162000
Start in 2013,,2019,42159883000
Start in 2013,,2020,41648418000
Start in 2013,,2021,41002598000
Start in 2013,,2022,40243696000
Start in 2013,,2023,39390666000
Start in 2013,,2024,38460368000
Start in 2013,,2025,37467764000
Start in 2013,,2026,36426102000
Start in 2013,,2027,35347085000
Start in 2013,,2028,34241017999.999996
Start in 2013,,2029,33116949000
Start in 2013,,2030,31982794000
Start in 2013,,2031,30845449000
Start in 2013,,2032,29710898000
Start in 2013,,2033,28584303000
Start in 2013,,2034,27470092000
Start in 2013,,2035,26372033000
Start in 2013,,2036,25293309000
Start in 2013,,2037,24236580000
Start in 2013,,2038,23204037000
Start in 2013,,2039,22197461000
Start in 2013,,2040,21218263000
Start in 2013,,2041,20267532000
Start in 2013,,2042,19346070000
Start in 2013,,2043,18454428000
Start in 2013,,2044,17592939000
Start in 2013,,2045,16761741000
Start in 2013,,2046,15960808000
Start in 2013,,2047,15189967000
Start in 2013,,2048,14448925000
Start in 2013,,2049,13737280000
Start in 2013,,2050,13054542000
Start in 2013,,2051,12400146000
Start in 2013,,2052,11773464000
Start in 2013,,2053,11173818000
Start in 2013,,2054,10600490000
Start in 2013,,2055,10052729000
Start in 2013,,2056,9529762000
Start in 2013,,2057,9030798000
Start in 2013,,2058,8555035999.999999
Start in 2013,,2059,8101670000
Start in 2013,,2060,7669892000
Start in 2013,,2061,7258900000
Start in 2013,,2062,6867896000
Start in 2013,,2063,6496094000
Start in 2013,,2064,6142719000
Start in 2013,,2065,5807011000
Start in 2013,,2066,5488228000
Start in 2013,,2067,5185642000
Start in 2013,,2068,4898546000
Start in 2013,,2069,4626254000
Start in 2013,,2070,4368097000
Start in 2013,,2071,4123431000
Start in 2013,,2072,3891630000
Start in 2013,,2073,3672090000
Start in 2013,,2074,3464231000
Start in 2013,,2075,3267491000
Start in 2013,,2076,3081332000
Start in 2013,,2077,2905235000
Start in 2013,,2078,2738703000
Start in 2013,,2079,2581259000
Start in 2013,,2080,2432447000
Start in 2013,,2081,2291828000
Start in 2013,,2082,2158984000
Start in 2013,,2083,2033516000
Start in 2013,,2084,1915041000
Start in 2013,,2085,1803194000
Start in 2013,,2086,1697627000
Start in 2013,,2087,1598010000
Start in 2013,,2088,1504025000
Start in 2013,,2089,1415373000
Start in 2013,,2090,1331766000
Start in 2013,,2091,1252933000
Start in 2013,,2092,1178615000
Start in 2013,,2093,1108565000
Start in 2013,,2094,1042550000.0000001
Start in 2013,,2095,980348000
Start in 2013,,2096,921749000
Start in 2013,,2097,866552000
Start in 2013,,2098,814569000
Start in 2013,,2099,765620000
Start in 2013,,2100,719534000
Start in 2014,,2014,41373736000
Start in 2014,,2015,42094638000
Start in 2014,,2016,42506472000
Start in 2014,,2017,42649359000
Start in 2014,,2018,42559291000
Start in 2014,,2019,42268514000
Start in 2014,,2020,41805877000
Start in 2014,,2021,41197151000
Start in 2014,,2022,40465322000
Start in 2014,,2023,39630855000
Start in 2014,,2024,38711934000
Start in 2014,,2025,37724685000
Start in 2014,,2026,36683375000
Start in 2014,,2027,35600594000
Start in 2014,,2028,34487420000
Start in 2014,,2029,33353575000
Start in 2014,,2030,32207552999.999996
Start in 2014,,2031,31056752000
Start in 2014,,2032,29907585000
Start in 2014,,2033,28765578000
Start in 2014,,2034,27635472000
Start in 2014,,2035,26521297000
Start in 2014,,2036,25426455000
Start in 2014,,2037,24353788000
Start in 2014,,2038,23305636000
Start in 2014,,2039,22283901000
Start in 2014,,2040,21290090000
Start in 2014,,2041,20325365000
Start in 2014,,2042,19390586000
Start in 2014,,2043,18486344000
Start in 2014,,2044,17612996000
Start in 2014,,2045,16770696000
Start in 2014,,2046,15959423000
Start in 2014,,2047,15179002000
Start in 2014,,2048,14429129000
Start in 2014,,2049,13709386000
Start in 2014,,2050,13019265000
Start in 2014,,2051,12358175000
Start in 2014,,2052,11725463000
Start in 2014,,2053,11120423000
Start in 2014,,2054,10542306000
Start in 2014,,2055,9990331000
Start in 2014,,2056,9463692000
Start in 2014,,2057,8961567000
Start in 2014,,2058,8483123000.000001
Start in 2014,,2059,8027523000
Start in 2014,,2060,7593929000
Start in 2014,,2061,7181508000
Start in 2014,,2062,6789434000
Start in 2014,,2063,6416892000
Start in 2014,,2064,6063081000
Start in 2014,,2065,5727215000
Start in 2014,,2066,5408525000
Start in 2014,,2067,5106264000
Start in 2014,,2068,4819700000
Start in 2014,,2069,4548127000
Start in 2014,,2070,4290856000
Start in 2014,,2071,4047224000
Start in 2014,,2072,3816588000
Start in 2014,,2073,3598329000
Start in 2014,,2074,3391850000
Start in 2014,,2075,3196577000
Start in 2014,,2076,3011958000
Start in 2014,,2077,2837461000
Start in 2014,,2078,2672580000
Start in 2014,,2079,2516827000
Start in 2014,,2080,2369735000
Start in 2014,,2081,2230859000
Start in 2014,,2082,2099773000
Start in 2014,,2083,1976069000
Start in 2014,,2084,1859358000
Start in 2014,,2085,1749271000
Start in 2014,,2086,1645455000
Start in 2014,,2087,1547572000
Start in 2014,,2088,1455304000
Start in 2014,,2089,1368345000
Start in 2014,,2090,1286407000
Start in 2014,,2091,1209214000
Start in 2014,,2092,1136504000
Start in 2014,,2093,1068030000
Start in 2014,,2094,1003557000
Start in 2014,,2095,942861000
Start in 2014,,2096,885729000
Start in 2014,,2097,831963000
Start in 2014,,2098,781371000
Start in 2014,,2099,733773000
Start in 2014,,2100,688999000
Start in 2015,,2015,41410120000
Start in 2015,,2016,41908284000
Start in 2015,,2017,42129454000
Start in 2015,,2018,42110279000
Start in 2015,,2019,41883607000
Start in 2015,,2020,41478850000
Start in 2015,,2021,40922295000
Start in 2015,,2022,40237408000
Start in 2015,,2023,39445096000
Start in 2015,,2024,38563951000
Start in 2015,,2025,37610477000
Start in 2015,,2026,36599288000
Start in 2015,,2027,35543296000
Start in 2015,,2028,34453874000
Start in 2015,,2029,33341015000
Start in 2015,,2030,32213465000
Start in 2015,,2031,31078853000
Start in 2015,,2032,29943801000
Start in 2015,,2033,28814034000
Start in 2015,,2034,27694467000
Start in 2015,,2035,26589297000
Start in 2015,,2036,25502076000
Start in 2015,,2037,24435783000
Start in 2015,,2038,23392885000
Start in 2015,,2039,22375398000
Start in 2015,,2040,21384936000
Start in 2015,,2041,20422757000
Start in 2015,,2042,19489808000
Start in 2015,,2043,18586759000
Start in 2015,,2044,17714043000
Start in 2015,,2045,16871879000
Start in 2015,,2046,16060306000
Start in 2015,,2047,15279203000
Start in 2015,,2048,14528317000
Start in 2015,,2049,13807274000
Start in 2015,,2050,13115607000
Start in 2015,,2051,12452761000
Start in 2015,,2052,11818118000
Start in 2015,,2053,11210999000
Start in 2015,,2054,10630683000
Start in 2015,,2055,10076413000
Start in 2015,,2056,9547404000
Start in 2015,,2057,9042854000
Start in 2015,,2058,8561946000.000001
Start in 2015,,2059,8103858000.000001
Start in 2015,,2060,7667765000
Start in 2015,,2061,7252847000
Start in 2015,,2062,6858287000
Start in 2015,,2063,6483279000
Start in 2015,,2064,6127030000
Start in 2015,,2065,5788761000
Start in 2015,,2066,5467710000
Start in 2015,,2067,5163131000
Start in 2015,,2068,4874300000
Start in 2015,,2069,4600512000
Start in 2015,,2070,4341082000
Start in 2015,,2071,4095348000.0000005
Start in 2015,,2072,3862670000
Start in 2015,,2073,3642429000
Start in 2015,,2074,3434030000
Start in 2015,,2075,3236897000
Start in 2015,,2076,3050480000
Start in 2015,,2077,2874249000
Start in 2015,,2078,2707693000
Start in 2015,,2079,2550327000
Start in 2015,,2080,2401681000
Start in 2015,,2081,2261311000
Start in 2015,,2082,2128788000.0000002
Start in 2015,,2083,2003704000
Start in 2015,,2084,1885669000
Start in 2015,,2085,1774312000
Start in 2015,,2086,1669278000
Start in 2015,,2087,1570230000
Start in 2015,,2088,1476846000
Start in 2015,,2089,1388819000
Start in 2015,,2090,1305860000
Start in 2015,,2091,1227691000
Start in 2015,,2092,1154050000
Start in 2015,,2093,1084686000
Start in 2015,,2094,1019363999.9999999
Start in 2015,,2095,957857000
Start in 2015,,2096,899954000
Start in 2015,,2097,845452000
Start in 2015,,2098,794159000
Start in 2015,,2099,745894000
Start in 2015,,2100,700485000
Start in 2016,,2016,40438809000
Start in 2016,,2017,40559521000
Start in 2016,,2018,40481751000
Start in 2016,,2019,40231604000
Start in 2016,,2020,39832577000
Start in 2016,,2021,39305789000
Start in 2016,,2022,38670194000
Start in 2016,,2023,37942775000
Start in 2016,,2024,37138727000
Start in 2016,,2025,36271618000
Start in 2016,,2026,35353540000
Start in 2016,,2027,34395246000
Start in 2016,,2028,33406273000
Start in 2016,,2029,32395060000
Start in 2016,,2030,31369051000
Start in 2016,,2031,30334792000
Start in 2016,,2032,29298013000
Start in 2016,,2033,28263716000
Start in 2016,,2034,27236241000
Start in 2016,,2035,26219333000
Start in 2016,,2036,25216205000
Start in 2016,,2037,24229590000
Start in 2016,,2038,23261792000
Start in 2016,,2039,22314732000
Start in 2016,,2040,21389988000
Start in 2016,,2041,20488831000
Start in 2016,,2042,19612263000
Start in 2016,,2043,18761045000
Start in 2016,,2044,17935723000
Start in 2016,,2045,17136655999.999998
Start in 2016,,2046,16364040000
Start in 2016,,2047,15617925000
Start in 2016,,2048,14898235000
Start in 2016,,2049,14204784000
Start in 2016,,2050,13537294000
Start in 2016,,2051,12895403000
Start in 2016,,2052,12278684000
Start in 2016,,2053,11686650000
Start in 2016,,2054,11118766000
Start in 2016,,2055,10574457000
Start in 2016,,2056,10053119000
Start in 2016,,2057,9554119000
Start in 2016,,2058,9076809000
Start in 2016,,2059,8620525000
Start in 2016,,2060,8184595000
Start in 2016,,2061,7768344000
Start in 2016,,2062,7371093000
Start in 2016,,2063,6992168000
Start in 2016,,2064,6630898000
Start in 2016,,2065,6286620000
Start in 2016,,2066,5958683000
Start in 2016,,2067,5646442000
Start in 2016,,2068,5349269000
Start in 2016,,2069,5066549000
Start in 2016,,2070,4797679000
Start in 2016,,2071,4542074000
Start in 2016,,2072,4299165000
Start in 2016,,2073,4068399999.9999995
Start in 2016,,2074,3849243000
Start in 2016,,2075,3641175000
Start in 2016,,2076,3443695000
Start in 2016,,2077,3256319000
Start in 2016,,2078,3078581000
Start in 2016,,2079,2910031000
Start in 2016,,2080,2750236000
Start in 2016,,2081,2598782000
Start in 2016,,2082,2455267000
Start in 2016,,2083,2319309000
Start in 2016,,2084,2190539000
Start in 2016,,2085,2068606000
Start in 2016,,2086,1953172000
Start in 2016,,2087,1843914000
Start in 2016,,2088,1740522000
Start in 2016,,2089,1642702000
Start in 2016,,2090,1550172000
Start in 2016,,2091,1462662000
Start in 2016,,2092,1379915000
Start in 2016,,2093,1301685000
Start in 2016,,2094,1227741000
Start in 2016,,2095,1157857000
Start in 2016,,2096,1091824000
Start in 2016,,2097,1029438000.0000001
Start in 2016,,2098,970508000
Start in 2016,,2099,914850000
Start in 2016,,2100,862291000
Start in 2017,,2017,41240425000
Start in 2017,,2018,41170434000
Start in 2017,,2019,40916982000
Start in 2017,,2020,40505499000
Start in 2017,,2021,39958796000
Start in 2017,,2022,39297301000
Start in 2017,,2023,38539281000
Start in 2017,,2024,37701040000
Start in 2017,,2025,36797103000
Start in 2017,,2026,35840383000
Start in 2017,,2027,34842333000
Start in 2017,,2028,33813087000.000004
Start in 2017,,2029,32761584999.999996
Start in 2017,,2030,31695691000
Start in 2017,,2031,30622296000
Start in 2017,,2032,29547414000
Start in 2017,,2033,28476275000
Start in 2017,,2034,27413397000
Start in 2017,,2035,26362663000
Start in 2017,,2036,25327388000
Start in 2017,,2037,24310374000
Start in 2017,,2038,23313968000
Start in 2017,,2039,22340110000
Start in 2017,,2040,21390381000
Start in 2017,,2041,20466035000
Start in 2017,,2042,19568046000
Start in 2017,,2043,18697134000
Start in 2017,,2044,17853798000
Start in 2017,,2045,17038339000
Start in 2017,,2046,16250892000
Start in 2017,,2047,15491440000
Start in 2017,,2048,14759839000
Start in 2017,,2049,14055833000
Start in 2017,,2050,13379069000
Start in 2017,,2051,12729117000
Start in 2017,,2052,12105475000
Start in 2017,,2053,11507584000
Start in 2017,,2054,10934842000
Start in 2017,,2055,10386604000
Start in 2017,,2056,9862200000
Start in 2017,,2057,9360933000
Start in 2017,,2058,8882094000
Start in 2017,,2059,8424958000
Start in 2017,,2060,7988798000
Start in 2017,,2061,7572884000
Start in 2017,,2062,7176487000
Start in 2017,,2063,6798882000
Start in 2017,,2064,6439354000
Start in 2017,,2065,6097198000
Start in 2017,,2066,5771718000
Start in 2017,,2067,5462234000
Start in 2017,,2068,5168082000
Start in 2017,,2069,4888612000
Start in 2017,,2070,4623192000
Start in 2017,,2071,4371207000
Start in 2017,,2072,4132062000.0000005
Start in 2017,,2073,3905179000
Start in 2017,,2074,3690000000
Start in 2017,,2075,3485984000
Start in 2017,,2076,3292613000
Start in 2017,,2077,3109384000
Start in 2017,,2078,2935815000
Start in 2017,,2079,2771441000
Start in 2017,,2080,2615817000
Start in 2017,,2081,2468515000
Start in 2017,,2082,2329124000
Start in 2017,,2083,2197252000
Start in 2017,,2084,2072522000.0000002
Start in 2017,,2085,1954575000
Start in 2017,,2086,1843065000
Start in 2017,,2087,1737665000
Start in 2017,,2088,1638060000
Start in 2017,,2089,1543950000
Start in 2017,,2090,1455051000
Start in 2017,,2091,1371088000
Start in 2017,,2092,1291804000
Start in 2017,,2093,1216951000
Start in 2017,,2094,1146293000
Start in 2017,,2095,1079607000
Start in 2017,,2096,1016681000
Start in 2017,,2097,957311000
Start in 2017,,2098,901307000
Start in 2017,,2099,848484000
Start in 2017,,2100,798671000
Start in 2018,,2018,42231942000
Start in 2018,,2019,42261225000
Start in 2018,,2020,42055769000
Start in 2018,,2021,41650091000
Start in 2018,,2022,41074890000
Start in 2018,,2023,40357424000
Start in 2018,,2024,39521847000
Start in 2018,,2025,38589522000
Start in 2018,,2026,37579301000
Start in 2018,,2027,36507776000
Start in 2018,,2028,35389517000
Start in 2018,,2029,34237273000
Start in 2018,,2030,33062165999.999996
Start in 2018,,2031,31873861000
Start in 2018,,2032,30680717000
Start in 2018,,2033,29489934000
Start in 2018,,2034,28307671000
Start in 2018,,2035,27139168000
Start in 2018,,2036,25988842000
Start in 2018,,2037,24860383000
Start in 2018,,2038,23756836000
Start in 2018,,2039,22680678000
Start in 2018,,2040,21633884000
Start in 2018,,2041,20617987000
Start in 2018,,2042,19634135000
Start in 2018,,2043,18683135000
Start in 2018,,2044,17765503000
Start in 2018,,2045,16881498000
Start in 2018,,2046,16031158000.000002
Start in 2018,,2047,15214334000
Start in 2018,,2048,14430713000
Start in 2018,,2049,13679847000
Start in 2018,,2050,12961172000
Start in 2018,,2051,12274030000
Start in 2018,,2052,11617683000
Start in 2018,,2053,10991332000
Start in 2018,,2054,10394125000
Start in 2018,,2055,9825174000
Start in 2018,,2056,9283565000
Start in 2018,,2057,8768361000
Start in 2018,,2058,8278617000.000001
Start in 2018,,2059,7813383000
Start in 2018,,2060,7371709000
Start in 2018,,2061,6952654000
Start in 2018,,2062,6555286000
Start in 2018,,2063,6178688000
Start in 2018,,2064,5821958000
Start in 2018,,2065,5484217000
Start in 2018,,2066,5164607000
Start in 2018,,2067,4862290000
Start in 2018,,2068,4576456000
Start in 2018,,2069,4306320000
Start in 2018,,2070,4051122000.0000005
Start in 2018,,2071,3810129000
Start in 2018,,2072,3582635000
Start in 2018,,2073,3367960000
Start in 2018,,2074,3165452000
Start in 2018,,2075,2974486000
Start in 2018,,2076,2794460000
Start in 2018,,2077,2624800000
Start in 2018,,2078,2464958000
Start in 2018,,2079,2314408000
Start in 2018,,2080,2172650000
Start in 2018,,2081,2039206000
Start in 2018,,2082,1913622000
Start in 2018,,2083,1795465000
Start in 2018,,2084,1684322000
Start in 2018,,2085,1579803000
Start in 2018,,2086,1481534000
Start in 2018,,2087,1389163000
Start in 2018,,2088,1302355000
Start in 2018,,2089,1220792000
Start in 2018,,2090,1144172000
Start in 2018,,2091,1072211000
Start in 2018,,2092,1004637999.9999999
Start in 2018,,2093,941197000
Start in 2018,,2094,881647000
Start in 2018,,2095,825760000
Start in 2018,,2096,773318000
Start in 2018,,2097,724118000
Start in 2018,,2098,677967000
Start in 2018,,2099,634684000
Start in 2018,,2100,594095000
Start in 2019,,2019,42231942000
Start in 2019,,2020,42304614000
Start in 2019,,2021,42114530000
Start in 2019,,2022,41701814000
Start in 2019,,2023,41101962000
Start in 2019,,2024,40346317000
Start in 2019,,2025,39462499000
Start in 2019,,2026,38474792000
Start in 2019,,2027,37404496000
Start in 2019,,2028,36270241000
Start in 2019,,2029,35088275000
Start in 2019,,2030,33872717000
Start in 2019,,2031,32635793000
Start in 2019,,2032,31388040000
Start in 2019,,2033,30138498000
Start in 2019,,2034,28894873000
Start in 2019,,2035,27663696000
Start in 2019,,2036,26450451000
Start in 2019,,2037,25259705000
Start in 2019,,2038,24095210000
Start in 2019,,2039,22960007000
Start in 2019,,2040,21856511000
Start in 2019,,2041,20786589000
Start in 2019,,2042,19751631000
Start in 2019,,2043,18752614000
Start in 2019,,2044,17790153000
Start in 2019,,2045,16864557000.000002
Start in 2019,,2046,15975868000
Start in 2019,,2047,15123903000
Start in 2019,,2048,14308285000
Start in 2019,,2049,13528480000
Start in 2019,,2050,12783818000
Start in 2019,,2051,12073518000
Start in 2019,,2052,11396712000
Start in 2019,,2053,10752461000
Start in 2019,,2054,10139771000
Start in 2019,,2055,9557608000
Start in 2019,,2056,9004909000
Start in 2019,,2057,8480594000
Start in 2019,,2058,7983574000
Start in 2019,,2059,7512758000
Start in 2019,,2060,7067062000
Start in 2019,,2061,6645413000
Start in 2019,,2062,6246755000
Start in 2019,,2063,5870049000
Start in 2019,,2064,5514282000
Start in 2019,,2065,5178465000
Start in 2019,,2066,4861639000
Start in 2019,,2067,4562872000
Start in 2019,,2068,4281263000
Start in 2019,,2069,4015944000
Start in 2019,,2070,3766078000
Start in 2019,,2071,3530860000
Start in 2019,,2072,3309517000
Start in 2019,,2073,3101308000
Start in 2019,,2074,2905525000
Start in 2019,,2075,2721490000
Start in 2019,,2076,2548555000
Start in 2019,,2077,2386104000
Start in 2019,,2078,2233547000
Start in 2019,,2079,2090326000.0000002
Start in 2019,,2080,1955908000
Start in 2019,,2081,1829788000
Start in 2019,,2082,1711485000
Start in 2019,,2083,1600544000
Start in 2019,,2084,1496532000
Start in 2019,,2085,1399043000
Start in 2019,,2086,1307687000
Start in 2019,,2087,1222099000
Start in 2019,,2088,1141934000
Start in 2019,,2089,1066862999.9999999
Start in 2019,,2090,996578000
Start in 2019,,2091,930787000
Start in 2019,,2092,869215000
Start in 2019,,2093,811603000
Start in 2019,,2094,757707000
Start in 2019,,2095,707295000
Start in 2019,,2096,660152000
Start in 2019,,2097,616072000
Start in 2019,,2098,574865000
Start in 2019,,2099,536348000.00000006
Start in 2019,,2100,500353000.00000006
Start in 2020,,2020,42231942000
Start in 2020,,2021,42369335000
Start in 2020,,2022,42207753000
Start in 2020,,2023,41794699000
Start in 2020,,2024,41171944000
Start in 2020,,2025,40376145000
Start in 2020,,2026,39439397000
Start in 2020,,2027,38389735000
Start in 2020,,2028,37251577000
Start in 2020,,2029,36046129000
Start in 2020,,2030,34791742000
Start in 2020,,2031,33504238000
Start in 2020,,2032,32197198999.999996
Start in 2020,,2033,30882224000
Start in 2020,,2034,29569162000
Start in 2020,,2035,28266320000
Start in 2020,,2036,26980648000
Start in 2020,,2037,25717902000
Start in 2020,,2038,24482797000
Start in 2020,,2039,23279130000
Start in 2020,,2040,22109906000
Start in 2020,,2041,20977436000
Start in 2020,,2042,19883430000
Start in 2020,,2043,18829083000
Start in 2020,,2044,17815142000
Start in 2020,,2045,16841974000
Start in 2020,,2046,15909623000
Start in 2020,,2047,15017857000
Start in 2020,,2048,14166215000
Start in 2020,,2049,13354044000
Start in 2020,,2050,12580535000
Start in 2020,,2051,11844750000
Start in 2020,,2052,11145651000
Start in 2020,,2053,10482119000
Start in 2020,,2054,9852977000
Start in 2020,,2055,9257005000
Start in 2020,,2056,8692957000
Start in 2020,,2057,8159568000
Start in 2020,,2058,7655571000
Start in 2020,,2059,7179703000
Start in 2020,,2060,6730712000
Start in 2020,,2061,6307365000
Start in 2020,,2062,5908453000
Start in 2020,,2063,5532794000
Start in 2020,,2064,5179236000
Start in 2020,,2065,4846664000
Start in 2020,,2066,4533997000
Start in 2020,,2067,4240191000.0000005
Start in 2020,,2068,3964241000
Start in 2020,,2069,3705183000
Start in 2020,,2070,3462088000
Start in 2020,,2071,3234072000
Start in 2020,,2072,3020284000
Start in 2020,,2073,2819917000
Start in 2020,,2074,2632197000
Start in 2020,,2075,2456391000
Start in 2020,,2076,2291799000
Start in 2020,,2077,2137757999.9999998
Start in 2020,,2078,1993639000
Start in 2020,,2079,1858844000
Start in 2020,,2080,1732809000
Start in 2020,,2081,1614997000
Start in 2020,,2082,1504905000
Start in 2020,,2083,1402054000
Start in 2020,,2084,1305993000
Start in 2020,,2085,1216296000
Start in 2020,,2086,1132564000
Start in 2020,,2087,1054416999.9999999
Start in 2020,,2088,981501000
Start in 2020,,2089,913481000
Start in 2020,,2090,850041000
Start in 2020,,2091,790887000
Start in 2020,,2092,735739000
Start in 2020,,2093,684337000
Start in 2020,,2094,636436000
Start in 2020,,2095,591806000
Start in 2020,,2096,550231000
Start in 2020,,2097,511509000
Start in 2020,,2098,475450000
Start in 2020,,2099,441877000
Start in 2020,,2100,410625000
Start in 2021,,2021,42231942000
Start in 2021,,2022,42395023000
Start in 2021,,2023,42228845000
Start in 2021,,2024,41787900000
Start in 2021,,2025,41119821000
Start in 2021,,2026,40266155000
Start in 2021,,2027,39263046000
Start in 2021,,2028,38141853000
Start in 2021,,2029,36929704000
Start in 2021,,2030,35649984000
Start in 2021,,2031,34322772999.999996
Start in 2021,,2032,32965243000
Start in 2021,,2033,31591999000
Start in 2021,,2034,30215395000
Start in 2021,,2035,28845809000
Start in 2021,,2036,27491890000
Start in 2021,,2037,26160772000
Start in 2021,,2038,24858274000
Start in 2021,,2039,23589066000
Start in 2021,,2040,22356826000
Start in 2021,,2041,21164372000
Start in 2021,,2042,20013780000
Start in 2021,,2043,18906494000
Start in 2021,,2044,17843411000
Start in 2021,,2045,16824971000.000002
Start in 2021,,2046,15851220000
Start in 2021,,2047,14921881000
Start in 2021,,2048,14036401000
Start in 2021,,2049,13194006000
Start in 2021,,2050,12393739000
Start in 2021,,2051,11634495000
Start in 2021,,2052,10915057000
Start in 2021,,2053,10234121000
Start in 2021,,2054,9590316000
Start in 2021,,2055,8982231000
Start in 2021,,2056,8408427000
Start in 2021,,2057,7867453000
Start in 2021,,2058,7357858000
Start in 2021,,2059,6878203000
Start in 2021,,2060,6427067000
Start in 2021,,2061,6003056000
Start in 2021,,2062,5604806000
Start in 2021,,2063,5230993000
Start in 2021,,2064,4880331000
Start in 2021,,2065,4551576000
Start in 2021,,2066,4243531000
Start in 2021,,2067,3955042000
Start in 2021,,2068,3685006000
Start in 2021,,2069,3432363000
Start in 2021,,2070,3196102000
Start in 2021,,2071,2975260000
Start in 2021,,2072,2768916000
Start in 2021,,2073,2576199000
Start in 2021,,2074,2396279000
Start in 2021,,2075,2228369000
Start in 2021,,2076,2071724000.0000002
Start in 2021,,2077,1925640000
Start in 2021,,2078,1789450000
Start in 2021,,2079,1662526000
Start in 2021,,2080,1544273000
Start in 2021,,2081,1434134000
Start in 2021,,2082,1331581000
Start in 2021,,2083,1236118000
Start in 2021,,2084,1147280000
Start in 2021,,2085,1064629000
Start in 2021,,2086,987754000
Start in 2021,,2087,916268000
Start in 2021,,2088,849810000
Start in 2021,,2089,788041000
Start in 2021,,2090,730642000
Start in 2021,,2091,677316000
Start in 2021,,2092,627786000
Start in 2021,,2093,581789000
Start in 2021,,2094,539083000
Start in 2021,,2095,499440000
Start in 2021,,2096,462647000
Start in 2021,,2097,428506000
Start in 2021,,2098,396831000
Start in 2021,,2099,367449000
Start in 2021,,2100,340199000
Start in 2022,,2022,42231942000
Start in 2022,,2023,42202706000
Start in 2022,,2024,41867267000
Start in 2022,,2025,41278413000
Start in 2022,,2026,40482124000
Start in 2022,,2027,39518354000
Start in 2022,,2028,38421727000
Start in 2022,,2029,37222154000
Start in 2022,,2030,35945392000
Start in 2022,,2031,34613534000
Start in 2022,,2032,33245448000.000004
Start in 2022,,2033,31857169000
Start in 2022,,2034,30462246000
Start in 2022,,2035,29072050000
Start in 2022,,2036,27696050000
Start in 2022,,2037,26342052000
Start in 2022,,2038,25016420000
Start in 2022,,2039,23724262000
Start in 2022,,2040,22469599000
Start in 2022,,2041,21255517000
Start in 2022,,2042,20084294000
Start in 2022,,2043,18957518000
Start in 2022,,2044,17876190000
Start in 2022,,2045,16840810000.000002
Start in 2022,,2046,15851459000
Start in 2022,,2047,14907863000
Start in 2022,,2048,14009458000
Start in 2022,,2049,13155439000
Start in 2022,,2050,12344806000
Start in 2022,,2051,11576403000
Start in 2022,,2052,10848953000
Start in 2022,,2053,10161089000
Start in 2022,,2054,9511374000
Start in 2022,,2055,8898328000
Start in 2022,,2056,8320444000
Start in 2022,,2057,7776201000
Start in 2022,,2058,7264083000
Start in 2022,,2059,6782584000
Start in 2022,,2060,6330223000
Start in 2022,,2061,5905544000
Start in 2022,,2062,5507129000
Start in 2022,,2063,5133597000
Start in 2022,,2064,4783613000
Start in 2022,,2065,4455886000
Start in 2022,,2066,4149174999.9999995
Start in 2022,,2067,3862286000
Start in 2022,,2068,3594076000
Start in 2022,,2069,3343452000
Start in 2022,,2070,3109372000
Start in 2022,,2071,2890842000
Start in 2022,,2072,2686918000
Start in 2022,,2073,2496701000
Start in 2022,,2074,2319342000
Start in 2022,,2075,2154035000
Start in 2022,,2076,2000017000.0000002
Start in 2022,,2077,1856568000
Start in 2022,,2078,1723010000
Start in 2022,,2079,1598700000
Start in 2022,,2080,1483036000
Start in 2022,,2081,1375448000
Start in 2022,,2082,1275403000
Start in 2022,,2083,1182399000
Start in 2022,,2084,1095964000
Start in 2022,,2085,1015655000
Start in 2022,,2086,941058000
Start in 2022,,2087,871784000
Start in 2022,,2088,807468000
Start in 2022,,2089,747771000
Start in 2022,,2090,692372000
Start in 2022,,2091,640974000
Start in 2022,,2092,593298000
Start in 2022,,2093,549085000
Start in 2022,,2094,508089000
Start in 2022,,2095,470086000
Start in 2022,,2096,434864000
Start in 2022,,2097,402225000
Start in 2022,,2098,371984000
Start in 2022,,2099,343972000
Start in 2022,,2100,318028000
Start in 2023,,2023,42231942000
Start in 2023,,2024,42063283000
Start in 2023,,2025,41597051000
Start in 2023,,2026,40886942000
Start in 2023,,2027,39979508000
Start in 2023,,2028,38914992000
Start in 2023,,2029,37728081000
Start in 2023,,2030,36448574000
Start in 2023,,2031,35101972000
Start in 2023,,2032,33710002000.000004
Start in 2023,,2033,32291086000
Start in 2023,,2034,30860757000
Start in 2023,,2035,29432018000
Start in 2023,,2036,28015674000
Start in 2023,,2037,26620614000
Start in 2023,,2038,25254067000
Start in 2023,,2039,23921824000
Start in 2023,,2040,22628434000
Start in 2023,,2041,21377382000
Start in 2023,,2042,20171235000
Start in 2023,,2043,19011783000
Start in 2023,,2044,17900152000
Start in 2023,,2045,16836907000
Start in 2023,,2046,15822143000
Start in 2023,,2047,14855565000
Start in 2023,,2048,13936552000
Start in 2023,,2049,13064220000
Start in 2023,,2050,12237473000
Start in 2023,,2051,11455045000
Start in 2023,,2052,10715539000
Start in 2023,,2053,10017462000
Start in 2023,,2054,9359251000
Start in 2023,,2055,8739296000
Start in 2023,,2056,8155963000
Start in 2023,,2057,7607609000
Start in 2023,,2058,7092594000
Start in 2023,,2059,6609300000
Start in 2023,,2060,6156132000
Start in 2023,,2061,5731531000
Start in 2023,,2062,5333980000
Start in 2023,,2063,4962007000
Start in 2023,,2064,4614189000
Start in 2023,,2065,4289155000
Start in 2023,,2066,3985590000
Start in 2023,,2067,3702233000
Start in 2023,,2068,3437879000
Start in 2023,,2069,3191377000
Start in 2023,,2070,2961633000
Start in 2023,,2071,2747607000
Start in 2023,,2072,2548311000
Start in 2023,,2073,2362812000
Start in 2023,,2074,2190224000
Start in 2023,,2075,2029712000
Start in 2023,,2076,1880487000
Start in 2023,,2077,1741806000
Start in 2023,,2078,1612968000
Start in 2023,,2079,1493316000
Start in 2023,,2080,1382231000
Start in 2023,,2081,1279131000
Start in 2023,,2082,1183471000
Start in 2023,,2083,1094741000
Start in 2023,,2084,1012462000
Start in 2023,,2085,936185000
Start in 2023,,2086,865492000
Start in 2023,,2087,799990000
Start in 2023,,2088,739314000
Start in 2023,,2089,683121000
Start in 2023,,2090,631092000
Start in 2023,,2091,582930000
Start in 2023,,2092,538356000
Start in 2023,,2093,497113000
Start in 2023,,2094,458959000
Start in 2023,,2095,423671000
Start in 2023,,2096,391038000
Start in 2023,,2097,360868000
Start in 2023,,2098,332979000
Start in 2023,,2099,307204000
Start in 2023,,2100,283387000
Start in 2024,,2024,42231942000
Start in 2024,,2025,42047142000
Start in 2024,,2026,41538302000
Start in 2024,,2027,40766664000
Start in 2024,,2028,39784939000
Start in 2024,,2029,38638359000
Start in 2024,,2030,37365608000
Start in 2024,,2031,35999643000
Start in 2024,,2032,34568421000
Start in 2024,,2033,33095540999.999996
Start in 2024,,2034,31600812000
Start in 2024,,2035,30100743000
Start in 2024,,2036,28608993000
Start in 2024,,2037,27136747000
Start in 2024,,2038,25693062000
Start in 2024,,2039,24285162000
Start in 2024,,2040,22918696000
Start in 2024,,2041,21597971000
Start in 2024,,2042,20326149000
Start in 2024,,2043,19105423000
Start in 2024,,2044,17937166000
Start in 2024,,2045,16822064999.999998
Start in 2024,,2046,15760237000
Start in 2024,,2047,14751326000
Start in 2024,,2048,13794589000
Start in 2024,,2049,12888972000
Start in 2024,,2050,12033173000
Start in 2024,,2051,11225696000
Start in 2024,,2052,10464898000
Start in 2024,,2053,9749029000
Start in 2024,,2054,9076266000
Start in 2024,,2055,8444739000
Start in 2024,,2056,7852559000
Start in 2024,,2057,7297834000
Start in 2024,,2058,6778688000
Start in 2024,,2059,6293271000
Start in 2024,,2060,5839774000
Start in 2024,,2061,5416434000
Start in 2024,,2062,5021543000
Start in 2024,,2063,4653450000
Start in 2024,,2064,4310569000
Start in 2024,,2065,3991377000
Start in 2024,,2066,3694420000
Start in 2024,,2067,3418309000
Start in 2024,,2068,3161722000
Start in 2024,,2069,2923406000
Start in 2024,,2070,2702170000
Start in 2024,,2071,2496890000
Start in 2024,,2072,2306504000
Start in 2024,,2073,2130008999.9999998
Start in 2024,,2074,1966461000
Start in 2024,,2075,1814972000
Start in 2024,,2076,1674708000
Start in 2024,,2077,1544887000
Start in 2024,,2078,1424774000
Start in 2024,,2079,1313683000
Start in 2024,,2080,1210969000
Start in 2024,,2081,1116033000
Start in 2024,,2082,1028313000
Start in 2024,,2083,947285000
Start in 2024,,2084,872461000
Start in 2024,,2085,803384000
Start in 2024,,2086,739631000
Start in 2024,,2087,680807000
Start in 2024,,2088,626545000
Start in 2024,,2089,576504000
Start in 2024,,2090,530366000
Start in 2024,,2091,487836000
Start in 2024,,2092,448642000
Start in 2024,,2093,412530000
Start in 2024,,2094,379264000
Start in 2024,,2095,348627000
Start in 2024,,2096,320416000
Start in 2024,,2097,294445000
Start in 2024,,2098,270540000
Start in 2024,,2099,248540000
Start in 2024,,2100,228299000
Start in 2025,,2025,42231942000
Start in 2025,,2026,42028569000
Start in 2025,,2027,41471017000
Start in 2025,,2028,40629551000
Start in 2025,,2029,39564172000
Start in 2025,,2030,38325943000
Start in 2025,,2031,36958157000
Start in 2025,,2032,35497359000
Start in 2025,,2033,33974247000
Start in 2025,,2034,32414459000
Start in 2025,,2035,30839263000
Start in 2025,,2036,29266166000
Start in 2025,,2037,27709438000
Start in 2025,,2038,26180573000
Start in 2025,,2039,24688696000
Start in 2025,,2040,23240909000
Start in 2025,,2041,21842600000
Start in 2025,,2042,20497706000
Start in 2025,,2043,19208941000
Start in 2025,,2044,17978001000
Start in 2025,,2045,16805729000
Start in 2025,,2046,15692266000
Start in 2025,,2047,14637183000
Start in 2025,,2048,13639582000
Start in 2025,,2049,12698196000
Start in 2025,,2050,11811467000
Start in 2025,,2051,10977614000
Start in 2025,,2052,10194691000
Start in 2025,,2053,9460635000
Start in 2025,,2054,8773306000
Start in 2025,,2055,8130523000
Start in 2025,,2056,7530090000
Start in 2025,,2057,6969819000
Start in 2025,,2058,6447552000
Start in 2025,,2059,5961171000
Start in 2025,,2060,5508616000
Start in 2025,,2061,5087886000
Start in 2025,,2062,4697056000
Start in 2025,,2063,4334272000
Start in 2025,,2064,3997761000
Start in 2025,,2065,3685832000
Start in 2025,,2066,3396874000
Start in 2025,,2067,3129359000
Start in 2025,,2068,2881839000
Start in 2025,,2069,2652947000
Start in 2025,,2070,2441393000
Start in 2025,,2071,2245962000
Start in 2025,,2072,2065513000.0000002
Start in 2025,,2073,1898974000
Start in 2025,,2074,1745341000
Start in 2025,,2075,1603675000
Start in 2025,,2076,1473095000
Start in 2025,,2077,1352783000
Start in 2025,,2078,1241973000
Start in 2025,,2079,1139950000
Start in 2025,,2080,1046052000
Start in 2025,,2081,959660000
Start in 2025,,2082,880200000
Start in 2025,,2083,807138000
Start in 2025,,2084,739981000
Start in 2025,,2085,678268000
Start in 2025,,2086,621574000
Start in 2025,,2087,569506000
Start in 2025,,2088,521698000
Start in 2025,,2089,477813000
Start in 2025,,2090,437540000
Start in 2025,,2091,400590000
Start in 2025,,2092,366696000
Start in 2025,,2093,335614000
Start in 2025,,2094,307115000
Start in 2025,,2095,280991000
Start in 2025,,2096,257049000.00000003
Start in 2025,,2097,235111000
Start in 2025,,2098,215013000
Start in 2025,,2099,196605000
Start in 2025,,2100,179747000
Start in 2026,,2026,42231942000
Start in 2026,,2027,42007049000
Start in 2026,,2028,41393459000
Start in 2026,,2029,40472318000
Start in 2026,,2030,39312315000
Start in 2026,,2031,37971369000
Start in 2026,,2032,36498107000
Start in 2026,,2033,34933156000
Start in 2026,,2034,33310263000
Start in 2026,,2035,31657274000
Start in 2026,,2036,29996983000
Start in 2026,,2037,28347870000
Start in 2026,,2038,26724742000
Start in 2026,,2039,25139288000
Start in 2026,,2040,23600559000
Start in 2026,,2041,22115384000
Start in 2026,,2042,20688725000
Start in 2026,,2043,19323986000
Start in 2026,,2044,18023282000
Start in 2026,,2045,16787659000.000002
Start in 2026,,2046,15617294000
Start in 2026,,2047,14511659000
Start in 2026,,2048,13469661000
Start in 2026,,2049,12489764000
Start in 2026,,2050,11570087000
Start in 2026,,2051,10708495000
Start in 2026,,2052,9902665000
Start in 2026,,2053,9150147000
Start in 2026,,2054,8448416000
Start in 2026,,2055,7794910000
Start in 2026,,2056,7187065000
Start in 2026,,2057,6622341000
Start in 2026,,2058,6098242000
Start in 2026,,2059,5612337000
Start in 2026,,2060,5162269000
Start in 2026,,2061,4745766000
Start in 2026,,2062,4360650000
Start in 2026,,2063,4004838000.0000005
Start in 2026,,2064,3676347000
Start in 2026,,2065,3373295000
Start in 2026,,2066,3093900000
Start in 2026,,2067,2836482000
Start in 2026,,2068,2599455000
Start in 2026,,2069,2381332000
Start in 2026,,2070,2180715000
Start in 2026,,2071,1996299000
Start in 2026,,2072,1826859000
Start in 2026,,2073,1671255000
Start in 2026,,2074,1528423000
Start in 2026,,2075,1397373000
Start in 2026,,2076,1277185000
Start in 2026,,2077,1167002000
Start in 2026,,2078,1066033000
Start in 2026,,2079,973540000
Start in 2026,,2080,888844000
Start in 2026,,2081,811314000
Start in 2026,,2082,740368000
Start in 2026,,2083,675467000
Start in 2026,,2084,616116000
Start in 2026,,2085,561856000
Start in 2026,,2086,512265000
Start in 2026,,2087,466953000
Start in 2026,,2088,425564000
Start in 2026,,2089,387767000
Start in 2026,,2090,353260000
Start in 2026,,2091,321763000
Start in 2026,,2092,293022000
Start in 2026,,2093,266801000
Start in 2026,,2094,242885000
Start in 2026,,2095,221075000
Start in 2026,,2096,201192000
Start in 2026,,2097,183067000
Start in 2026,,2098,166550000
Start in 2026,,2099,151500000
Start in 2026,,2100,137789000
Start in 2027,,2027,42231942000
Start in 2027,,2028,41981926000
Start in 2027,,2029,41303429000
Start in 2027,,2030,40290847000
Start in 2027,,2031,39023295000
Start in 2027,,2032,37566799000
Start in 2027,,2033,35976190000
Start in 2027,,2034,34296740000
Start in 2027,,2035,32565576999.999996
Start in 2027,,2036,30812914000
Start in 2027,,2037,29063098000
Start in 2027,,2038,27335520000
Start in 2027,,2039,25645395000
Start in 2027,,2040,24004434000
Start in 2027,,2041,22421419000
Start in 2027,,2042,20902696000
Start in 2027,,2043,19452592000
Start in 2027,,2044,18073776000
Start in 2027,,2045,16767565999.999998
Start in 2027,,2046,15534183000
Start in 2027,,2047,14372972000
Start in 2027,,2048,13282589000
Start in 2027,,2049,12261151000
Start in 2027,,2050,11306372000
Start in 2027,,2051,10415666000
Start in 2027,,2052,9586238000
Start in 2027,,2053,8815161000
Start in 2027,,2054,8099432000
Start in 2027,,2055,7436026000
Start in 2027,,2056,6821931000
Start in 2027,,2057,6254182000
Start in 2027,,2058,5729885000
Start in 2027,,2059,5246235000
Start in 2027,,2060,4800531000
Start in 2027,,2061,4390185000
Start in 2027,,2062,4012729000
Start in 2027,,2063,3665818000
Start in 2027,,2064,3347234000
Start in 2027,,2065,3054883000
Start in 2027,,2066,2786796000
Start in 2027,,2067,2541125000
Start in 2027,,2068,2316141000
Start in 2027,,2069,2110227000
Start in 2027,,2070,1921875000
Start in 2027,,2071,1749685000
Start in 2027,,2072,1592351000
Start in 2027,,2073,1448666000
Start in 2027,,2074,1317508000
Start in 2027,,2075,1197840000
Start in 2027,,2076,1088705000
Start in 2027,,2077,989217000
Start in 2027,,2078,898561000
Start in 2027,,2079,815986000
Start in 2027,,2080,740799000
Start in 2027,,2081,672364000
Start in 2027,,2082,610096000
Start in 2027,,2083,553459000
Start in 2027,,2084,501961000
Start in 2027,,2085,455150000
Start in 2027,,2086,412611000
Start in 2027,,2087,373967000
Start in 2027,,2088,338871000
Start in 2027,,2089,307006000
Start in 2027,,2090,278081000
Start in 2027,,2091,251832999.99999997
Start in 2027,,2092,228020000
Start in 2027,,2093,206420000
Start in 2027,,2094,186834000
Start in 2027,,2095,169076000
Start in 2027,,2096,152980000
Start in 2027,,2097,138394000
Start in 2027,,2098,125178000.00000001
Start in 2027,,2099,113207000
Start in 2027,,2100,102364000
Start in 2028,,2028,42231942000
Start in 2028,,2029,41952346000
Start in 2028,,2030,41198109000
Start in 2028,,2031,40079910000
Start in 2028,,2032,38689490000
Start in 2028,,2033,37102524000
Start in 2028,,2034,35381072000
Start in 2028,,2035,33575693000
Start in 2028,,2036,31727246000
Start in 2028,,2037,29868439000
Start in 2028,,2038,28025146000
Start in 2028,,2039,26217535000
Start in 2028,,2040,24461023000
Start in 2028,,2041,22767094000
Start in 2028,,2042,21143991000
Start in 2028,,2043,19597298000
Start in 2028,,2044,18130438000
Start in 2028,,2045,16745088000
Start in 2028,,2046,15441531000
Start in 2028,,2047,14218946000
Start in 2028,,2048,13075659000
Start in 2028,,2049,12009340000
Start in 2028,,2050,11017177000
Start in 2028,,2051,10096012000
Start in 2028,,2052,9242454000
Start in 2028,,2053,8452976000
Start in 2028,,2054,7723983000
Start in 2028,,2055,7051879000
Start in 2028,,2056,6433107000
Start in 2028,,2057,5864188000
Start in 2028,,2058,5341751000
Start in 2028,,2059,4862549000
Start in 2028,,2060,4423478000
Start in 2028,,2061,4021582000.0000005
Start in 2028,,2062,3654062000
Start in 2028,,2063,3318277000
Start in 2028,,2064,3011746000
Start in 2028,,2065,2732141000
Start in 2028,,2066,2477290000
Start in 2028,,2067,2245165000
Start in 2028,,2068,2033883000
Start in 2028,,2069,1841695000
Start in 2028,,2070,1666984000
Start in 2028,,2071,1508251000
Start in 2028,,2072,1364115000
Start in 2028,,2073,1233304000
Start in 2028,,2074,1114645000
Start in 2028,,2075,1007061000
Start in 2028,,2076,909565000
Start in 2028,,2077,821248000
Start in 2028,,2078,741281000
Start in 2028,,2079,668905000
Start in 2028,,2080,603424000
Start in 2028,,2081,544203000
Start in 2028,,2082,490664000
Start in 2028,,2083,442278000
Start in 2028,,2084,398565000
Start in 2028,,2085,359085000
Start in 2028,,2086,323440000
Start in 2028,,2087,291268000
Start in 2028,,2088,262237000
Start in 2028,,2089,236050000
Start in 2028,,2090,212433000
Start in 2028,,2091,191141000
Start in 2028,,2092,171949000
Start in 2028,,2093,154655000
Start in 2028,,2094,139074000
Start in 2028,,2095,125040000.00000001
Start in 2028,,2096,112403000
Start in 2028,,2097,101025000
Start in 2028,,2098,90784000
Start in 2028,,2099,81568000
Start in 2028,,2100,73276000