Entity,Code,EntityScenario,Year,pcgdpthousand2005usd,pcgdpgrowth
World,OWID_WRL,World Observations,1960,4.025628413370121,NA
World,OWID_WRL,World Observations,1961,4.090533645926896,1.5994411090972216
World,OWID_WRL,World Observations,1962,4.230234102151382,3.3581897504768143
World,OWID_WRL,World Observations,1963,4.369918913557794,3.2487118860413444
World,OWID_WRL,World Observations,1964,4.575451969697598,4.5961031353272785
World,OWID_WRL,World Observations,1965,4.721319896983614,3.138291465846832
World,OWID_WRL,World Observations,1966,4.874120012430984,3.185117818814698
World,OWID_WRL,World Observations,1967,4.961123264399685,1.7692601809007558
World,OWID_WRL,World Observations,1968,5.1266901036713,3.282806729200738
World,OWID_WRL,World Observations,1969,5.316242026852886,3.6306420829231634
World,OWID_WRL,World Observations,1970,5.4694376226003785,2.8409132108109914
World,OWID_WRL,World Observations,1971,5.579476882180724,1.9919223361742455
World,OWID_WRL,World Observations,1972,5.741087035570437,2.855354813536981
World,OWID_WRL,World Observations,1973,6.0015832726870775,4.437474177858047
World,OWID_WRL,World Observations,1974,6.02085221240078,0.32054996239314626
World,OWID_WRL,World Observations,1975,6.014077252403813,-0.11258829114784152
World,OWID_WRL,World Observations,1976,6.177450777913735,2.680276097491441
World,OWID_WRL,World Observations,1977,6.321515617355615,2.305330139425932
World,OWID_WRL,World Observations,1978,6.495995030031786,2.7226845496790997
World,OWID_WRL,World Observations,1979,6.628561161233099,2.020192344602312
World,OWID_WRL,World Observations,1980,6.6650847250248395,0.5494904257791422
World,OWID_WRL,World Observations,1981,6.667907850425301,0.04234796391997531
World,OWID_WRL,World Observations,1982,6.6277388031056255,-0.6042454434130651
World,OWID_WRL,World Observations,1983,6.693245505553882,0.98351937024778735
World,OWID_WRL,World Observations,1984,6.88744516233893,2.860132814734162
World,OWID_WRL,World Observations,1985,7.009574366938226,1.7576768683479127
World,OWID_WRL,World Observations,1986,7.123727709114865,1.6154161847978132
World,OWID_WRL,World Observations,1987,7.261279359877219,1.9124890612551626
World,OWID_WRL,World Observations,1988,7.435556827980248,2.371743622895761
World,OWID_WRL,World Observations,1989,7.541747831220735,1.4180493101344283
World,OWID_WRL,World Observations,1990,7.55230033839951,0.13982344271625813
World,OWID_WRL,World Observations,1991,7.5299374694356676,-0.29654184141638673
World,OWID_WRL,World Observations,1992,7.531530651974029,0.021155740349598773
World,OWID_WRL,World Observations,1993,7.538029331558042,0.08624910075640813
World,OWID_WRL,World Observations,1994,7.6334431481219,1.2578222008874373
World,OWID_WRL,World Observations,1995,7.757223703395298,1.608549199364262
World,OWID_WRL,World Observations,1996,7.935898461404698,2.277207521976221
World,OWID_WRL,World Observations,1997,8.128185450666601,2.394113162994538
World,OWID_WRL,World Observations,1998,8.21574532609659,1.071476798649229
World,OWID_WRL,World Observations,1999,8.390061965087211,2.0995431205016235
World,OWID_WRL,World Observations,2000,8.671707568793083,3.3017816777648257
World,OWID_WRL,World Observations,2001,8.759039969251996,1.0020583573502329
World,OWID_WRL,World Observations,2002,8.883140671920827,1.406886735321633
World,OWID_WRL,World Observations,2003,9.100003471577965,2.4119621270143554
World,OWID_WRL,World Observations,2004,9.44345638416063,3.7047260518723313
World,OWID_WRL,World Observations,2005,9.752652514909888,3.2217245287831986
World,OWID_WRL,World Observations,2006,10.128439619505011,3.78079699876519
World,OWID_WRL,World Observations,2007,10.52296172110244,3.8212429301911044
World,OWID_WRL,World Observations,2008,10.672044055703136,1.4067917211903147
World,OWID_WRL,World Observations,2009,10.473291525421189,-1.87992650153741
World,OWID_WRL,World Observations,2010,10.871431519969713,3.7310034724117536
World,OWID_WRL,World Observations,2011,11.160891985909993,2.627749378045463
World,OWID_WRL,World Observations,2012,11.37967271407612,1.9412787725315184
World,OWID_WRL,World Observations,2013,11.617318324370098,2.0668275217098575
World,OWID_WRL,World Observations,2014,11.878459652126015,2.222970286165493
World,OWID_WRL,World Observations,2015,12.138921974157011,2.169033557950728
World,OWID_WRL,World Observations,2016,12.389121607615525,2.04018156631256
World,OWID_WRL,World Observations,2017,12.712517976611688,2.5768377604356907
World,OWID_WRL,World Observations,2018,13.020854023675518,2.3965052382434404
World,OWID_WRL,World Observations,2019,13.23877537789097,1.6597824268493433
World,OWID_WRL,World Observations,2020,12.674289912936752,-4.357452685408969
World,WBGroups,World SSP1,2017,13.24988530993077,NA
World,WBGroups,World SSP1,2018,13.746328041181405,3.678284035703472
World,WBGroups,World SSP1,2019,14.259889487302754,3.667892822008101
World,WBGroups,World SSP1,2020,14.790569648294813,3.6539126637213037
World,WBGroups,World SSP1,2021,15.355487239028296,3.7483093254740307
World,WBGroups,World SSP1,2022,15.928964187197133,3.6666214023509447
World,WBGroups,World SSP1,2023,16.528119207672038,3.6924025786263748
World,WBGroups,World SSP1,2024,17.1358335855823,3.610867744665125
World,WBGroups,World SSP1,2025,17.786344750669343,3.725921178400693
World,WBGroups,World SSP1,2026,18.471093345497803,3.777597415890721
World,WBGroups,World SSP1,2027,19.172960655196977,3.72939990310055
World,WBGroups,World SSP1,2028,19.900506037202224,3.7244173172371386
World,WBGroups,World SSP1,2029,20.65372949151353,3.7150747603575063
World,WBGroups,World SSP1,2030,21.43263101813091,3.701866659495723
World,WBGroups,World SSP1,2031,22.228651259618996,3.64674794427593
World,WBGroups,World SSP1,2032,23.0417902159778,3.592747910187022
World,WBGroups,World SSP1,2033,23.872047887207312,3.539869686287034
World,WBGroups,World SSP1,2034,24.71086491587218,3.4534792035446404
World,WBGroups,World SSP1,2035,25.566800659407757,3.4051638553174612
World,WBGroups,World SSP1,2036,26.431295760378692,3.3254092928556744
World,WBGroups,World SSP1,2037,27.29579086134963,3.2183755865391017
World,WBGroups,World SSP1,2038,28.177404677191277,3.1787894786902804
World,WBGroups,World SSP1,2039,29.06757785046828,3.110298563427749
World,WBGroups,World SSP1,2040,29.966310381180634,3.045037352342783
World,WBGroups,World SSP1,2041,30.87360226932835,2.982775994887321
World,WBGroups,World SSP1,2042,31.789453514911422,2.923306100911205
World,WBGroups,World SSP1,2043,32.713864117929845,2.866438288756701
World,WBGroups,World SSP1,2044,33.63827472094827,2.786558006308848
World,WBGroups,World SSP1,2045,34.5626853239667,2.711009400947617
World,WBGroups,World SSP1,2046,35.48709592698513,2.639449412294237
World,WBGroups,World SSP1,2047,36.4200658874389,2.5950748011749347
World,WBGroups,World SSP1,2048,37.353035847892684,2.5294305945486872
World,WBGroups,World SSP1,2049,38.294565165781826,2.4893795097113536
World,WBGroups,World SSP1,2050,39.23609448367097,2.4289116344500705
World,WBGroups,World SSP1,2051,40.186183158995455,2.3926133247787806
World,WBGroups,World SSP1,2052,41.1448311917553,2.357507625159716
World,WBGroups,World SSP1,2053,42.10347922451515,2.303206890137899
World,WBGroups,World SSP1,2054,43.07924597214571,2.291096998102038
World,WBGroups,World SSP1,2055,44.072131434646984,2.278629326978132
World,WBGroups,World SSP1,2056,45.08213561201897,2.2658419437248334
World,WBGroups,World SSP1,2057,46.10069914682631,2.2342053888154467
World,WBGroups,World SSP1,2058,47.13638139650436,2.2217015890937386
World,WBGroups,World SSP1,2059,48.18918236105312,2.208943187125456
World,WBGroups,World SSP1,2060,49.25910204047259,2.195960002224684
World,WBGroups,World SSP1,2061,50.33758107732743,2.1657773303973116
World,WBGroups,World SSP1,2062,51.42461947161761,2.136509898401462
World,WBGroups,World SSP1,2063,52.528776580778505,2.1244108945126516
World,WBGroups,World SSP1,2064,53.641493047374766,2.096174783557858
World,WBGroups,World SSP1,2065,54.76276887140637,2.068767028478735
World,WBGroups,World SSP1,2066,55.9011634103087,2.057462939319432
World,WBGroups,World SSP1,2067,57.039557949211016,2.015983394402099
World,WBGroups,World SSP1,2068,58.186511845548694,1.9908546409382666
World,WBGroups,World SSP1,2069,59.342025099321724,1.966416868642984
World,WBGroups,World SSP1,2070,60.506097710530106,1.942640722846356
World,WBGroups,World SSP1,2071,61.670170321738496,1.905620226266791
World,WBGroups,World SSP1,2072,62.834242932946886,1.8699843677159045
World,WBGroups,World SSP1,2073,64.015434259026,1.862402008088626
World,WBGroups,World SSP1,2074,65.20518494254044,1.8414774846881699
World,WBGroups,World SSP1,2075,66.41205434092561,1.833959185540035
World,WBGroups,World SSP1,2076,67.63604245418148,1.8262432077386315
World,WBGroups,World SSP1,2077,68.87714928230808,1.8183459174797356
World,WBGroups,World SSP1,2078,70.12681546787003,1.7980779995681928
World,WBGroups,World SSP1,2079,71.40215972573804,1.802286461507574
World,WBGroups,World SSP1,2080,72.6860633410414,1.782154806625602
World,WBGroups,World SSP1,2081,73.97852631378014,1.7625200929491491
World,WBGroups,World SSP1,2082,75.29666735882492,1.7661009500035796
World,WBGroups,World SSP1,2083,76.61480840386972,1.7354503618264516
World,WBGroups,World SSP1,2084,77.95862752122058,1.738789031269139
World,WBGroups,World SSP1,2085,79.31956535344214,1.7306554403060836
World,WBGroups,World SSP1,2086,80.68906254309907,1.711820980945955
World,WBGroups,World SSP1,2087,82.08423780506207,1.7142976481333783
World,WBGroups,World SSP1,2088,83.48797242446042,1.6956568392513915
World,WBGroups,World SSP1,2089,84.91738511616484,1.6976265379904376
World,WBGroups,World SSP1,2090,86.36391652273997,1.6891111697751704
World,WBGroups,World SSP1,2091,87.81900728675045,1.670800537710626
World,WBGroups,World SSP1,2092,89.27409805076093,1.6433429270057864
World,WBGroups,World SSP1,2093,90.81478238912497,1.711068361321022
World,WBGroups,World SSP1,2094,92.26987315313546,1.5895612854959218
World,WBGroups,World SSP1,2095,93.81055749149951,1.655971603901829
World,WBGroups,World SSP1,2096,95.35124182986355,1.6289952979269273
World,WBGroups,World SSP1,2097,96.8919261682276,1.602883827589885
World,WBGroups,World SSP1,2098,98.43261050659163,1.5775962594166693
World,WBGroups,World SSP1,2099,99.97329484495567,1.5530942030877348
World,WBGroups,World SSP1,2100,101.59957275767329,1.6136231221495656
World,WBGroups,World SSP2,2017,13.24988530993077,NA
World,WBGroups,World SSP2,2018,13.712090611439983,3.4289073478632304
World,WBGroups,World SSP2,2019,14.182855270384552,3.3755889798258387
World,WBGroups,World SSP2,2020,14.662179286764475,3.323748089755707
World,WBGroups,World SSP2,2021,15.141503303144402,3.2168195835665436
World,WBGroups,World SSP2,2022,15.620827319524325,3.116557185680646
World,WBGroups,World SSP2,2023,16.100151335904247,3.0223563284438537
World,WBGroups,World SSP2,2024,16.562356637413462,2.8303776162851957
World,WBGroups,World SSP2,2025,17.03312129635803,2.802731225465571
World,WBGroups,World SSP2,2026,17.512445312737956,2.7752028793033734
World,WBGroups,World SSP2,2027,17.99176932911788,2.700260492532447
World,WBGroups,World SSP2,2028,18.46253398806245,2.5829094952260157
World,WBGroups,World SSP2,2029,18.933298647007017,2.517871625306878
World,WBGroups,World SSP2,2030,19.39550394851623,2.411907894572618
World,WBGroups,World SSP2,2031,19.857709250025444,2.355102307240431
World,WBGroups,World SSP2,2032,20.3113551940993,2.2587791775407595
World,WBGroups,World SSP2,2033,20.765001138173158,2.2088833068232283
World,WBGroups,World SSP2,2034,21.22720643968237,2.201474965503225
World,WBGroups,World SSP2,2035,21.689411741191584,2.154052172205656
World,WBGroups,World SSP2,2036,22.151617042700796,2.10862947397068
World,WBGroups,World SSP2,2037,22.622381701645363,2.1029258983497723
World,WBGroups,World SSP2,2038,23.101705718025286,2.096669841371579
World,WBGroups,World SSP2,2039,23.581029734405213,2.0536108569010114
World,WBGroups,World SSP2,2040,24.060353750785136,2.0122849319517133
World,WBGroups,World SSP2,2041,24.54823712460042,2.007463081297889
World,WBGroups,World SSP2,2042,25.0361204984157,1.9679557946445936
World,WBGroups,World SSP2,2043,25.532563229666334,1.9635024848791538
World,WBGroups,World SSP2,2044,26.03756531835233,1.9585688304490034
World,WBGroups,World SSP2,2045,26.534008049602964,1.8886917653999191
World,WBGroups,World SSP2,2046,27.039010138288955,1.8853410328847797
World,WBGroups,World SSP2,2047,27.552571584410302,1.8815230496722624
World,WBGroups,World SSP2,2048,28.06613303053165,1.8467745545840408
World,WBGroups,World SSP2,2049,28.579694476653,1.813286309900608
World,WBGroups,World SSP2,2050,29.110374637645055,1.8398145063541094
World,WBGroups,World SSP2,2051,29.641054798637118,1.8065759395226255
World,WBGroups,World SSP2,2052,30.18029431706453,1.8028818555393844
World,WBGroups,World SSP2,2053,30.736652550362656,1.8266631268267108
World,WBGroups,World SSP2,2054,31.30157014109614,1.821242392329836
World,WBGroups,World SSP2,2055,31.883606446700334,1.8423712664278558
World,WBGroups,World SSP2,2056,32.474202109739885,1.8354019681299683
World,WBGroups,World SSP2,2057,33.0904758450855,1.8799509273316861
World,WBGroups,World SSP2,2058,33.715308937866475,1.8706503202629676
World,WBGroups,World SSP2,2059,34.35726074551816,1.8861366385377831
World,WBGroups,World SSP2,2060,35.0077719106052,1.8756719680563805
World,WBGroups,World SSP2,2061,35.67540179056295,1.8891334396355486
World,WBGroups,World SSP2,2062,36.360150385391414,1.9011979488571917
World,WBGroups,World SSP2,2063,37.06201769509059,1.911925807476056
World,WBGroups,World SSP2,2064,37.77244436222512,1.8987188273011935
World,WBGroups,World SSP2,2065,38.49998974423036,1.9078123249713475
World,WBGroups,World SSP2,2066,39.23609448367097,1.8939125875314655
World,WBGroups,World SSP2,2067,39.98931793798227,1.901526611348725
World,WBGroups,World SSP2,2068,40.751100749728934,1.8870484686456024
World,WBGroups,World SSP2,2069,41.530002276346316,1.8933260869422153
World,WBGroups,World SSP2,2070,42.3260225178344,1.8985973992871497
World,WBGroups,World SSP2,2071,43.13060211675785,1.8830684623785565
World,WBGroups,World SSP2,2072,43.94374107311665,1.8677432750487721
World,WBGroups,World SSP2,2073,44.773998744346166,1.8717381939525435
World,WBGroups,World SSP2,2074,45.62137513044638,1.874877378927886
World,WBGroups,World SSP2,2075,46.48587023141732,1.877204087495521
World,WBGroups,World SSP2,2076,47.36748404725897,1.8787602312026142
World,WBGroups,World SSP2,2077,48.26621657797133,1.8795863460310702
World,WBGroups,World SSP2,2078,49.17350846611904,1.862316647567397
World,WBGroups,World SSP2,2079,50.10647842657282,1.8795276968975205
World,WBGroups,World SSP2,2080,51.056567101897315,1.878386728018544
World,WBGroups,World SSP2,2081,52.01521513465717,1.8602097603338752
World,WBGroups,World SSP2,2082,52.99098188228772,1.8585471383876673
World,WBGroups,World SSP2,2083,53.99242670222435,1.8722044563696638
World,WBGroups,World SSP2,2084,55.00243087959634,1.8533591592875265
World,WBGroups,World SSP2,2085,56.038113129274386,1.8654668765287319
World,WBGroups,World SSP2,2086,57.09091409382315,1.8612930468577815
World,WBGroups,World SSP2,2087,58.16083377324262,1.8567187675574637
World,WBGroups,World SSP2,2088,59.247872167532805,1.8517697610045403
World,WBGroups,World SSP2,2089,60.35202927669371,1.8464705523751235
World,WBGroups,World SSP2,2090,61.48186445816067,1.8547672355761158
World,WBGroups,World SSP2,2091,62.62881835449835,1.848328480922845
World,WBGroups,World SSP2,2092,63.79289096570674,1.8416227997663626
World,WBGroups,World SSP2,2093,64.9826416492212,1.8478425408070542
World,WBGroups,World SSP2,2094,66.180951690171,1.8272500038457373
World,WBGroups,World SSP2,2095,67.40493980342688,1.8325623365612387
World,WBGroups,World SSP2,2096,68.64604663155347,1.8245237166726547
World,WBGroups,World SSP2,2097,69.90427217455077,1.8163222497714848
World,WBGroups,World SSP2,2098,71.17961643241878,1.8079725619627673
World,WBGroups,World SSP2,2099,72.47207940515752,1.7994884664374489
World,WBGroups,World SSP2,2100,73.7731017353316,1.7792814005122004
World,WBGroups,World SSP3,2017,13.24988530993077,NA
World,WBGroups,World SSP3,2018,13.67785318169856,3.1789072176547695
World,WBGroups,World SSP3,2019,14.10582105346635,3.080958414319701
World,WBGroups,World SSP3,2020,14.525229567798782,2.9299554764809166
World,WBGroups,World SSP3,2021,14.927519367260507,2.731933923469887
World,WBGroups,World SSP3,2022,15.32124980928687,2.6034294365875787
World,WBGroups,World SSP3,2023,15.68930217900717,2.3738349004904347
World,WBGroups,World SSP3,2024,16.031676476421403,2.158745460438327
World,WBGroups,World SSP3,2025,16.36549141640028,2.060839116725832
World,WBGroups,World SSP3,2026,16.690746998943798,1.9679557946445936
World,WBGroups,World SSP3,2027,16.99888386661661,1.829319304732513
World,WBGroups,World SSP3,2028,17.28134266198335,1.647977370771958
World,WBGroups,World SSP3,2029,17.555242099914736,1.572513975954326
World,WBGroups,World SSP3,2030,17.80346346554005,1.404041462298311
World,WBGroups,World SSP3,2031,18.03456611629466,1.2897241108825508
World,WBGroups,World SSP3,2032,18.248550052178555,1.179537148154619
World,WBGroups,World SSP3,2033,18.44541527319174,1.0730217252112872
World,WBGroups,World SSP3,2034,18.642280494204922,1.06163009550575
World,WBGroups,World SSP3,2035,18.82202700034739,0.9595687061855429
World,WBGroups,World SSP3,2036,19.00177350648986,0.9504484311563921
World,WBGroups,World SSP3,2037,19.181520012632337,0.9414998934601737
World,WBGroups,World SSP3,2038,19.35270716133945,0.8884998477042938
World,WBGroups,World SSP3,2039,19.506775595175856,0.7929556967714468
World,WBGroups,World SSP3,2040,19.66084402901226,0.7867173443413922
World,WBGroups,World SSP3,2041,19.806353105413308,0.7373705064523506
World,WBGroups,World SSP3,2042,19.951862181814356,0.7319731282135589
World,WBGroups,World SSP3,2043,20.080252543344695,0.6414390177663432
World,WBGroups,World SSP3,2044,20.200083547439675,0.5949868806235159
World,WBGroups,World SSP3,2045,20.3113551940993,0.549335841610743
World,WBGroups,World SSP3,2046,20.422626840758927,0.546334622209832
World,WBGroups,World SSP3,2047,20.51677977254784,0.45996317765228945
World,WBGroups,World SSP3,2048,20.61093270433675,0.45785719943269854
World,WBGroups,World SSP3,2049,20.69652627869031,0.41442247460263815
World,WBGroups,World SSP3,2050,20.773560495608514,0.37151745518633206
World,WBGroups,World SSP3,2051,20.85915406996207,0.4111847898605081
World,WBGroups,World SSP3,2052,20.936188286880274,0.3686262621911407
World,WBGroups,World SSP3,2053,21.02178186123383,0.40799730199152506
World,WBGroups,World SSP3,2054,21.098816078152034,0.3657797209757341
World,WBGroups,World SSP3,2055,21.18440965250559,0.40485885260004295
World,WBGroups,World SSP3,2056,21.27000322685915,0.40322635279381736
World,WBGroups,World SSP3,2057,21.364156158648065,0.44167909585892673
World,WBGroups,World SSP3,2058,21.458309090436977,0.4397368668975332
World,WBGroups,World SSP3,2059,21.56102137966125,0.47751781943166094
World,WBGroups,World SSP3,2060,21.663733668885513,0.47524841925139505
World,WBGroups,World SSP3,2061,21.766445958109784,0.4730004876995597
World,WBGroups,World SSP3,2062,21.87771760476941,0.5099050075305644
World,WBGroups,World SSP3,2063,21.988989251429036,0.5073181612458288
World,WBGroups,World SSP3,2064,22.10026089808866,0.5047574296704216
World,WBGroups,World SSP3,2065,22.211532544748287,0.5022224193401481
World,WBGroups,World SSP3,2066,22.331363548843267,0.5380489536739308
World,WBGroups,World SSP3,2067,22.45119455293825,0.5351694730145073
World,WBGroups,World SSP3,2068,22.57102555703323,0.5323206486413046
World,WBGroups,World SSP3,2069,22.69085656112821,0.5295019935738665
World,WBGroups,World SSP3,2070,22.81068756522319,0.5267130310919299
World,WBGroups,World SSP3,2071,22.930518569318174,0.5239532944663949
World,WBGroups,World SSP3,2072,23.05890893084851,0.5583487425700806
World,WBGroups,World SSP3,2073,23.17873993494349,0.5183277061856284
World,WBGroups,World SSP3,2074,23.30713029647383,0.5523858641593993
World,WBGroups,World SSP3,2075,23.435520658004165,0.5493513174634312
World,WBGroups,World SSP3,2076,23.563911019534505,0.5463499294213303
World,WBGroups,World SSP3,2077,23.700860738500197,0.5795018028354804
World,WBGroups,World SSP3,2078,23.829251100030532,0.5402498283348045
World,WBGroups,World SSP3,2079,23.966200818996224,0.5730674708984917
World,WBGroups,World SSP3,2080,24.103150537961916,0.5698021114637797
World,WBGroups,World SSP3,2081,24.24010025692761,0.5665737535677451
World,WBGroups,World SSP3,2082,24.377049975893303,0.5633817718256218
World,WBGroups,World SSP3,2083,24.513999694858995,0.5602255548669888
World,WBGroups,World SSP3,2084,24.650949413824687,0.5571045049455048
World,WBGroups,World SSP3,2085,24.787899132790383,0.5540180375615655
World,WBGroups,World SSP3,2086,24.933408209191427,0.5853003453827554
World,WBGroups,World SSP3,2087,25.08747664302783,0.6160183751457549
World,WBGroups,World SSP3,2088,25.232985719428882,0.5783312598334867
World,WBGroups,World SSP3,2089,25.387054153265286,0.6087269388650451
World,WBGroups,World SSP3,2090,25.54112258710169,0.6050438625774035
World,WBGroups,World SSP3,2091,25.703750378373453,0.6347106659678747
World,WBGroups,World SSP3,2092,25.86637816964521,0.6307074849354333
World,WBGroups,World SSP3,2093,26.029005960916972,0.626754484467984
World,WBGroups,World SSP3,2094,26.191633752188732,0.6228507269061989
World,WBGroups,World SSP3,2095,26.362820900895848,0.6514681021193791
World,WBGroups,World SSP3,2096,26.534008049602964,0.6472514505617255
World,WBGroups,World SSP3,2097,26.70519519831008,0.6430890330290318
World,WBGroups,World SSP3,2098,26.88494170445255,0.6708218735118621
World,WBGroups,World SSP3,2099,27.064688210595023,0.6663518230770826
World,WBGroups,World SSP3,2100,27.24443471673749,0.6619409512675478
World,WBGroups,World SSP4,2017,13.24988530993077,NA
World,WBGroups,World SSP4,2018,13.703531254004629,3.3664658847042617
World,WBGroups,World SSP4,2019,14.174295912949194,3.377662194849007
World,WBGroups,World SSP4,2020,14.645060571893763,3.2672938946988417
World,WBGroups,World SSP4,2021,15.115825230838333,3.1639107271712152
World,WBGroups,World SSP4,2022,15.586589889782902,3.0668698563702357
World,WBGroups,World SSP4,2023,16.05735454872747,2.975604983856206
World,WBGroups,World SSP4,2024,16.519559850236682,2.8378152332761086
World,WBGroups,World SSP4,2025,16.990324509181253,2.8098911222359746
World,WBGroups,World SSP4,2026,17.478207882996532,2.8310805603320333
World,WBGroups,World SSP4,2027,17.957531899376455,2.7054790231631376
World,WBGroups,World SSP4,2028,18.43685591575638,2.6342068760091486
World,WBGroups,World SSP4,2029,18.916179932136306,2.566593679546436
World,WBGroups,World SSP4,2030,19.39550394851623,2.502364707615312
World,WBGroups,World SSP4,2031,19.857709250025444,2.355102307240431
World,WBGroups,World SSP4,2032,20.319914551534655,2.30091105092578
World,WBGroups,World SSP4,2033,20.773560495608514,2.2079630556987695
World,WBGroups,World SSP4,2034,21.22720643968237,2.1602633432426632
World,WBGroups,World SSP4,2035,21.672293026320872,2.075094410503908
World,WBGroups,World SSP4,2036,22.117379612959372,2.0329081638425617
World,WBGroups,World SSP4,2037,22.562466199597875,1.992403071990534
World,WBGroups,World SSP4,2038,22.998993428801022,1.9162712993093578
World,WBGroups,World SSP4,2039,23.42696130056881,1.8437100425187758
World,WBGroups,World SSP4,2040,23.8549291723366,1.810331844126889
World,WBGroups,World SSP4,2041,24.274337686669032,1.742886017007006
World,WBGroups,World SSP4,2042,24.68518684356611,1.678361075282142
World,WBGroups,World SSP4,2043,25.09603600046319,1.6506564601702411
World,WBGroups,World SSP4,2044,25.489766442489557,1.5567150237412175
World,WBGroups,World SSP4,2045,25.88349688451592,1.5328524055469472
World,WBGroups,World SSP4,2046,26.260108611671576,1.444542518772307
World,WBGroups,World SSP4,2047,26.63672033882723,1.423972281113528
World,WBGroups,World SSP4,2048,26.996213351112175,1.3405882224701848
World,WBGroups,World SSP4,2049,27.35570636339712,1.3228539363181469
World,WBGroups,World SSP4,2050,27.715199375682065,1.3055827351415417
World,WBGroups,World SSP4,2051,28.06613303053165,1.2582642607067651
World,WBGroups,World SSP4,2052,28.41706668538124,1.2426285065886056
World,WBGroups,World SSP4,2053,28.768000340230824,1.2273765814571291
World,WBGroups,World SSP4,2054,29.118933995080415,1.212494523070129
World,WBGroups,World SSP4,2055,29.478427007365354,1.227009259181422
World,WBGroups,World SSP4,2056,29.829360662214945,1.1834457647003305
World,WBGroups,World SSP4,2057,30.197413031935245,1.22630939320576
World,WBGroups,World SSP4,2058,30.565465401655544,1.211453046776656
World,WBGroups,World SSP4,2059,30.93351777137584,1.1969523557724848
World,WBGroups,World SSP4,2060,31.30157014109614,1.1827946997207572
World,WBGroups,World SSP4,2061,31.66962251081644,1.1689680482934506
World,WBGroups,World SSP4,2062,32.03767488053674,1.1554609272113492
World,WBGroups,World SSP4,2063,32.41428660769239,1.168671999736537
World,WBGroups,World SSP4,2064,32.78233897741269,1.1290654272896994
World,WBGroups,World SSP4,2065,33.15039134713299,1.1164597340060478
World,WBGroups,World SSP4,2066,33.51844371685329,1.1041324135649067
World,WBGroups,World SSP4,2067,33.886496086573594,1.0920743455729909
World,WBGroups,World SSP4,2068,34.24598909885853,1.0552861751103926
World,WBGroups,World SSP4,2069,34.60548211114347,1.0442660783535729
World,WBGroups,World SSP4,2070,34.964975123428424,1.0334737653332926
World,WBGroups,World SSP4,2071,35.31590877827801,0.9986686337093431
World,WBGroups,World SSP4,2072,35.65828307569224,0.9647928189720378
World,WBGroups,World SSP4,2073,36.00921673054183,0.9793461769603606
World,WBGroups,World SSP4,2074,36.351591027956054,0.946304672274989
World,WBGroups,World SSP4,2075,36.693965325370286,0.9374336284706075
World,WBGroups,World SSP4,2076,37.04489898021988,0.9518353928340328
World,WBGroups,World SSP4,2077,37.39583263506946,0.9428608425118501
World,WBGroups,World SSP4,2078,37.74676628991905,0.9340539489456123
World,WBGroups,World SSP4,2079,38.106259302204,0.9478743954543845
World,WBGroups,World SSP4,2080,38.44863359961823,0.8944603462898382
World,WBGroups,World SSP4,2081,38.79956725446782,0.9085935082515206
World,WBGroups,World SSP4,2082,39.15050090931741,0.9004123641877193
World,WBGroups,World SSP4,2083,39.50143456416699,0.8923772354226145
World,WBGroups,World SSP4,2084,39.85236821901658,0.8844842474321268
World,WBGroups,World SSP4,2085,40.20330187386617,0.8767296615721065
World,WBGroups,World SSP4,2086,40.56279488615111,0.8902135940593414
World,WBGroups,World SSP4,2087,40.92228789843605,0.8823586658515126
World,WBGroups,World SSP4,2088,41.281780910721,0.8746411442868585
World,WBGroups,World SSP4,2089,41.64127392300594,0.8670574551133292
World,WBGroups,World SSP4,2090,42.009326292726236,0.8799811210696618
World,WBGroups,World SSP4,2091,42.37737866244654,0.8723049530621196
World,WBGroups,World SSP4,2092,42.745431032166834,0.864761547829529
World,WBGroups,World SSP4,2093,43.1220427593225,0.8771986072837024
World,WBGroups,World SSP4,2094,43.49009512904279,0.8498914681176473
World,WBGroups,World SSP4,2095,43.86670685619845,0.8622432412876968
World,WBGroups,World SSP4,2096,44.243318583354096,0.8548721189430175
World,WBGroups,World SSP4,2097,44.61993031050976,0.847625957206688
World,WBGroups,World SSP4,2098,44.996542037665414,0.8405016051342251
World,WBGroups,World SSP4,2099,45.37315376482106,0.8334960168357775
World,WBGroups,World SSP4,2100,45.741206134541365,0.8078954228675439
World,WBGroups,World SSP5,2017,13.24988530993077,NA
World,WBGroups,World SSP5,2018,13.763446756052115,3.8027395589239177
World,WBGroups,World SSP5,2019,14.311245631914888,3.9029343905735647
World,WBGroups,World SSP5,2020,14.901841294954439,4.0439146123541825
World,WBGroups,World SSP5,2021,15.535233745170766,4.162580693076201
World,WBGroups,World SSP5,2022,16.20286362512852,4.2077404510371785
World,WBGroups,World SSP5,2023,16.913290292263053,4.291172709849045
World,WBGroups,World SSP5,2024,17.657954389139004,4.308663476343888
World,WBGroups,World SSP5,2025,18.471093345497803,4.502063274682788
World,WBGroups,World SSP5,2026,19.32702908903338,4.529759889152718
World,WBGroups,World SSP5,2027,20.24288033461645,4.629855621642598
World,WBGroups,World SSP5,2028,21.2015283673763,4.627012856332646
World,WBGroups,World SSP5,2029,22.20297318731293,4.61529353870298
World,WBGroups,World SSP5,2030,23.247214794426338,4.595912380219724
World,WBGroups,World SSP5,2031,24.334253188716524,4.5699622972413145
World,WBGroups,World SSP5,2032,25.46408837018349,4.538420632873041
World,WBGroups,World SSP5,2033,26.628160981391876,4.47001789179069
World,WBGroups,World SSP5,2034,27.817911664906333,4.371077842614612
World,WBGroups,World SSP5,2035,29.024781063291496,4.246986680185527
World,WBGroups,World SSP5,2036,30.24876917654738,4.130551075400346
World,WBGroups,World SSP5,2037,31.489876004673967,4.021060222513251
World,WBGroups,World SSP5,2038,32.74810154767127,3.91788948954237
World,WBGroups,World SSP5,2039,34.02344580553928,3.820487708823439
World,WBGroups,World SSP5,2040,35.31590877827801,3.7283666542764493
World,WBGroups,World SSP5,2041,36.6340498233228,3.6644594944645448
World,WBGroups,World SSP5,2042,37.96930958323831,3.580005989441526
World,WBGroups,World SSP5,2043,39.32168805802452,3.4998034778785936
World,WBGroups,World SSP5,2044,40.691185247681446,3.42352646710955
World,WBGroups,World SSP5,2045,42.06924179477373,3.3305384661127757
World,WBGroups,World SSP5,2046,43.45585769930137,3.242878236612734
World,WBGroups,World SSP5,2047,44.85959231869972,3.1791783854771882
World,WBGroups,World SSP5,2048,46.28044565296878,3.118209057983856
World,WBGroups,World SSP5,2049,47.71841770210855,3.05979069463147
World,WBGroups,World SSP5,2050,49.17350846611904,3.0037593954536757
World,WBGroups,World SSP5,2051,50.65427730243559,2.966864267729896
World,WBGroups,World SSP5,2052,52.143605496187504,2.897788105489729
World,WBGroups,World SSP5,2053,53.66717111968083,2.879991961191397
World,WBGroups,World SSP5,2054,55.216414815480235,2.8458802905275693
World,WBGroups,World SSP5,2055,56.79989594102105,2.8274214778092777
World,WBGroups,World SSP5,2056,58.417614496303294,2.80829687428259
World,WBGroups,World SSP5,2057,60.06957048132697,2.7885936089999674
World,WBGroups,World SSP5,2058,61.75576389609206,2.768391506481116
World,WBGroups,World SSP5,2059,63.476194740598565,2.7477636037719577
World,WBGroups,World SSP5,2060,65.2308630148465,2.7267766420425943
World,WBGroups,World SSP5,2061,67.01976871883586,2.705491531873161
World,WBGroups,World SSP5,2062,68.851471210002,2.6963961907694234
World,WBGroups,World SSP5,2063,70.70885177347422,2.6619173669962137
World,WBGroups,World SSP5,2064,72.60046976668784,2.640062547203126
World,WBGroups,World SSP5,2065,74.51776583220754,2.6066172077706895
World,WBGroups,World SSP5,2066,76.46929932746868,2.5851779799820562
World,WBGroups,World SSP5,2067,78.4550702524712,2.563676315700558
World,WBGroups,World SSP5,2068,80.47507860721518,2.5421446515006885
World,WBGroups,World SSP5,2069,82.51220567682986,2.49986760205152
World,WBGroups,World SSP5,2070,84.58357017618596,2.4793811801103516
World,WBGroups,World SSP5,2071,86.7062908201542,2.478639783703418
World,WBGroups,World SSP5,2072,88.84613017899315,2.4379559477150536
World,WBGroups,World SSP5,2073,90.98596953783209,2.3799314616113953
World,WBGroups,World SSP5,2074,93.21140247102461,2.41647445910127
World,WBGroups,World SSP5,2075,95.4368354042171,2.3594560961258892
World,WBGroups,World SSP5,2076,97.74786191176318,2.3926706321736546
World,WBGroups,World SSP5,2077,100.05888841930924,2.3367571256112107
World,WBGroups,World SSP5,2078,102.45550850120887,2.366974408590483
World,WBGroups,World SSP5,2079,104.85212858310848,2.312241742085419
World,WBGroups,World SSP5,2080,107.33434223936166,2.3397598214038418
World,WBGroups,World SSP5,2081,109.81655589561485,2.2862643422771
World,WBGroups,World SSP5,2082,112.38436312622159,2.311350968715953
World,WBGroups,World SSP5,2083,115.03776393118189,2.333564678029898
World,WBGroups,World SSP5,2084,117.69116473614217,2.280348901757634
World,WBGroups,World SSP5,2085,120.34456554110247,2.229506226993916
World,WBGroups,World SSP5,2086,123.16915349476989,2.319963451675733
World,WBGroups,World SSP5,2087,125.99374144843729,2.267359240145339
World,WBGroups,World SSP5,2088,128.8183294021047,2.217087789415473
World,WBGroups,World SSP5,2089,131.72851093012568,2.2339956655903492
World,WBGroups,World SSP5,2090,134.7242860325002,2.2487295138469143
World,WBGroups,World SSP5,2091,137.72006113487473,2.1992718015034107
World,WBGroups,World SSP5,2092,140.80142981160282,2.212751620708975
World,WBGroups,World SSP5,2093,143.96839206268444,2.2243177333420405
World,WBGroups,World SSP5,2094,147.1353543137661,2.1759164849956214
World,WBGroups,World SSP5,2095,150.3879101392013,2.1865082804247926
World,WBGroups,World SSP5,2096,153.72605953899006,2.195416067504752
World,WBGroups,World SSP5,2097,157.06420893877882,2.1482511626525813
World,WBGroups,World SSP5,2098,160.48795191292115,2.1564177915840865
World,WBGroups,World SSP5,2099,163.91169488706348,2.110896321023503
World,WBGroups,World SSP5,2100,167.42103143555934,2.1183948980016076
World,OWID_WRL,World Observations,2010,10.871431519969713,3.7310034724117536
World,OWID_WRL,World Christensen 10th,2011,10.936856669735315,0.6
World,OWID_WRL,World Christensen 10th,2012,11.002675067491923,0.6
World,OWID_WRL,World Christensen 10th,2013,11.068889562739248,0.6
World,OWID_WRL,World Christensen 10th,2014,11.135502539206275,0.6
World,OWID_WRL,World Christensen 10th,2015,11.20251639496735,0.6
World,OWID_WRL,World Christensen 10th,2016,11.269933542528516,0.6
World,OWID_WRL,World Christensen 10th,2017,11.337756408914368,0.6
World,OWID_WRL,World Christensen 10th,2018,11.40598743575542,0.6
World,OWID_WRL,World Christensen 10th,2019,11.474629079376008,0.6
World,OWID_WRL,World Christensen 10th,2020,11.543683810882714,0.6
World,OWID_WRL,World Christensen 10th,2021,11.61315411625333,0.6
World,OWID_WRL,World Christensen 10th,2022,11.683042496426353,0.6
World,OWID_WRL,World Christensen 10th,2023,11.753351467391019,0.6
World,OWID_WRL,World Christensen 10th,2024,11.824083560277874,0.6
World,OWID_WRL,World Christensen 10th,2025,11.895241321449904,0.6
World,OWID_WRL,World Christensen 10th,2026,11.966827312594189,0.6
World,OWID_WRL,World Christensen 10th,2027,12.03884411081415,0.6
World,OWID_WRL,World Christensen 10th,2028,12.111294308722297,0.6
World,OWID_WRL,World Christensen 10th,2029,12.184180514533578,0.6
World,OWID_WRL,World Christensen 10th,2030,12.257505352159276,0.6
World,OWID_WRL,World Christensen 10th,2031,12.331271461301464,0.6
World,OWID_WRL,World Christensen 10th,2032,12.405481497548037,0.6
World,OWID_WRL,World Christensen 10th,2033,12.480138132468316,0.6
World,OWID_WRL,World Christensen 10th,2034,12.555244053709218,0.6
World,OWID_WRL,World Christensen 10th,2035,12.630801965092024,0.6
World,OWID_WRL,World Christensen 10th,2036,12.706814586709703,0.6
World,OWID_WRL,World Christensen 10th,2037,12.78328465502484,0.6
World,OWID_WRL,World Christensen 10th,2038,12.86021492296815,0.6
World,OWID_WRL,World Christensen 10th,2039,12.937608160037597,0.6
World,OWID_WRL,World Christensen 10th,2040,13.015467152398067,0.6
World,OWID_WRL,World Christensen 10th,2041,13.093794702981697,0.6
World,OWID_WRL,World Christensen 10th,2042,13.172593631588763,0.6
World,OWID_WRL,World Christensen 10th,2043,13.25186677498921,0.6
World,OWID_WRL,World Christensen 10th,2044,13.331616987024757,0.6
World,OWID_WRL,World Christensen 10th,2045,13.411847138711657,0.6
World,OWID_WRL,World Christensen 10th,2046,13.49256011834403,0.6
World,OWID_WRL,World Christensen 10th,2047,13.573758831597864,0.6
World,OWID_WRL,World Christensen 10th,2048,13.6554462016356,0.6
World,OWID_WRL,World Christensen 10th,2049,13.737625169211388,0.6
World,OWID_WRL,World Christensen 10th,2050,13.82029869277693,0.6
World,OWID_WRL,World Christensen 10th,2051,13.903469748588009,0.6
World,OWID_WRL,World Christensen 10th,2052,13.98714133081161,0.6
World,OWID_WRL,World Christensen 10th,2053,14.071316451633734,0.6
World,OWID_WRL,World Christensen 10th,2054,14.155998141367823,0.6
World,OWID_WRL,World Christensen 10th,2055,14.24118944856385,0.6
World,OWID_WRL,World Christensen 10th,2056,14.326893440118074,0.6
World,OWID_WRL,World Christensen 10th,2057,14.413113201383451,0.6
World,OWID_WRL,World Christensen 10th,2058,14.499851836280696,0.6
World,OWID_WRL,World Christensen 10th,2059,14.587112467410032,0.6
World,OWID_WRL,World Christensen 10th,2060,14.674898236163605,0.6
World,OWID_WRL,World Christensen 10th,2061,14.763212302838568,0.6
World,OWID_WRL,World Christensen 10th,2062,14.852057846750865,0.6
World,OWID_WRL,World Christensen 10th,2063,14.941438066349669,0.6
World,OWID_WRL,World Christensen 10th,2064,15.031356179332539,0.6
World,OWID_WRL,World Christensen 10th,2065,15.121815422761252,0.6
World,OWID_WRL,World Christensen 10th,2066,15.212819053178345,0.6
World,OWID_WRL,World Christensen 10th,2067,15.304370346724335,0.6
World,OWID_WRL,World Christensen 10th,2068,15.396472599255684,0.6
World,OWID_WRL,World Christensen 10th,2069,15.489129126463427,0.6
World,OWID_WRL,World Christensen 10th,2070,15.582343263992549,0.6
World,OWID_WRL,World Christensen 10th,2071,15.676118367562072,0.6
World,OWID_WRL,World Christensen 10th,2072,15.77045781308585,0.6
World,OWID_WRL,World Christensen 10th,2073,15.865364996794108,0.6
World,OWID_WRL,World Christensen 10th,2074,15.960843335355715,0.6
World,OWID_WRL,World Christensen 10th,2075,16.056896266001168,0.6
World,OWID_WRL,World Christensen 10th,2076,16.15352724664634,0.6
World,OWID_WRL,World Christensen 10th,2077,16.25073975601698,0.6
World,OWID_WRL,World Christensen 10th,2078,16.348537293773912,0.6
World,OWID_WRL,World Christensen 10th,2079,16.44692338063907,0.6
World,OWID_WRL,World Christensen 10th,2080,16.545901558522196,0.6
World,OWID_WRL,World Christensen 10th,2081,16.64547539064839,0.6
World,OWID_WRL,World Christensen 10th,2082,16.74564846168636,0.6
World,OWID_WRL,World Christensen 10th,2083,16.846424377877486,0.6
World,OWID_WRL,World Christensen 10th,2084,16.94780676716563,0.6
World,OWID_WRL,World Christensen 10th,2085,17.049799279327758,0.6
World,OWID_WRL,World Christensen 10th,2086,17.15240558610532,0.6
World,OWID_WRL,World Christensen 10th,2087,17.255629381336444,0.6
World,OWID_WRL,World Christensen 10th,2088,17.359474381088912,0.6
World,OWID_WRL,World Christensen 10th,2089,17.463944323793918,0.6
World,OWID_WRL,World Christensen 10th,2090,17.569042970380693,0.6
World,OWID_WRL,World Christensen 10th,2091,17.674774104411856,0.6
World,OWID_WRL,World Christensen 10th,2092,17.78114153221966,0.6
World,OWID_WRL,World Christensen 10th,2093,17.88814908304299,0.6
World,OWID_WRL,World Christensen 10th,2094,17.99580060916523,0.6
World,OWID_WRL,World Christensen 10th,2095,18.104099986052947,0.6
World,OWID_WRL,World Christensen 10th,2096,18.21305111249541,0.6
World,OWID_WRL,World Christensen 10th,2097,18.322657910744933,0.6
World,OWID_WRL,World Christensen 10th,2098,18.432924326658092,0.6
World,OWID_WRL,World Christensen 10th,2099,18.54385432983777,0.6
World,OWID_WRL,World Christensen 10th,2100,18.655451913776062,0.6
World,OWID_WRL,World Observations,2010,10.871431519969713,3.7310034724117536
World,OWID_WRL,World Christensen 25th,2011,11.020293438538161,1.36
World,OWID_WRL,World Christensen 25th,2012,11.17119322196811,1.36
World,OWID_WRL,World Christensen 25th,2013,11.324159261143992,1.36
World,OWID_WRL,World Christensen 25th,2014,11.479219849100492,1.36
World,OWID_WRL,World Christensen 25th,2015,11.636403666286018,1.36
World,OWID_WRL,World Christensen 25th,2016,11.79573978586751,1.36
World,OWID_WRL,World Christensen 25th,2017,11.95725767910789,1.36
World,OWID_WRL,World Christensen 25th,2018,12.120987220817158,1.36
World,OWID_WRL,World Christensen 25th,2019,12.286958694878118,1.36
World,OWID_WRL,World Christensen 25th,2020,12.455202799847777,1.36
World,OWID_WRL,World Christensen 25th,2021,12.62575065463543,1.36
World,OWID_WRL,World Christensen 25th,2022,12.798633804258511,1.36
World,OWID_WRL,World Christensen 25th,2023,12.973884225677239,1.36
World,OWID_WRL,World Christensen 25th,2024,13.151534333709176,1.36
World,OWID_WRL,World Christensen 25th,2025,13.331616987024757,1.36
World,OWID_WRL,World Christensen 25th,2026,13.51416549422494,1.36
World,OWID_WRL,World Christensen 25th,2027,13.699213620002032,1.36
World,OWID_WRL,World Christensen 25th,2028,13.886795591384923,1.36
World,OWID_WRL,World Christensen 25th,2029,14.076946104069814,1.36
World,OWID_WRL,World Christensen 25th,2030,14.269700328837626,1.36
World,OWID_WRL,World Christensen 25th,2031,14.465093918059285,1.36
World,OWID_WRL,World Christensen 25th,2032,14.6631630122901,1.36
World,OWID_WRL,World Christensen 25th,2033,14.863944246954407,1.36
World,OWID_WRL,World Christensen 25th,2034,15.067474759121769,1.36
World,OWID_WRL,World Christensen 25th,2035,15.273792194375952,1.36
World,OWID_WRL,World Christensen 25th,2036,15.48293471377797,1.36
World,OWID_WRL,World Christensen 25th,2037,15.694941000924448,1.36
World,OWID_WRL,World Christensen 25th,2038,15.909850269102657,1.36
World,OWID_WRL,World Christensen 25th,2039,16.127702268543516,1.36
World,OWID_WRL,World Christensen 25th,2040,16.348537293773912,1.36
World,OWID_WRL,World Christensen 25th,2041,16.572396191069682,1.36
World,OWID_WRL,World Christensen 25th,2042,16.79932036601066,1.36
World,OWID_WRL,World Christensen 25th,2043,17.029351791139177,1.36
World,OWID_WRL,World Christensen 25th,2044,17.262533013723413,1.36
World,OWID_WRL,World Christensen 25th,2045,17.498907163627063,1.36
World,OWID_WRL,World Christensen 25th,2046,17.738517961286764,1.36
World,OWID_WRL,World Christensen 25th,2047,17.981409725798756,1.36
World,OWID_WRL,World Christensen 25th,2048,18.227627383116253,1.36
World,OWID_WRL,World Christensen 25th,2049,18.477216474359086,1.36
World,OWID_WRL,World Christensen 25th,2050,18.730223164237113,1.36
World,OWID_WRL,World Christensen 25th,2051,18.98669424958899,1.36
World,OWID_WRL,World Christensen 25th,2052,19.24667716803782,1.36
World,OWID_WRL,World Christensen 25th,2053,19.510220006765383,1.36
World,OWID_WRL,World Christensen 25th,2054,19.777371511406454,1.36
World,OWID_WRL,World Christensen 25th,2055,20.048181095064944,1.36
World,OWID_WRL,World Christensen 25th,2056,20.32269884745349,1.36
World,OWID_WRL,World Christensen 25th,2057,20.60097554415819,1.36
World,OWID_WRL,World Christensen 25th,2058,20.883062656030184,1.36
World,OWID_WRL,World Christensen 25th,2059,21.169012358705892,1.36
World,OWID_WRL,World Christensen 25th,2060,21.45887754225752,1.36
World,OWID_WRL,World Christensen 25th,2061,21.752711820975787,1.36
World,OWID_WRL,World Christensen 25th,2062,22.05056954328656,1.36
World,OWID_WRL,World Christensen 25th,2063,22.352505801803325,1.36
World,OWID_WRL,World Christensen 25th,2064,22.65857644351722,1.36
World,OWID_WRL,World Christensen 25th,2065,22.968838080126716,1.36
World,OWID_WRL,World Christensen 25th,2066,23.283348098508633,1.36
World,OWID_WRL,World Christensen 25th,2067,23.602164671332588,1.36
World,OWID_WRL,World Christensen 25th,2068,23.92534676782081,1.36
World,OWID_WRL,World Christensen 25th,2069,24.2529541646552,1.36
World,OWID_WRL,World Christensen 25th,2070,24.585047457033852,1.36
World,OWID_WRL,World Christensen 25th,2071,24.921688069878872,1.36
World,OWID_WRL,World Christensen 25th,2072,25.26293826919774,1.36
World,OWID_WRL,World Christensen 25th,2073,25.608861173600168,1.36
World,OWID_WRL,World Christensen 25th,2074,25.959520765972737,1.36
World,OWID_WRL,World Christensen 25th,2075,26.31498190531335,1.36
World,OWID_WRL,World Christensen 25th,2076,26.67531033872769,1.36
World,OWID_WRL,World Christensen 25th,2077,27.04057271359007,1.36
World,OWID_WRL,World Christensen 25th,2078,27.41083658987065,1.36
World,OWID_WRL,World Christensen 25th,2079,27.786170452631563,1.36
World,OWID_WRL,World Christensen 25th,2080,28.166643724694087,1.36
World,OWID_WRL,World Christensen 25th,2081,28.552326779479305,1.36
World,OWID_WRL,World Christensen 25th,2082,28.94329095402456,1.36
World,OWID_WRL,World Christensen 25th,2083,29.33960856217817,1.36
World,OWID_WRL,World Christensen 25th,2084,29.74135290797478,1.36
World,OWID_WRL,World Christensen 25th,2085,30.148598299193914,1.36
World,OWID_WRL,World Christensen 25th,2086,30.561420061104137,1.36
World,OWID_WRL,World Christensen 25th,2087,30.979894550395425,1.36
World,OWID_WRL,World Christensen 25th,2088,31.404099169302334,1.36
World,OWID_WRL,World Christensen 25th,2089,31.834112379920523,1.36
World,OWID_WRL,World Christensen 25th,2090,32.27001371871935,1.36
World,OWID_WRL,World Christensen 25th,2091,32.71188381125314,1.36
World,OWID_WRL,World Christensen 25th,2092,33.159804387073905,1.36
World,OWID_WRL,World Christensen 25th,2093,33.61385829484832,1.36
World,OWID_WRL,World Christensen 25th,2094,34.0741295176816,1.36
World,OWID_WRL,World Christensen 25th,2095,34.54070318865132,1.36
World,OWID_WRL,World Christensen 25th,2096,35.01366560655378,1.36
World,OWID_WRL,World Christensen 25th,2097,35.49310425186617,1.36
World,OWID_WRL,World Christensen 25th,2098,35.97910780292712,1.36
World,OWID_WRL,World Christensen 25th,2099,36.47176615233898,1.36
World,OWID_WRL,World Christensen 25th,2100,36.97117042359456,1.36
World,OWID_WRL,World Observations,2010,10.871431519969713,3.7310034724117536
World,OWID_WRL,World Christensen 50th,2011,11.094377308405218,2.03
World,OWID_WRL,World Christensen 50th,2012,11.321894655759849,2.03
World,OWID_WRL,World Christensen 50th,2013,11.554077802907324,2.03
World,OWID_WRL,World Christensen 50th,2014,11.791022433486537,2.03
World,OWID_WRL,World Christensen 50th,2015,12.032826193363478,2.03
World,OWID_WRL,World Christensen 50th,2016,12.27958873087149,2.03
World,OWID_WRL,World Christensen 50th,2017,12.531411737876768,2.03
World,OWID_WRL,World Christensen 50th,2018,12.78839899168599,2.03
World,OWID_WRL,World Christensen 50th,2019,13.050656397813388,2.03
World,OWID_WRL,World Christensen 50th,2020,13.318292033624846,2.03
World,OWID_WRL,World Christensen 50th,2021,13.591416192877027,2.03
World,OWID_WRL,World Christensen 50th,2022,13.870141431169888,2.03
World,OWID_WRL,World Christensen 50th,2023,14.154582612331318,2.03
World,OWID_WRL,World Christensen 50th,2024,14.444856955752988,2.03
World,OWID_WRL,World Christensen 50th,2025,14.741084084696956,2.03
World,OWID_WRL,World Christensen 50th,2026,15.043386075592915,2.03
World,OWID_WRL,World Christensen 50th,2027,15.351887508346374,2.03
World,OWID_WRL,World Christensen 50th,2028,15.666715517678583,2.03
World,OWID_WRL,World Christensen 50th,2029,15.987999845519264,2.03
World,OWID_WRL,World Christensen 50th,2030,16.3158728944738,2.03
World,OWID_WRL,World Christensen 50th,2031,16.65046978238689,2.03
World,OWID_WRL,World Christensen 50th,2032,16.991928398025195,2.03
World,OWID_WRL,World Christensen 50th,2033,17.340389457901864,2.03
World,OWID_WRL,World Christensen 50th,2034,17.69599656426637,2.03
World,OWID_WRL,World Christensen 50th,2035,18.05889626428363,2.03
World,OWID_WRL,World Christensen 50th,2036,18.42923811042667,2.03
World,OWID_WRL,World Christensen 50th,2037,18.807174722107845,2.03
World,OWID_WRL,World Christensen 50th,2038,19.1928618485739,2.03
World,OWID_WRL,World Christensen 50th,2039,19.586458433090918,2.03
World,OWID_WRL,World Christensen 50th,2040,19.988126678445482,2.03
World,OWID_WRL,World Christensen 50th,2041,20.398032113789103,2.03
World,OWID_WRL,World Christensen 50th,2042,20.8163436628535,2.03
World,OWID_WRL,World Christensen 50th,2043,21.24323371356475,2.03
World,OWID_WRL,World Christensen 50th,2044,21.67887818908507,2.03
World,OWID_WRL,World Christensen 50th,2045,22.12345662031149,2.03
World,OWID_WRL,World Christensen 50th,2046,22.577152219861276,2.03
World,OWID_WRL,World Christensen 50th,2047,23.040151957574626,2.03
World,OWID_WRL,World Christensen 50th,2048,23.51264663756569,2.03
World,OWID_WRL,World Christensen 50th,2049,23.994830976853738,2.03
World,OWID_WRL,World Christensen 50th,2050,24.486903685606894,2.03
World,OWID_WRL,World Christensen 50th,2051,24.989067549031372,2.03
World,OWID_WRL,World Christensen 50th,2052,25.501529510940124,2.03
World,OWID_WRL,World Christensen 50th,2053,26.024500759035252,2.03
World,OWID_WRL,World Christensen 50th,2054,26.558196811939315,2.03
World,OWID_WRL,World Christensen 50th,2055,27.102837608011473,2.03
World,OWID_WRL,World Christensen 50th,2056,27.658647595984963,2.03
World,OWID_WRL,World Christensen 50th,2057,28.2258558274634,2.03
World,OWID_WRL,World Christensen 50th,2058,28.804696051313854,2.03
World,OWID_WRL,World Christensen 50th,2059,29.395406809995762,2.03
World,OWID_WRL,World Christensen 50th,2060,29.99823153786522,2.03
World,OWID_WRL,World Christensen 50th,2061,30.613418661495345,2.03
World,OWID_WRL,World Christensen 50th,2062,31.241221702053856,2.03
World,OWID_WRL,World Christensen 50th,2063,31.881899379780233,2.03
World,OWID_WRL,World Christensen 50th,2064,32.53571572060537,2.03
World,OWID_WRL,World Christensen 50th,2065,33.20294016495776,2.03
World,OWID_WRL,World Christensen 50th,2066,33.88384767880106,2.03
World,OWID_WRL,World Christensen 50th,2067,34.57871886694865,2.03
World,OWID_WRL,World Christensen 50th,2068,35.287840088702055,2.03
World,OWID_WRL,World Christensen 50th,2069,36.01150357586085,2.03
World,OWID_WRL,World Christensen 50th,2070,36.750007553152514,2.03
World,OWID_WRL,World Christensen 50th,2071,37.50365636113216,2.03
World,OWID_WRL,World Christensen 50th,2072,38.272760581602455,2.03
World,OWID_WRL,World Christensen 50th,2073,39.05763716560578,2.03
World,OWID_WRL,World Christensen 50th,2074,39.85860956404097,2.03
World,OWID_WRL,World Christensen 50th,2075,40.676007860958826,2.03
World,OWID_WRL,World Christensen 50th,2076,41.51016890959111,2.03
World,OWID_WRL,World Christensen 50th,2077,42.36143647116914,2.03
World,OWID_WRL,World Christensen 50th,2078,43.23016135658929,2.03
World,OWID_WRL,World Christensen 50th,2079,44.11670157098351,2.03
World,OWID_WRL,World Christensen 50th,2080,45.021422461254794,2.03
World,OWID_WRL,World Christensen 50th,2081,45.94469686663819,2.03
World,OWID_WRL,World Christensen 50th,2082,46.88690527234931,2.03
World,OWID_WRL,World Christensen 50th,2083,47.848435966383924,2.03
World,OWID_WRL,World Christensen 50th,2084,48.82968519953304,2.03
World,OWID_WRL,World Christensen 50th,2085,49.83105734867951,2.03
World,OWID_WRL,World Christensen 50th,2086,50.85296508344338,2.03
World,OWID_WRL,World Christensen 50th,2087,51.89582953624482,2.03
World,OWID_WRL,World Christensen 50th,2088,52.9600804758545,2.03
World,OWID_WRL,World Christensen 50th,2089,54.046156484503086,2.03
World,OWID_WRL,World Christensen 50th,2090,55.15450513862281,2.03
World,OWID_WRL,World Christensen 50th,2091,56.28558319329559,2.03
World,OWID_WRL,World Christensen 50th,2092,57.439856770483665,2.03
World,OWID_WRL,World Christensen 50th,2093,58.617801551120394,2.03
World,OWID_WRL,World Christensen 50th,2094,59.81990297114033,2.03
World,OWID_WRL,World Christensen 50th,2095,61.046656421529484,2.03
World,OWID_WRL,World Christensen 50th,2096,62.29856745247786,2.03
World,OWID_WRL,World Christensen 50th,2097,63.5761519817189,2.03
World,OWID_WRL,World Christensen 50th,2098,64.87993650714124,2.03
World,OWID_WRL,World Christensen 50th,2099,66.21045832376076,2.03
World,OWID_WRL,World Christensen 50th,2100,67.56826574514203,2.03
World,OWID_WRL,World Observations,2010,10.871431519969713,3.7310034724117536
World,OWID_WRL,World Christensen 75th,2011,11.185725216906791,2.85
World,OWID_WRL,World Christensen 75th,2012,11.509104654119573,2.85
World,OWID_WRL,World Christensen 75th,2013,11.84183299436584,2.85
World,OWID_WRL,World Christensen 75th,2014,12.184180514533578,2.85
World,OWID_WRL,World Christensen 75th,2015,12.536425305218538,2.85
World,OWID_WRL,World Christensen 75th,2016,12.898853496618607,2.85
World,OWID_WRL,World Christensen 75th,2017,13.271759490958786,2.85
World,OWID_WRL,World Christensen 75th,2018,13.6554462016356,2.85
World,OWID_WRL,World Christensen 75th,2019,14.050225299275143,2.85
World,OWID_WRL,World Christensen 75th,2020,14.456417464904689,2.85
World,OWID_WRL,World Christensen 75th,2021,14.874352650443486,2.85
World,OWID_WRL,World Christensen 75th,2022,15.304370346724335,2.85
World,OWID_WRL,World Christensen 75th,2023,15.746819859263702,2.85
World,OWID_WRL,World Christensen 75th,2024,16.202060592004315,2.85
World,OWID_WRL,World Christensen 75th,2025,16.67046233926077,2.85
World,OWID_WRL,World Christensen 75th,2026,17.15240558610532,2.85
World,OWID_WRL,World Christensen 75th,2027,17.648281817437773,2.85
World,OWID_WRL,World Christensen 75th,2028,18.158493835990633,2.85
World,OWID_WRL,World Christensen 75th,2029,18.683456089527755,2.85
World,OWID_WRL,World Christensen 75th,2030,19.223595007502357,2.85
World,OWID_WRL,World Christensen 75th,2031,19.77934934744775,2.85
World,OWID_WRL,World Christensen 75th,2032,20.351170551382296,2.85
World,OWID_WRL,World Christensen 75th,2033,20.939523112518003,2.85
World,OWID_WRL,World Christensen 75th,2034,21.54488495257066,2.85
World,OWID_WRL,World Christensen 75th,2035,22.16774780997805,2.85
World,OWID_WRL,World Christensen 75th,2036,22.80861763934151,2.85
World,OWID_WRL,World Christensen 75th,2037,23.468015022415383,2.85
World,OWID_WRL,World Christensen 75th,2038,24.146475590978184,2.85
World,OWID_WRL,World Christensen 75th,2039,24.84455046192893,2.85
World,OWID_WRL,World Christensen 75th,2040,25.56280668496217,2.85
World,OWID_WRL,World Christensen 75th,2041,26.301827703185268,2.85
World,OWID_WRL,World Christensen 75th,2042,27.06221382705213,2.85
World,OWID_WRL,World Christensen 75th,2043,27.844582721998414,2.85
World,OWID_WRL,World Christensen 75th,2044,28.649569910174186,2.85
World,OWID_WRL,World Christensen 75th,2045,29.477829286681775,2.85
World,OWID_WRL,World Christensen 75th,2046,30.330033650737985,2.85
World,OWID_WRL,World Christensen 75th,2047,31.206875252192294,2.85
World,OWID_WRL,World Christensen 75th,2048,32.10906635384481,2.85
World,OWID_WRL,World Christensen 75th,2049,33.03733981002092,2.85
World,OWID_WRL,World Christensen 75th,2050,33.99244966187246,2.85
World,OWID_WRL,World Christensen 75th,2051,34.975171749889206,2.85
World,OWID_WRL,World Christensen 75th,2052,35.98630434411783,2.85
World,OWID_WRL,World Christensen 75th,2053,37.02666879260076,2.85
World,OWID_WRL,World Christensen 75th,2054,38.09711018856117,2.85
World,OWID_WRL,World Christensen 75th,2055,39.198498056876524,2.85
World,OWID_WRL,World Christensen 75th,2056,40.331727060397895,2.85
World,OWID_WRL,World Christensen 75th,2057,41.49771772668906,2.85
World,OWID_WRL,World Christensen 75th,2058,42.69741719577564,2.85
World,OWID_WRL,World Christensen 75th,2059,43.93179998951171,2.85
World,OWID_WRL,World Christensen 75th,2060,45.201868803188624,2.85
World,OWID_WRL,World Christensen 75th,2061,46.50865532002954,2.85
World,OWID_WRL,World Christensen 75th,2062,47.85322104923074,2.85
World,OWID_WRL,World Christensen 75th,2063,49.23665818823087,2.85
World,OWID_WRL,World Christensen 75th,2064,50.66009050990837,2.85
World,OWID_WRL,World Christensen 75th,2065,52.12467427542778,2.85
World,OWID_WRL,World Christensen 75th,2066,53.63159917347644,2.85
World,OWID_WRL,World Christensen 75th,2067,55.18208928665448,2.85
World,OWID_WRL,World Christensen 75th,2068,56.77740408580332,2.85
World,OWID_WRL,World Christensen 75th,2069,58.41883945308003,2.85
World,OWID_WRL,World Christensen 75th,2070,60.107728734608884,2.85
World,OWID_WRL,World Christensen 75th,2071,61.84544382356505,2.85
World,OWID_WRL,World Christensen 75th,2072,63.633396274570266,2.85
World,OWID_WRL,World Christensen 75th,2073,65.47303845030564,2.85
World,OWID_WRL,World Christensen 75th,2074,67.36586470127318,2.85
World,OWID_WRL,World Christensen 75th,2075,69.31341257966405,2.85
World,OWID_WRL,World Christensen 75th,2076,71.31726408831997,2.85
World,OWID_WRL,World Christensen 75th,2077,73.3790469658019,2.85
World,OWID_WRL,World Christensen 75th,2078,75.50043600861027,2.85
World,OWID_WRL,World Christensen 75th,2079,77.68315443163047,2.85
World,OWID_WRL,World Christensen 75th,2080,79.92897526790892,2.85
World,OWID_WRL,World Christensen 75th,2081,82.23972280889652,2.85
World,OWID_WRL,World Christensen 75th,2082,84.61727408632999,2.85
World,OWID_WRL,World Christensen 75th,2083,87.06356039695363,2.85
World,OWID_WRL,World Christensen 75th,2084,89.58056887132182,2.85
World,OWID_WRL,World Christensen 75th,2085,92.17034408795456,2.85
World,OWID_WRL,World Christensen 75th,2086,94.83498973415908,2.85
World,OWID_WRL,World Christensen 75th,2087,97.57667031486561,2.85
World,OWID_WRL,World Christensen 75th,2088,100.39761291086516,2.85
World,OWID_WRL,World Christensen 75th,2089,103.30010898787859,2.85
World,OWID_WRL,World Christensen 75th,2090,106.28651625792567,2.85
World,OWID_WRL,World Christensen 75th,2091,109.35926059450613,2.85
World,OWID_WRL,World Christensen 75th,2092,112.52083800314878,2.85
World,OWID_WRL,World Christensen 75th,2093,115.77381664892955,2.85
World,OWID_WRL,World Christensen 75th,2094,119.12083894260427,2.85
World,OWID_WRL,World Christensen 75th,2095,122.5646236870525,2.85
World,OWID_WRL,World Christensen 75th,2096,126.10796828577455,2.85
World,OWID_WRL,World Christensen 75th,2097,129.75375101523613,2.85
World,OWID_WRL,World Christensen 75th,2098,133.50493336290668,2.85
World,OWID_WRL,World Christensen 75th,2099,137.36456243289072,2.85
World,OWID_WRL,World Christensen 75th,2100,141.3357734211052,2.85
World,OWID_WRL,World Observations,2010,10.871431519969713,3.7310034724117536
World,OWID_WRL,World Christensen 90th,2011,11.255292147891739,3.47
World,OWID_WRL,World Christensen 90th,2012,11.652706040417993,3.47
World,OWID_WRL,World Christensen 90th,2013,12.06415224768984,3.47
World,OWID_WRL,World Christensen 90th,2014,12.490126237683677,3.47
World,OWID_WRL,World Christensen 90th,2015,12.931140972889098,3.47
World,OWID_WRL,World Christensen 90th,2016,13.387727528023891,3.47
World,OWID_WRL,World Christensen 90th,2017,13.86043572955995,3.47
World,OWID_WRL,World Christensen 90th,2018,14.349834817830274,3.47
World,OWID_WRL,World Christensen 90th,2019,14.856514132514334,3.47
World,OWID_WRL,World Christensen 90th,2020,15.381083822327291,3.47
World,OWID_WRL,World Christensen 90th,2021,15.92417557976769,3.47
World,OWID_WRL,World Christensen 90th,2022,16.486443401808398,3.47
World,OWID_WRL,World Christensen 90th,2023,17.068564377446837,3.47
World,OWID_WRL,World Christensen 90th,2024,17.671239503062893,3.47
World,OWID_WRL,World Christensen 90th,2025,18.295194526566334,3.47
World,OWID_WRL,World Christensen 90th,2026,18.941180821350304,3.47
World,OWID_WRL,World Christensen 90th,2027,19.609976291103298,3.47
World,OWID_WRL,World Christensen 90th,2028,20.30238630656919,3.47
World,OWID_WRL,World Christensen 90th,2029,21.019244675383423,3.47
World,OWID_WRL,World Christensen 90th,2030,21.761414646153174,3.47
World,OWID_WRL,World Christensen 90th,2031,22.52978994799067,3.47
World,OWID_WRL,World Christensen 90th,2032,23.325295866751468,3.47
World,OWID_WRL,World Christensen 90th,2033,24.148890359273686,3.47
World,OWID_WRL,World Christensen 90th,2034,25.001565206960002,3.47
World,OWID_WRL,World Christensen 90th,2035,25.884347210091573,3.47
World,OWID_WRL,World Christensen 90th,2036,26.79829942431201,3.47
World,OWID_WRL,World Christensen 90th,2037,27.744522440770506,3.47
World,OWID_WRL,World Christensen 90th,2038,28.724155711465656,3.47
World,OWID_WRL,World Christensen 90th,2039,29.738378921385795,3.47
World,OWID_WRL,World Christensen 90th,2040,30.788413409098514,3.47
World,OWID_WRL,World Christensen 90th,2041,31.87552363749976,3.47
World,OWID_WRL,World Christensen 90th,2042,33.001018716493704,3.47
World,OWID_WRL,World Christensen 90th,2043,34.166253979437116,3.47
World,OWID_WRL,World Christensen 90th,2044,35.3726326152464,3.47
World,OWID_WRL,World Christensen 90th,2045,36.62160735813295,3.47
World,OWID_WRL,World Christensen 90th,2046,37.91468223700135,3.47
World,OWID_WRL,World Christensen 90th,2047,39.25341438661731,3.47
World,OWID_WRL,World Christensen 90th,2048,40.63941592272613,3.47
World,OWID_WRL,World Christensen 90th,2049,42.074355883380036,3.47
World,OWID_WRL,World Christensen 90th,2050,43.559962238811764,3.47
World,OWID_WRL,World Christensen 90th,2051,45.09802397227512,3.47
World,OWID_WRL,World Christensen 90th,2052,46.69039323435785,3.47
World,OWID_WRL,World Christensen 90th,2053,48.338987573361585,3.47
World,OWID_WRL,World Christensen 90th,2054,50.04579224443413,3.47
World,OWID_WRL,World Christensen 90th,2055,51.812862600235256,3.47
World,OWID_WRL,World Christensen 90th,2056,53.64232656601462,3.47
World,OWID_WRL,World Christensen 90th,2057,55.53638720208237,3.47
World,OWID_WRL,World Christensen 90th,2058,57.49732535675824,3.47
World,OWID_WRL,World Christensen 90th,2059,59.527502412993776,3.47
World,OWID_WRL,World Christensen 90th,2060,61.62936313197519,3.47
World,OWID_WRL,World Christensen 90th,2061,63.80543859713136,3.47
World,OWID_WRL,World Christensen 90th,2062,66.05834926209181,3.47
World,OWID_WRL,World Christensen 90th,2063,68.39080810626528,3.47
World,OWID_WRL,World Christensen 90th,2064,70.8056239018391,3.47
World,OWID_WRL,World Christensen 90th,2065,73.30570459613281,3.47
World,OWID_WRL,World Christensen 90th,2066,75.89406081337997,3.47
World,OWID_WRL,World Christensen 90th,2067,78.5738094801544,3.47
World,OWID_WRL,World Christensen 90th,2068,81.3481775788068,3.47
World,OWID_WRL,World Christensen 90th,2069,84.22050603343212,3.47
World,OWID_WRL,World Christensen 90th,2070,87.19425373304614,3.47
World,OWID_WRL,World Christensen 90th,2071,90.27300169681737,3.47
World,OWID_WRL,World Christensen 90th,2072,93.4604573863688,3.47
World,OWID_WRL,World Christensen 90th,2073,96.76045917034364,3.47
World,OWID_WRL,World Christensen 90th,2074,100.17698094661014,3.47
World,OWID_WRL,World Christensen 90th,2075,103.71413692767258,3.47
World,OWID_WRL,World Christensen 90th,2076,107.37618659505043,3.47
World,OWID_WRL,World Christensen 90th,2077,111.16753982859197,3.47
World,OWID_WRL,World Christensen 90th,2078,115.09276221689962,3.47
World,OWID_WRL,World Christensen 90th,2079,119.1565805552609,3.47
World,OWID_WRL,World Christensen 90th,2080,123.36388853770666,3.47
World,OWID_WRL,World Christensen 90th,2081,127.71975265005028,3.47
World,OWID_WRL,World Christensen 90th,2082,132.2294182710048,3.47
World,OWID_WRL,World Christensen 90th,2083,136.89831598872462,3.47
World,OWID_WRL,World Christensen 90th,2084,141.73206814037877,3.47
World,OWID_WRL,World Christensen 90th,2085,146.73649558262997,3.47
World,OWID_WRL,World Christensen 90th,2086,151.9176247011733,3.47
World,OWID_WRL,World Christensen 90th,2087,157.28169466777518,3.47
World,OWID_WRL,World Christensen 90th,2088,162.8351649535513,3.47
World,OWID_WRL,World Christensen 90th,2089,168.58472310753191,3.47
World,OWID_WRL,World Christensen 90th,2090,174.53729280988068,3.47
World,OWID_WRL,World Christensen 90th,2091,180.70004220946527,3.47
World,OWID_WRL,World Christensen 90th,2092,187.0803925558198,3.47
World,OWID_WRL,World Christensen 90th,2093,193.68602713589362,3.47
World,OWID_WRL,World Christensen 90th,2094,200.52490052634914,3.47
World,OWID_WRL,World Christensen 90th,2095,207.6052481725489,3.47
World,OWID_WRL,World Christensen 90th,2096,214.93559630576777,3.47
World,OWID_WRL,World Christensen 90th,2097,222.5247722105733,3.47
World,OWID_WRL,World Christensen 90th,2098,230.38191485473703,3.47
World,OWID_WRL,World Christensen 90th,2099,238.51648589447873,3.47
World,OWID_WRL,World Christensen 90th,2100,246.93828106829505,3.47
