MODEL,SCENARIO,REGION,variable,filter,growtherror,ieadivergencestps2020,2005-2040 divergence from IEA STPS
AIM/CGE,SSP1-45,World,co2intensity,0.1%/y tolerance 2005-2040,-0.007882954902832195,0.4603207196220261,0.25966200196851535
AIM/CGE,SSP1-45,World,energyintensity,0.1%/y tolerance 2005-2040,-1.1931047189324873,-0.9564566822635991,-1.0578772694074083
AIM/CGE,SSP1-45,World,fossilco2,0.1%/y tolerance 2005-2040,-0.8069864895548218,0.4547770257114541,-0.08597876654552128
AIM/CGE,SSP1-45,World,pcgdpppp,0.1%/y tolerance 2005-2040,0.5998211140525214,1.285155142799137,0.9914405590505875
AIM/CGE,SSP1-45,World,pop,0.1%/y tolerance 2005-2040,-0.20581992977202357,-0.33424215444610994,-0.2792040581572158
IMAGE,SSP1-34,World,co2intensity,0.1%/y tolerance 2005-2040,0.07125124996931875,0.21155278516017056,0.15142355579266265
IMAGE,SSP1-34,World,energyintensity,0.1%/y tolerance 2005-2040,-0.602254480159301,-1.0822400776207228,-0.8765319644229705
IMAGE,SSP1-34,World,fossilco2,0.1%/y tolerance 2005-2040,-0.2336765148707709,0.09495126847763818,-0.04588921010025142
IMAGE,SSP1-34,World,pcgdpppp,0.1%/y tolerance 2005-2040,0.5022753587800113,1.2971864454556377,0.9565102654517977
IMAGE,SSP1-34,World,pop,0.1%/y tolerance 2005-2040,-0.20494864346079988,-0.33154788451744743,-0.2772910669217413
IMAGE,SSP3-45,World,co2intensity,0.1%/y tolerance 2005-2040,-0.11596006342572052,0.2507170231144228,0.09356970031150422
IMAGE,SSP3-45,World,energyintensity,0.1%/y tolerance 2005-2040,-0.11172159168884122,0.26147607790110533,0.10153421950541394
IMAGE,SSP3-45,World,fossilco2,0.1%/y tolerance 2005-2040,0.008087583102017515,-0.11150188024948111,-0.060249253098838836
IMAGE,SSP3-45,World,pcgdpppp,0.1%/y tolerance 2005-2040,0.29207790761491936,-0.7095988455146455,-0.28030880845911765
IMAGE,SSP3-45,World,pop,0.1%/y tolerance 2005-2040,-0.056308669398340117,0.08590386424963625,0.024955635543360666
MESSAGE-GLOBIOM,SSP1-45,World,co2intensity,0.1%/y tolerance 2005-2040,-0.1892963914922391,0.4120420823602299,0.1543255935663146
MESSAGE-GLOBIOM,SSP1-45,World,energyintensity,0.1%/y tolerance 2005-2040,-0.9150029242026598,-0.6617910509254411,-0.7703104251871062
MESSAGE-GLOBIOM,SSP1-45,World,fossilco2,0.1%/y tolerance 2005-2040,-0.7283468319369303,0.635760494398953,0.051143068826431604
MESSAGE-GLOBIOM,SSP1-45,World,pcgdpppp,0.1%/y tolerance 2005-2040,0.6055634819295364,1.2177048339517138,0.9553585402279234
MESSAGE-GLOBIOM,SSP1-45,World,pop,0.1%/y tolerance 2005-2040,-0.22961099817156772,-0.3321953709875497,-0.2882306397807003
REMIND-MAGPIE,SSP1-34,World,co2intensity,0.1%/y tolerance 2005-2040,-0.2884516595587737,0.6575948374066419,0.25214633870717806
REMIND-MAGPIE,SSP1-34,World,energyintensity,0.1%/y tolerance 2005-2040,-0.9128706715415986,-1.0530316996430336,-0.9929626875995614
REMIND-MAGPIE,SSP1-34,World,fossilco2,0.1%/y tolerance 2005-2040,-0.860514757300619,0.5261338413003551,-0.06814412952863375
REMIND-MAGPIE,SSP1-34,World,pcgdpppp,0.1%/y tolerance 2005-2040,0.5488195936215824,1.2573748223252212,0.9537082957379474
REMIND-MAGPIE,SSP1-34,World,pop,0.1%/y tolerance 2005-2040,-0.20801201982182904,-0.3358041187884747,-0.281036076374198
AIM/CGE,SSP1-45,World,co2intensity,0.2%/y tolerance 2005-2040,-0.007882954902832195,0.4603207196220261,0.25966200196851535
AIM/CGE,SSP1-45,World,energyintensity,0.2%/y tolerance 2005-2040,-1.1931047189324873,-0.9564566822635991,-1.0578772694074083
AIM/CGE,SSP1-45,World,fossilco2,0.2%/y tolerance 2005-2040,-0.8069864895548218,0.4547770257114541,-0.08597876654552128
AIM/CGE,SSP1-45,World,pcgdpppp,0.2%/y tolerance 2005-2040,0.5998211140525214,1.285155142799137,0.9914405590505875
AIM/CGE,SSP1-45,World,pop,0.2%/y tolerance 2005-2040,-0.20581992977202357,-0.33424215444610994,-0.2792040581572158
AIM/CGE,SSP1-Baseline,World,co2intensity,0.2%/y tolerance 2005-2040,0.14672746588392882,0.6249186966701834,0.41997959776178856
AIM/CGE,SSP1-Baseline,World,energyintensity,0.2%/y tolerance 2005-2040,-0.97529826822026,-0.9428778554648305,-0.9567723180743002
AIM/CGE,SSP1-Baseline,World,fossilco2,0.2%/y tolerance 2005-2040,-0.4313481106901338,0.632697511233699,0.17667795898062783
AIM/CGE,SSP1-Baseline,World,pcgdpppp,0.2%/y tolerance 2005-2040,0.603042621418221,1.284898824474456,0.9926747374503552
AIM/CGE,SSP1-Baseline,World,pop,0.2%/y tolerance 2005-2040,-0.20581992977202357,-0.33424215444610994,-0.2792040581572158
AIM/CGE,SSP4-34,World,co2intensity,0.2%/y tolerance 2005-2040,0.08352394496540994,-0.15254869553373523,-0.0513747067483873
AIM/CGE,SSP4-34,World,energyintensity,0.2%/y tolerance 2005-2040,-0.19124654634995109,-0.33692053979824077,-0.27448882832040233
AIM/CGE,SSP4-34,World,fossilco2,0.2%/y tolerance 2005-2040,0.23852010754276343,-0.420676707705992,-0.13816378688509684
AIM/CGE,SSP4-34,World,pcgdpppp,0.2%/y tolerance 2005-2040,0.4800060929671446,0.21226034493380752,0.32700852266238056
AIM/CGE,SSP4-34,World,pop,0.2%/y tolerance 2005-2040,-0.13376338403984,-0.14346781730782354,-0.13930877447868772
AIM/CGE,SSP5-34,World,co2intensity,0.2%/y tolerance 2005-2040,0.17033292546485335,0.07473006685984157,0.11570272054770375
AIM/CGE,SSP5-34,World,energyintensity,0.2%/y tolerance 2005-2040,-0.57285612100333,-1.4243018842161623,-1.0593965571249484
AIM/CGE,SSP5-34,World,fossilco2,0.2%/y tolerance 2005-2040,0.06286801248090934,0.29986111291293743,0.19829264129921112
AIM/CGE,SSP5-34,World,pcgdpppp,0.2%/y tolerance 2005-2040,0.6633758956020939,1.9540957924031561,1.400930122345558
AIM/CGE,SSP5-34,World,pop,0.2%/y tolerance 2005-2040,-0.19798468758270782,-0.30466286213389815,-0.2589436444691023
IMAGE,SSP1-34,World,co2intensity,0.2%/y tolerance 2005-2040,0.07125124996931875,0.21155278516017056,0.15142355579266265
IMAGE,SSP1-34,World,energyintensity,0.2%/y tolerance 2005-2040,-0.602254480159301,-1.0822400776207228,-0.8765319644229705
IMAGE,SSP1-34,World,fossilco2,0.2%/y tolerance 2005-2040,-0.2336765148707709,0.09495126847763818,-0.04588921010025142
IMAGE,SSP1-34,World,pcgdpppp,0.2%/y tolerance 2005-2040,0.5022753587800113,1.2971864454556377,0.9565102654517977
IMAGE,SSP1-34,World,pop,0.2%/y tolerance 2005-2040,-0.20494864346079988,-0.33154788451744743,-0.2772910669217413
IMAGE,SSP2-45,World,co2intensity,0.2%/y tolerance 2005-2040,-0.11023072271300771,0.3155741712440984,0.13308635954819578
IMAGE,SSP2-45,World,energyintensity,0.2%/y tolerance 2005-2040,-0.31580579527510033,-0.15346197314566623,-0.2230378969154237
IMAGE,SSP2-45,World,fossilco2,0.2%/y tolerance 2005-2040,-0.14267738677218333,0.29338578421121914,0.1065015680754752
IMAGE,SSP2-45,World,pcgdpppp,0.2%/y tolerance 2005-2040,0.40488640646473795,0.2537129099990195,0.3185015513414703
IMAGE,SSP2-45,World,pop,0.2%/y tolerance 2005-2040,-0.12152727524881324,-0.12243932388623258,-0.12204844589876714
IMAGE,SSP3-45,World,co2intensity,0.2%/y tolerance 2005-2040,-0.11596006342572052,0.2507170231144228,0.09356970031150422
IMAGE,SSP3-45,World,energyintensity,0.2%/y tolerance 2005-2040,-0.11172159168884122,0.26147607790110533,0.10153421950541394
IMAGE,SSP3-45,World,fossilco2,0.2%/y tolerance 2005-2040,0.008087583102017515,-0.11150188024948111,-0.060249253098838836
IMAGE,SSP3-45,World,pcgdpppp,0.2%/y tolerance 2005-2040,0.29207790761491936,-0.7095988455146455,-0.28030880845911765
IMAGE,SSP3-45,World,pop,0.2%/y tolerance 2005-2040,-0.056308669398340117,0.08590386424963625,0.024955635543360666
MESSAGE-GLOBIOM,SSP1-34,World,co2intensity,0.2%/y tolerance 2005-2040,-0.196386331095188,0.22307109978984535,0.043303629410545344
MESSAGE-GLOBIOM,SSP1-34,World,energyintensity,0.2%/y tolerance 2005-2040,-0.919140859456506,-0.8537608183886121,-0.881780835989138
MESSAGE-GLOBIOM,SSP1-34,World,fossilco2,0.2%/y tolerance 2005-2040,-0.7420393624280693,0.2505351297877228,-0.1748539383047595
MESSAGE-GLOBIOM,SSP1-34,World,pcgdpppp,0.2%/y tolerance 2005-2040,0.6030988262951924,1.213420219374039,0.9518539080545333
MESSAGE-GLOBIOM,SSP1-34,World,pop,0.2%/y tolerance 2005-2040,-0.22961099817156772,-0.3321953709875497,-0.2882306397807003
MESSAGE-GLOBIOM,SSP1-45,World,co2intensity,0.2%/y tolerance 2005-2040,-0.1892963914922391,0.4120420823602299,0.1543255935663146
MESSAGE-GLOBIOM,SSP1-45,World,energyintensity,0.2%/y tolerance 2005-2040,-0.9150029242026598,-0.6617910509254411,-0.7703104251871062
MESSAGE-GLOBIOM,SSP1-45,World,fossilco2,0.2%/y tolerance 2005-2040,-0.7283468319369303,0.635760494398953,0.051143068826431604
MESSAGE-GLOBIOM,SSP1-45,World,pcgdpppp,0.2%/y tolerance 2005-2040,0.6055634819295364,1.2177048339517138,0.9553585402279234
MESSAGE-GLOBIOM,SSP1-45,World,pop,0.2%/y tolerance 2005-2040,-0.22961099817156772,-0.3321953709875497,-0.2882306397807003
MESSAGE-GLOBIOM,SSP2-34,World,co2intensity,0.2%/y tolerance 2005-2040,-0.3183903564185573,0.15310996261029935,-0.04896160268778206
MESSAGE-GLOBIOM,SSP2-34,World,energyintensity,0.2%/y tolerance 2005-2040,-0.5754594811017246,-0.08274356351826018,-0.2939075281968878
MESSAGE-GLOBIOM,SSP2-34,World,fossilco2,0.2%/y tolerance 2005-2040,-0.5372579100960126,0.14041087696696036,-0.15001860320288518
MESSAGE-GLOBIOM,SSP2-34,World,pcgdpppp,0.2%/y tolerance 2005-2040,0.5026376300932374,0.19276349278553007,0.3255666944888332
MESSAGE-GLOBIOM,SSP2-34,World,pop,0.2%/y tolerance 2005-2040,-0.1460457026689681,-0.12271901491060888,-0.13271616680704854
MESSAGE-GLOBIOM,SSP2-45,World,co2intensity,0.2%/y tolerance 2005-2040,-0.29335521395499176,0.4295294831254314,0.11972175580525002
MESSAGE-GLOBIOM,SSP2-45,World,energyintensity,0.2%/y tolerance 2005-2040,-0.5594585529536438,0.13322062366757959,-0.16364188059865897
MESSAGE-GLOBIOM,SSP2-45,World,fossilco2,0.2%/y tolerance 2005-2040,-0.4929209108578103,0.6396849721425306,0.15428245085667022
MESSAGE-GLOBIOM,SSP2-45,World,pcgdpppp,0.2%/y tolerance 2005-2040,0.5059385587197933,0.19965388026012854,0.3309187424571277
MESSAGE-GLOBIOM,SSP2-45,World,pop,0.2%/y tolerance 2005-2040,-0.1460457026689681,-0.12271901491060888,-0.13271616680704854
REMIND-MAGPIE,SSP1-34,World,co2intensity,0.2%/y tolerance 2005-2040,-0.2884516595587737,0.6575948374066419,0.25214633870717806
REMIND-MAGPIE,SSP1-34,World,energyintensity,0.2%/y tolerance 2005-2040,-0.9128706715415986,-1.0530316996430336,-0.9929626875995614
REMIND-MAGPIE,SSP1-34,World,fossilco2,0.2%/y tolerance 2005-2040,-0.860514757300619,0.5261338413003551,-0.06814412952863375
REMIND-MAGPIE,SSP1-34,World,pcgdpppp,0.2%/y tolerance 2005-2040,0.5488195936215824,1.2573748223252212,0.9537082957379474
REMIND-MAGPIE,SSP1-34,World,pop,0.2%/y tolerance 2005-2040,-0.20801201982182904,-0.3358041187884747,-0.281036076374198
REMIND-MAGPIE,SSP2-34,World,co2intensity,0.2%/y tolerance 2005-2040,-0.012131306506821815,0.024650978852379546,0.008887142269864676
REMIND-MAGPIE,SSP2-34,World,energyintensity,0.2%/y tolerance 2005-2040,-0.2642517623436691,-0.4089603682563466,-0.3469423942937705
REMIND-MAGPIE,SSP2-34,World,fossilco2,0.2%/y tolerance 2005-2040,0.06442450494926244,-0.3214215626103984,-0.15605896222768662
REMIND-MAGPIE,SSP2-34,World,pcgdpppp,0.2%/y tolerance 2005-2040,0.46538087407604656,0.19014657106975108,0.30810412950102056
REMIND-MAGPIE,SSP2-34,World,pop,0.2%/y tolerance 2005-2040,-0.12457330027629321,-0.12725874427618244,-0.12610783970480133
WITCH-GLOBIOM,SSP1-45,World,co2intensity,0.2%/y tolerance 2005-2040,-0.14318717821092908,0.08977333590875042,-0.010066884428255082
WITCH-GLOBIOM,SSP1-45,World,energyintensity,0.2%/y tolerance 2005-2040,0.061455795896601995,-0.7296819232263426,-0.3906229007450806
WITCH-GLOBIOM,SSP1-45,World,fossilco2,0.2%/y tolerance 2005-2040,0.13726562314864732,0.17255326469925497,0.15742998974899453
WITCH-GLOBIOM,SSP1-45,World,pcgdpppp,0.2%/y tolerance 2005-2040,0.4186116390603325,1.144712346014562,0.8335263287484636
WITCH-GLOBIOM,SSP1-45,World,pop,0.2%/y tolerance 2005-2040,-0.1996146335973581,-0.332250493997715,-0.27540655382613344
AIM/CGE,SSP1-45,World,co2intensity,0.3%/y tolerance 2005-2040,-0.007882954902832195,0.4603207196220261,0.25966200196851535
AIM/CGE,SSP1-45,World,energyintensity,0.3%/y tolerance 2005-2040,-1.1931047189324873,-0.9564566822635991,-1.0578772694074083
AIM/CGE,SSP1-45,World,fossilco2,0.3%/y tolerance 2005-2040,-0.8069864895548218,0.4547770257114541,-0.08597876654552128
AIM/CGE,SSP1-45,World,pcgdpppp,0.3%/y tolerance 2005-2040,0.5998211140525214,1.285155142799137,0.9914405590505875
AIM/CGE,SSP1-45,World,pop,0.3%/y tolerance 2005-2040,-0.20581992977202357,-0.33424215444610994,-0.2792040581572158
AIM/CGE,SSP1-Baseline,World,co2intensity,0.3%/y tolerance 2005-2040,0.14672746588392882,0.6249186966701834,0.41997959776178856
AIM/CGE,SSP1-Baseline,World,energyintensity,0.3%/y tolerance 2005-2040,-0.97529826822026,-0.9428778554648305,-0.9567723180743002
AIM/CGE,SSP1-Baseline,World,fossilco2,0.3%/y tolerance 2005-2040,-0.4313481106901338,0.632697511233699,0.17667795898062783
AIM/CGE,SSP1-Baseline,World,pcgdpppp,0.3%/y tolerance 2005-2040,0.603042621418221,1.284898824474456,0.9926747374503552
AIM/CGE,SSP1-Baseline,World,pop,0.3%/y tolerance 2005-2040,-0.20581992977202357,-0.33424215444610994,-0.2792040581572158
AIM/CGE,SSP2-34,World,co2intensity,0.3%/y tolerance 2005-2040,0.10471845686998815,-0.06016741245013285,0.010497960115633288
AIM/CGE,SSP2-34,World,energyintensity,0.3%/y tolerance 2005-2040,-0.3518409387839374,-0.4677007172342459,-0.41804652646982793
AIM/CGE,SSP2-34,World,fossilco2,0.3%/y tolerance 2005-2040,0.12690025893944235,-0.4677845423020594,-0.21291962748427296
AIM/CGE,SSP2-34,World,pcgdpppp,0.3%/y tolerance 2005-2040,0.49675079247467835,0.18616903614947689,0.31927550314599173
AIM/CGE,SSP2-34,World,pop,0.3%/y tolerance 2005-2040,-0.12272805162128675,-0.12608544876715755,-0.12464656427607004
AIM/CGE,SSP3-45,World,co2intensity,0.3%/y tolerance 2005-2040,0.06382170105028728,0.3193067495206569,0.2098131573190699
AIM/CGE,SSP3-45,World,energyintensity,0.3%/y tolerance 2005-2040,-0.058440971728102475,0.55498182972645,0.29208634338878464
AIM/CGE,SSP3-45,World,fossilco2,0.3%/y tolerance 2005-2040,0.32589817426983037,0.15995551317273976,0.23107379650006432
AIM/CGE,SSP3-45,World,pcgdpppp,0.3%/y tolerance 2005-2040,0.3786763388440779,-0.7956272334763995,-0.29235427391048063
AIM/CGE,SSP3-45,World,pop,0.3%/y tolerance 2005-2040,-0.05815889389643236,0.08129416740203232,0.021528569702690313
AIM/CGE,SSP4-34,World,co2intensity,0.3%/y tolerance 2005-2040,0.08352394496540994,-0.15254869553373523,-0.0513747067483873
AIM/CGE,SSP4-34,World,energyintensity,0.3%/y tolerance 2005-2040,-0.19124654634995109,-0.33692053979824077,-0.27448882832040233
AIM/CGE,SSP4-34,World,fossilco2,0.3%/y tolerance 2005-2040,0.23852010754276343,-0.420676707705992,-0.13816378688509684
AIM/CGE,SSP4-34,World,pcgdpppp,0.3%/y tolerance 2005-2040,0.4800060929671446,0.21226034493380752,0.32700852266238056
AIM/CGE,SSP4-34,World,pop,0.3%/y tolerance 2005-2040,-0.13376338403984,-0.14346781730782354,-0.13930877447868772
AIM/CGE,SSP5-34,World,co2intensity,0.3%/y tolerance 2005-2040,0.17033292546485335,0.07473006685984157,0.11570272054770375
AIM/CGE,SSP5-34,World,energyintensity,0.3%/y tolerance 2005-2040,-0.57285612100333,-1.4243018842161623,-1.0593965571249484
AIM/CGE,SSP5-34,World,fossilco2,0.3%/y tolerance 2005-2040,0.06286801248090934,0.29986111291293743,0.19829264129921112
AIM/CGE,SSP5-34,World,pcgdpppp,0.3%/y tolerance 2005-2040,0.6633758956020939,1.9540957924031561,1.400930122345558
AIM/CGE,SSP5-34,World,pop,0.3%/y tolerance 2005-2040,-0.19798468758270782,-0.30466286213389815,-0.2589436444691023
IMAGE,SSP1-34,World,co2intensity,0.3%/y tolerance 2005-2040,0.07125124996931875,0.21155278516017056,0.15142355579266265
IMAGE,SSP1-34,World,energyintensity,0.3%/y tolerance 2005-2040,-0.602254480159301,-1.0822400776207228,-0.8765319644229705
IMAGE,SSP1-34,World,fossilco2,0.3%/y tolerance 2005-2040,-0.2336765148707709,0.09495126847763818,-0.04588921010025142
IMAGE,SSP1-34,World,pcgdpppp,0.3%/y tolerance 2005-2040,0.5022753587800113,1.2971864454556377,0.9565102654517977
IMAGE,SSP1-34,World,pop,0.3%/y tolerance 2005-2040,-0.20494864346079988,-0.33154788451744743,-0.2772910669217413
IMAGE,SSP1-45,World,co2intensity,0.3%/y tolerance 2005-2040,0.06656751077948697,0.36278442169354597,0.2358343170160921
IMAGE,SSP1-45,World,energyintensity,0.3%/y tolerance 2005-2040,-0.59851532255915,-0.7758084084395208,-0.6998256573479333
IMAGE,SSP1-45,World,fossilco2,0.3%/y tolerance 2005-2040,-0.2346210964604516,0.5526145741922155,0.21522785819821527
IMAGE,SSP1-45,World,pcgdpppp,0.3%/y tolerance 2005-2040,0.5022753587800113,1.2971864454556377,0.9565102654517977
IMAGE,SSP1-45,World,pop,0.3%/y tolerance 2005-2040,-0.20494864346079988,-0.33154788451744743,-0.2772910669217413
IMAGE,SSP1-Baseline,World,co2intensity,0.3%/y tolerance 2005-2040,0.06651407612417914,0.3847658858121271,0.24837225308872082
IMAGE,SSP1-Baseline,World,energyintensity,0.3%/y tolerance 2005-2040,-0.5955341191304668,-0.69758788163195,-0.6538505548456
IMAGE,SSP1-Baseline,World,fossilco2,0.3%/y tolerance 2005-2040,-0.2316933276870763,0.6528165651183675,0.27374089677317726
IMAGE,SSP1-Baseline,World,pcgdpppp,0.3%/y tolerance 2005-2040,0.5022753587800113,1.2971864454556377,0.9565102654517977
IMAGE,SSP1-Baseline,World,pop,0.3%/y tolerance 2005-2040,-0.20494864346079988,-0.33154788451744743,-0.2772910669217413
IMAGE,SSP2-45,World,co2intensity,0.3%/y tolerance 2005-2040,-0.11023072271300771,0.3155741712440984,0.13308635954819578
IMAGE,SSP2-45,World,energyintensity,0.3%/y tolerance 2005-2040,-0.31580579527510033,-0.15346197314566623,-0.2230378969154237
IMAGE,SSP2-45,World,fossilco2,0.3%/y tolerance 2005-2040,-0.14267738677218333,0.29338578421121914,0.1065015680754752
IMAGE,SSP2-45,World,pcgdpppp,0.3%/y tolerance 2005-2040,0.40488640646473795,0.2537129099990195,0.3185015513414703
IMAGE,SSP2-45,World,pop,0.3%/y tolerance 2005-2040,-0.12152727524881324,-0.12243932388623258,-0.12204844589876714
IMAGE,SSP3-45,World,co2intensity,0.3%/y tolerance 2005-2040,-0.11596006342572052,0.2507170231144228,0.09356970031150422
IMAGE,SSP3-45,World,energyintensity,0.3%/y tolerance 2005-2040,-0.11172159168884122,0.26147607790110533,0.10153421950541394
IMAGE,SSP3-45,World,fossilco2,0.3%/y tolerance 2005-2040,0.008087583102017515,-0.11150188024948111,-0.060249253098838836
IMAGE,SSP3-45,World,pcgdpppp,0.3%/y tolerance 2005-2040,0.29207790761491936,-0.7095988455146455,-0.28030880845911765
IMAGE,SSP3-45,World,pop,0.3%/y tolerance 2005-2040,-0.056308669398340117,0.08590386424963625,0.024955635543360666
IMAGE,SSP4-45,World,co2intensity,0.3%/y tolerance 2005-2040,-0.15961471666460447,0.22204595091961699,0.05847709338352207
IMAGE,SSP4-45,World,energyintensity,0.3%/y tolerance 2005-2040,-0.5953274002593438,0.37024668515055403,-0.043570780025116496
IMAGE,SSP4-45,World,fossilco2,0.3%/y tolerance 2005-2040,-0.3376326902901077,0.6950752055491909,0.2524861073323486
IMAGE,SSP4-45,World,pcgdpppp,0.3%/y tolerance 2005-2040,0.5486645148393876,0.23982765330528644,0.37218630824847265
IMAGE,SSP4-45,World,pop,0.3%/y tolerance 2005-2040,-0.13135508820554698,-0.13704508382626657,-0.1346065142745296
MESSAGE-GLOBIOM,SSP1-34,World,co2intensity,0.3%/y tolerance 2005-2040,-0.196386331095188,0.22307109978984535,0.043303629410545344
MESSAGE-GLOBIOM,SSP1-34,World,energyintensity,0.3%/y tolerance 2005-2040,-0.919140859456506,-0.8537608183886121,-0.881780835989138
MESSAGE-GLOBIOM,SSP1-34,World,fossilco2,0.3%/y tolerance 2005-2040,-0.7420393624280693,0.2505351297877228,-0.1748539383047595
MESSAGE-GLOBIOM,SSP1-34,World,pcgdpppp,0.3%/y tolerance 2005-2040,0.6030988262951924,1.213420219374039,0.9518539080545333
MESSAGE-GLOBIOM,SSP1-34,World,pop,0.3%/y tolerance 2005-2040,-0.22961099817156772,-0.3321953709875497,-0.2882306397807003
MESSAGE-GLOBIOM,SSP1-45,World,co2intensity,0.3%/y tolerance 2005-2040,-0.1892963914922391,0.4120420823602299,0.1543255935663146
MESSAGE-GLOBIOM,SSP1-45,World,energyintensity,0.3%/y tolerance 2005-2040,-0.9150029242026598,-0.6617910509254411,-0.7703104251871062
MESSAGE-GLOBIOM,SSP1-45,World,fossilco2,0.3%/y tolerance 2005-2040,-0.7283468319369303,0.635760494398953,0.051143068826431604
MESSAGE-GLOBIOM,SSP1-45,World,pcgdpppp,0.3%/y tolerance 2005-2040,0.6055634819295364,1.2177048339517138,0.9553585402279234
MESSAGE-GLOBIOM,SSP1-45,World,pop,0.3%/y tolerance 2005-2040,-0.22961099817156772,-0.3321953709875497,-0.2882306397807003
MESSAGE-GLOBIOM,SSP1-Baseline,World,co2intensity,0.3%/y tolerance 2005-2040,-0.15833092361948387,0.526994476483179,0.2332835907248949
MESSAGE-GLOBIOM,SSP1-Baseline,World,energyintensity,0.3%/y tolerance 2005-2040,-0.8912703843321081,-0.5569550239682298,-0.7002330355527491
MESSAGE-GLOBIOM,SSP1-Baseline,World,fossilco2,0.3%/y tolerance 2005-2040,-0.6729851660007007,0.8572917762366943,0.20145880099209645
MESSAGE-GLOBIOM,SSP1-Baseline,World,pcgdpppp,0.3%/y tolerance 2005-2040,0.606227140122459,1.2194476947092947,0.9566388856006507
MESSAGE-GLOBIOM,SSP1-Baseline,World,pop,0.3%/y tolerance 2005-2040,-0.22961099817156772,-0.3321953709875497,-0.2882306397807003
MESSAGE-GLOBIOM,SSP2-34,World,co2intensity,0.3%/y tolerance 2005-2040,-0.3183903564185573,0.15310996261029935,-0.04896160268778206
MESSAGE-GLOBIOM,SSP2-34,World,energyintensity,0.3%/y tolerance 2005-2040,-0.5754594811017246,-0.08274356351826018,-0.2939075281968878
MESSAGE-GLOBIOM,SSP2-34,World,fossilco2,0.3%/y tolerance 2005-2040,-0.5372579100960126,0.14041087696696036,-0.15001860320288518
MESSAGE-GLOBIOM,SSP2-34,World,pcgdpppp,0.3%/y tolerance 2005-2040,0.5026376300932374,0.19276349278553007,0.3255666944888332
MESSAGE-GLOBIOM,SSP2-34,World,pop,0.3%/y tolerance 2005-2040,-0.1460457026689681,-0.12271901491060888,-0.13271616680704854
MESSAGE-GLOBIOM,SSP2-45,World,co2intensity,0.3%/y tolerance 2005-2040,-0.29335521395499176,0.4295294831254314,0.11972175580525002
MESSAGE-GLOBIOM,SSP2-45,World,energyintensity,0.3%/y tolerance 2005-2040,-0.5594585529536438,0.13322062366757959,-0.16364188059865897
MESSAGE-GLOBIOM,SSP2-45,World,fossilco2,0.3%/y tolerance 2005-2040,-0.4929209108578103,0.6396849721425306,0.15428245085667022
MESSAGE-GLOBIOM,SSP2-45,World,pcgdpppp,0.3%/y tolerance 2005-2040,0.5059385587197933,0.19965388026012854,0.3309187424571277
MESSAGE-GLOBIOM,SSP2-45,World,pop,0.3%/y tolerance 2005-2040,-0.1460457026689681,-0.12271901491060888,-0.13271616680704854
MESSAGE-GLOBIOM,SSP3-34,World,co2intensity,0.3%/y tolerance 2005-2040,-0.17599740607116088,-0.6111784071610605,-0.4246722638368178
MESSAGE-GLOBIOM,SSP3-34,World,energyintensity,0.3%/y tolerance 2005-2040,0.36945795137977,0.5002375780647031,0.4441891666283032
MESSAGE-GLOBIOM,SSP3-34,World,fossilco2,0.3%/y tolerance 2005-2040,0.47862100543697195,-0.8448413279864992,-0.2776431850907259
MESSAGE-GLOBIOM,SSP3-34,World,pcgdpppp,0.3%/y tolerance 2005-2040,0.36614773370420317,-0.8190217061034157,-0.3110919461858648
MESSAGE-GLOBIOM,SSP3-34,World,pop,0.3%/y tolerance 2005-2040,-0.08098727357584035,0.08512120721327388,0.013931858303653497
REMIND-MAGPIE,SSP1-34,World,co2intensity,0.3%/y tolerance 2005-2040,-0.2884516595587737,0.6575948374066419,0.25214633870717806
REMIND-MAGPIE,SSP1-34,World,energyintensity,0.3%/y tolerance 2005-2040,-0.9128706715415986,-1.0530316996430336,-0.9929626875995614
REMIND-MAGPIE,SSP1-34,World,fossilco2,0.3%/y tolerance 2005-2040,-0.860514757300619,0.5261338413003551,-0.06814412952863375
REMIND-MAGPIE,SSP1-34,World,pcgdpppp,0.3%/y tolerance 2005-2040,0.5488195936215824,1.2573748223252212,0.9537082957379474
REMIND-MAGPIE,SSP1-34,World,pop,0.3%/y tolerance 2005-2040,-0.20801201982182904,-0.3358041187884747,-0.281036076374198
REMIND-MAGPIE,SSP1-45,World,co2intensity,0.3%/y tolerance 2005-2040,-0.2884516595587737,0.9052693429000535,0.3936746275605561
REMIND-MAGPIE,SSP1-45,World,energyintensity,0.3%/y tolerance 2005-2040,-0.9128706715415986,-0.7736197830641841,-0.8332987352687903
REMIND-MAGPIE,SSP1-45,World,fossilco2,0.3%/y tolerance 2005-2040,-0.860514757300619,1.0668442500035462,0.24083324687318974
REMIND-MAGPIE,SSP1-45,World,pcgdpppp,0.3%/y tolerance 2005-2040,0.5488195936215824,1.2709988089561515,0.9614934309556218
REMIND-MAGPIE,SSP1-45,World,pop,0.3%/y tolerance 2005-2040,-0.20801201982182904,-0.3358041187884747,-0.281036076374198
REMIND-MAGPIE,SSP2-34,World,co2intensity,0.3%/y tolerance 2005-2040,-0.012131306506821815,0.024650978852379546,0.008887142269864676
REMIND-MAGPIE,SSP2-34,World,energyintensity,0.3%/y tolerance 2005-2040,-0.2642517623436691,-0.4089603682563466,-0.3469423942937705
REMIND-MAGPIE,SSP2-34,World,fossilco2,0.3%/y tolerance 2005-2040,0.06442450494926244,-0.3214215626103984,-0.15605896222768662
REMIND-MAGPIE,SSP2-34,World,pcgdpppp,0.3%/y tolerance 2005-2040,0.46538087407604656,0.19014657106975108,0.30810412950102056
REMIND-MAGPIE,SSP2-34,World,pop,0.3%/y tolerance 2005-2040,-0.12457330027629321,-0.12725874427618244,-0.12610783970480133
REMIND-MAGPIE,SSP2-45,World,co2intensity,0.3%/y tolerance 2005-2040,-0.012131306506821815,0.40227595187510523,0.2246728411399936
REMIND-MAGPIE,SSP2-45,World,energyintensity,0.3%/y tolerance 2005-2040,-0.2642517623436691,-0.029896072359792747,-0.13033422521002547
REMIND-MAGPIE,SSP2-45,World,fossilco2,0.3%/y tolerance 2005-2040,0.06442450494926244,0.4595069134895108,0.2901858812579758
REMIND-MAGPIE,SSP2-45,World,pcgdpppp,0.3%/y tolerance 2005-2040,0.46538087407604656,0.21438577825038074,0.32195510503280894
REMIND-MAGPIE,SSP2-45,World,pop,0.3%/y tolerance 2005-2040,-0.12457330027629321,-0.12725874427618244,-0.12610783970480133
REMIND-MAGPIE,SSP5-26,World,co2intensity,0.3%/y tolerance 2005-2040,-0.15697816110426932,0.23308477636789232,0.0659149460226802
REMIND-MAGPIE,SSP5-26,World,energyintensity,0.3%/y tolerance 2005-2040,-0.1026413521542664,-1.5673544260643055,-0.9396202515314316
REMIND-MAGPIE,SSP5-26,World,fossilco2,0.3%/y tolerance 2005-2040,0.12714261637663715,0.2834748291130767,0.2164753093688883
REMIND-MAGPIE,SSP5-26,World,pcgdpppp,0.3%/y tolerance 2005-2040,0.5868244963122979,1.9248796982950784,1.3514274688738865
REMIND-MAGPIE,SSP5-26,World,pop,0.3%/y tolerance 2005-2040,-0.20006236667712507,-0.30713521948558864,-0.2612468539962471
WITCH-GLOBIOM,SSP1-45,World,co2intensity,0.3%/y tolerance 2005-2040,-0.14318717821092908,0.08977333590875042,-0.010066884428255082
WITCH-GLOBIOM,SSP1-45,World,energyintensity,0.3%/y tolerance 2005-2040,0.061455795896601995,-0.7296819232263426,-0.3906229007450806
WITCH-GLOBIOM,SSP1-45,World,fossilco2,0.3%/y tolerance 2005-2040,0.13726562314864732,0.17255326469925497,0.15742998974899453
WITCH-GLOBIOM,SSP1-45,World,pcgdpppp,0.3%/y tolerance 2005-2040,0.4186116390603325,1.144712346014562,0.8335263287484636
WITCH-GLOBIOM,SSP1-45,World,pop,0.3%/y tolerance 2005-2040,-0.1996146335973581,-0.332250493997715,-0.27540655382613344
WITCH-GLOBIOM,SSP2-45,World,co2intensity,0.3%/y tolerance 2005-2040,-0.17207582928845322,0.23271269003107922,0.0592318960369939
WITCH-GLOBIOM,SSP2-45,World,energyintensity,0.3%/y tolerance 2005-2040,0.34996691559584003,0.012645303368978178,0.1572117086090618
WITCH-GLOBIOM,SSP2-45,World,fossilco2,0.3%/y tolerance 2005-2040,0.38053908741993014,0.2253014746654374,0.29183188013164857
WITCH-GLOBIOM,SSP2-45,World,pcgdpppp,0.3%/y tolerance 2005-2040,0.3186876426385863,0.1027391023543408,0.19528847676187458
WITCH-GLOBIOM,SSP2-45,World,pop,0.3%/y tolerance 2005-2040,-0.11603964152604296,-0.1227956210889608,-0.11990020127628173
WITCH-GLOBIOM,SSP3-45,World,co2intensity,0.3%/y tolerance 2005-2040,-0.0879426094963609,0.21211196041605146,0.0835171447393033
WITCH-GLOBIOM,SSP3-45,World,energyintensity,0.3%/y tolerance 2005-2040,0.844433940035054,0.4002624507176825,0.5906216604251274
WITCH-GLOBIOM,SSP3-45,World,fossilco2,0.3%/y tolerance 2005-2040,0.9007330659370865,-0.15937215352162698,0.29495865481782163
WITCH-GLOBIOM,SSP3-45,World,pcgdpppp,0.3%/y tolerance 2005-2040,0.1952259267423997,-0.8568176074462234,-0.40594180707967065
WITCH-GLOBIOM,SSP3-45,World,pop,0.3%/y tolerance 2005-2040,-0.050984191344006335,0.08507104279086242,0.026761656733061523
WITCH-GLOBIOM,SSP4-34,World,co2intensity,0.3%/y tolerance 2005-2040,-0.12547560745168163,-0.34093712650803754,-0.248596475483885
WITCH-GLOBIOM,SSP4-34,World,energyintensity,0.3%/y tolerance 2005-2040,0.5080310802462737,-0.488005630678395,-0.06113275456782269
WITCH-GLOBIOM,SSP4-34,World,fossilco2,0.3%/y tolerance 2005-2040,0.563590187465725,-0.8683682861115634,-0.25467179743558266
WITCH-GLOBIOM,SSP4-34,World,pcgdpppp,0.3%/y tolerance 2005-2040,0.30727137153827244,0.09925700006209148,0.18840601640902618
WITCH-GLOBIOM,SSP4-34,World,pop,0.3%/y tolerance 2005-2040,-0.12623665686713959,-0.13868252898722233,-0.13334858379290115
WITCH-GLOBIOM,SSP5-45,World,co2intensity,0.3%/y tolerance 2005-2040,-0.13317264094336134,0.06094037453776896,-0.02225091781128688
WITCH-GLOBIOM,SSP5-45,World,energyintensity,0.3%/y tolerance 2005-2040,0.10480926591029349,-1.3477829494840519,-0.725243428600761
WITCH-GLOBIOM,SSP5-45,World,fossilco2,0.3%/y tolerance 2005-2040,0.26670506169272024,0.22105403094848147,0.24061875841029806
WITCH-GLOBIOM,SSP5-45,World,pcgdpppp,0.3%/y tolerance 2005-2040,0.4866350230143133,1.8105594708276724,1.2431632789076614
WITCH-GLOBIOM,SSP5-45,World,pop,0.3%/y tolerance 2005-2040,-0.1915665862885252,-0.3026628649329083,-0.2550501740853155
AIM/CGE,SSP1-19,World,co2intensity,Other Scenarios,0.03005499748302809,-2.441062798674066,-1.3820123146067398
AIM/CGE,SSP1-19,World,energyintensity,Other Scenarios,-1.1394149240759277,-2.5808954555157952,-1.963118084898709
AIM/CGE,SSP1-19,World,fossilco2,Other Scenarios,-0.7132451136152707,-4.203003084183743,-2.7073925253686832
AIM/CGE,SSP1-19,World,pcgdpppp,Other Scenarios,0.6019347427496526,1.1531973244522278,0.9169419322939812
AIM/CGE,SSP1-19,World,pop,Other Scenarios,-0.20581992977202357,-0.33424215444610994,-0.2792040581572158
AIM/CGE,SSP1-26,World,co2intensity,Other Scenarios,0.03109383582914116,-0.778584319507508,-0.43157939579180116
AIM/CGE,SSP1-26,World,energyintensity,Other Scenarios,-1.1377379919290482,-2.0035341625345207,-1.632478660846461
AIM/CGE,SSP1-26,World,fossilco2,Other Scenarios,-0.7104222229566453,-1.8956326521505567,-1.387685325353166
AIM/CGE,SSP1-26,World,pcgdpppp,Other Scenarios,0.6020418629152855,1.2207279843375818,0.955576789442312
AIM/CGE,SSP1-26,World,pop,Other Scenarios,-0.20581992977202357,-0.33424215444610994,-0.2792040581572158
AIM/CGE,SSP1-34,World,co2intensity,Other Scenarios,0.03109383582914116,0.1525951620501142,0.1005231650982686
AIM/CGE,SSP1-34,World,energyintensity,Other Scenarios,-1.1377379919290482,-1.3465930866131002,-1.257083760319935
AIM/CGE,SSP1-34,World,fossilco2,Other Scenarios,-0.7104222229566453,-0.2596856735975612,-0.45285848046574007
AIM/CGE,SSP1-34,World,pcgdpppp,Other Scenarios,0.6020418629152855,1.2685544054115345,0.9829061729131421
AIM/CGE,SSP1-34,World,pop,Other Scenarios,-0.20581992977202357,-0.33424215444610994,-0.2792040581572158
AIM/CGE,SSP2-19,World,co2intensity,Other Scenarios,0.10490750631504686,-2.7712313502783346,-1.5386004117383139
AIM/CGE,SSP2-19,World,energyintensity,Other Scenarios,-0.3515586926051826,-1.5652301525526244,-1.0450852411465779
AIM/CGE,SSP2-19,World,fossilco2,Other Scenarios,0.1273281468873786,-4.444871054125688,-2.4853571108343737
AIM/CGE,SSP2-19,World,pcgdpppp,Other Scenarios,0.49670738479880105,0.017675897472428592,0.2229751063265882
AIM/CGE,SSP2-19,World,pop,Other Scenarios,-0.12272805162128675,-0.12608544876715755,-0.12464656427607004
AIM/CGE,SSP2-26,World,co2intensity,Other Scenarios,0.10471845686998815,-0.8065813882086569,-0.4160243117463804
AIM/CGE,SSP2-26,World,energyintensity,Other Scenarios,-0.3518409387839374,-0.9433608531605228,-0.6898523184277005
AIM/CGE,SSP2-26,World,fossilco2,Other Scenarios,0.12690025893944235,-1.7598404507924919,-0.9512372894788058
AIM/CGE,SSP2-26,World,pcgdpppp,Other Scenarios,0.49675079247467835,0.11618723934384534,0.2792859049713452
AIM/CGE,SSP2-26,World,pop,Other Scenarios,-0.12272805162128675,-0.12608544876715755,-0.12464656427607004
AIM/CGE,SSP2-45,World,co2intensity,Other Scenarios,0.10471845686998815,0.4965005305113822,0.32859392752221334
AIM/CGE,SSP2-45,World,energyintensity,Other Scenarios,-0.3518409387839374,0.11969823565117033,-0.08238998196387583
AIM/CGE,SSP2-45,World,fossilco2,Other Scenarios,0.12690025893944235,0.7259559936875097,0.46921782165262366
AIM/CGE,SSP2-45,World,pcgdpppp,Other Scenarios,0.49675079247467835,0.23584267629211475,0.34766044037035626
AIM/CGE,SSP2-45,World,pop,Other Scenarios,-0.12272805162128675,-0.12608544876715755,-0.12464656427607004
AIM/CGE,SSP2-60,World,co2intensity,Other Scenarios,0.10471845686998815,0.5963836746856885,0.3856700099075312
AIM/CGE,SSP2-60,World,energyintensity,Other Scenarios,-0.3518409387839374,0.2514687382853956,-0.007092551887175669
AIM/CGE,SSP2-60,World,fossilco2,Other Scenarios,0.12690025893944235,0.9644966559815163,0.6055267715349132
AIM/CGE,SSP2-60,World,pcgdpppp,Other Scenarios,0.49675079247467835,0.24272969177758974,0.3515958777906277
AIM/CGE,SSP2-60,World,pop,Other Scenarios,-0.12272805162128675,-0.12608544876715755,-0.12464656427607004
AIM/CGE,SSP2-Baseline,World,co2intensity,Other Scenarios,0.22134635430378835,0.8999134517925121,0.6090989814402019
AIM/CGE,SSP2-Baseline,World,energyintensity,Other Scenarios,-0.16619897929034932,0.44350108760081863,0.18220105893317518
AIM/CGE,SSP2-Baseline,World,fossilco2,Other Scenarios,0.43175760034991995,1.4664525357853024,1.0230118491701385
AIM/CGE,SSP2-Baseline,World,pcgdpppp,Other Scenarios,0.49933827695776767,0.2491234451591292,0.35635837307283136
AIM/CGE,SSP2-Baseline,World,pop,Other Scenarios,-0.12272805162128675,-0.12608544876715755,-0.12464656427607004
AIM/CGE,SSP3-34,World,co2intensity,Other Scenarios,0.06382170105028728,-0.12697886799568747,-0.04520719554741258
AIM/CGE,SSP3-34,World,energyintensity,Other Scenarios,-0.058440971728102475,0.0888191222378013,0.02570765339527111
AIM/CGE,SSP3-34,World,fossilco2,Other Scenarios,0.32589817426983037,-0.8260390834566051,-0.3323516872881328
AIM/CGE,SSP3-34,World,pcgdpppp,Other Scenarios,0.3786763388440779,-0.8691735051007513,-0.3343807148386816
AIM/CGE,SSP3-34,World,pop,Other Scenarios,-0.05815889389643236,0.08129416740203232,0.021528569702690313
AIM/CGE,SSP3-60,World,co2intensity,Other Scenarios,0.06382170105028728,0.49623221930100814,0.3109134257649849
AIM/CGE,SSP3-60,World,energyintensity,Other Scenarios,-0.058440971728102475,0.7999381386444019,0.4320613770561857
AIM/CGE,SSP3-60,World,fossilco2,Other Scenarios,0.32589817426983037,0.6073315422726393,0.48671724170000685
AIM/CGE,SSP3-60,World,pcgdpppp,Other Scenarios,0.3786763388440779,-0.770132983074803,-0.27778613082385406
AIM/CGE,SSP3-60,World,pop,Other Scenarios,-0.05815889389643236,0.08129416740203232,0.021528569702690313
AIM/CGE,SSP3-Baseline,World,co2intensity,Other Scenarios,0.15648697752429097,0.8737163986581807,0.5663323610293708
AIM/CGE,SSP3-Baseline,World,energyintensity,Other Scenarios,0.08794581655948597,1.2824100062733281,0.770496782110253
AIM/CGE,SSP3-Baseline,World,fossilco2,Other Scenarios,0.5681761446881681,1.5041938223215305,1.1030433890500895
AIM/CGE,SSP3-Baseline,World,pcgdpppp,Other Scenarios,0.38190224450082355,-0.7332267500120108,-0.25531432379222463
AIM/CGE,SSP3-Baseline,World,pop,Other Scenarios,-0.05815889389643236,0.08129416740203232,0.021528569702690313
AIM/CGE,SSP4-26,World,co2intensity,Other Scenarios,0.08352394496540994,-0.8617572749745338,-0.4566367521431293
AIM/CGE,SSP4-26,World,energyintensity,Other Scenarios,-0.19124654634995109,-0.7548037488584666,-0.5132792334976741
AIM/CGE,SSP4-26,World,fossilco2,Other Scenarios,0.23852010754276343,-1.5919490931485907,-0.8074622928522961
AIM/CGE,SSP4-26,World,pcgdpppp,Other Scenarios,0.4800060929671446,0.16807974799223324,0.30176246726719524
AIM/CGE,SSP4-26,World,pop,Other Scenarios,-0.13376338403984,-0.14346781730782354,-0.13930877447868772
AIM/CGE,SSP4-45,World,co2intensity,Other Scenarios,0.08352394496540994,0.28095881931109773,0.19634387316294583
AIM/CGE,SSP4-45,World,energyintensity,Other Scenarios,-0.19124654634995109,0.09429367773778385,-0.028080704014102544
AIM/CGE,SSP4-45,World,fossilco2,Other Scenarios,0.23852010754276343,0.46876777984198253,0.3700902059994601
AIM/CGE,SSP4-45,World,pcgdpppp,Other Scenarios,0.4800060929671446,0.2369831001009245,0.3411358113293045
AIM/CGE,SSP4-45,World,pop,Other Scenarios,-0.13376338403984,-0.14346781730782354,-0.13930877447868772
AIM/CGE,SSP4-Baseline,World,co2intensity,Other Scenarios,0.11789750799488918,0.5461850460408911,0.36263324402117597
AIM/CGE,SSP4-Baseline,World,energyintensity,Other Scenarios,-0.16991625388270926,0.26681434041679364,0.0796440857170067
AIM/CGE,SSP4-Baseline,World,fossilco2,Other Scenarios,0.2932535935169127,0.9062147685244442,0.643517122092645
AIM/CGE,SSP4-Baseline,World,pcgdpppp,Other Scenarios,0.4790357234445728,0.23668319937458293,0.34054856683315
AIM/CGE,SSP4-Baseline,World,pop,Other Scenarios,-0.13376338403984,-0.14346781730782354,-0.13930877447868772
AIM/CGE,SSP5-26,World,co2intensity,Other Scenarios,0.17033292546485335,-1.2357752526390633,-0.633157462023099
AIM/CGE,SSP5-26,World,energyintensity,Other Scenarios,-0.57285612100333,-2.1037426365978815,-1.4476484156287879
AIM/CGE,SSP5-26,World,fossilco2,Other Scenarios,0.06286801248090934,-1.8190789229405164,-1.0125302363313338
AIM/CGE,SSP5-26,World,pcgdpppp,Other Scenarios,0.6633758956020939,1.8251018284303262,1.3272192857896552
AIM/CGE,SSP5-26,World,pop,Other Scenarios,-0.19798468758270782,-0.30466286213389815,-0.2589436444691023
AIM/CGE,SSP5-45,World,co2intensity,Other Scenarios,0.17033292546485335,0.5201307598072346,0.37021740223192834
AIM/CGE,SSP5-45,World,energyintensity,Other Scenarios,-0.57285612100333,-0.9754866387106994,-0.8029307025503982
AIM/CGE,SSP5-45,World,fossilco2,Other Scenarios,0.06286801248090934,1.2459874079495774,0.7389362384630053
AIM/CGE,SSP5-45,World,pcgdpppp,Other Scenarios,0.6633758956020939,2.0060061489869403,1.4305931832505774
AIM/CGE,SSP5-45,World,pop,Other Scenarios,-0.19798468758270782,-0.30466286213389815,-0.2589436444691023
AIM/CGE,SSP5-60,World,co2intensity,Other Scenarios,0.17033292546485335,0.5790975300342524,0.4039126995045099
AIM/CGE,SSP5-60,World,energyintensity,Other Scenarios,-0.57285612100333,-0.8950328730936624,-0.7569571221978056
AIM/CGE,SSP5-60,World,fossilco2,Other Scenarios,0.06286801248090934,1.3967282336712488,0.8250738531611032
AIM/CGE,SSP5-60,World,pcgdpppp,Other Scenarios,0.6633758956020939,2.017326438864557,1.437061920323501
AIM/CGE,SSP5-60,World,pop,Other Scenarios,-0.19798468758270782,-0.30466286213389815,-0.2589436444691023
AIM/CGE,SSP5-Baseline,World,co2intensity,Other Scenarios,0.28854826830634095,0.9946488597416216,0.6920343205550727
AIM/CGE,SSP5-Baseline,World,energyintensity,Other Scenarios,-0.35934099853329293,-0.4465118415815681,-0.40915290884659306
AIM/CGE,SSP5-Baseline,World,fossilco2,Other Scenarios,0.3985602109196138,2.296006273274635,1.4828151036939117
AIM/CGE,SSP5-Baseline,World,pcgdpppp,Other Scenarios,0.6673376287292736,2.0525321172484796,1.4588773364545342
AIM/CGE,SSP5-Baseline,World,pop,Other Scenarios,-0.19798468758270782,-0.30466286213389815,-0.2589436444691023
GCAM4,SSP1-19,World,co2intensity,Other Scenarios,NA,-0.5431999742044102,NA
GCAM4,SSP1-19,World,energyintensity,Other Scenarios,NA,-1.2348599332339747,NA
GCAM4,SSP1-19,World,fossilco2,Other Scenarios,NA,-0.8845897948923903,NA
GCAM4,SSP1-19,World,pcgdpppp,Other Scenarios,NA,1.228459081599282,NA
GCAM4,SSP1-19,World,pop,Other Scenarios,NA,-0.33498896905328757,NA
GCAM4,SSP1-26,World,co2intensity,Other Scenarios,NA,0.12310076776229523,NA
GCAM4,SSP1-26,World,energyintensity,Other Scenarios,NA,-0.7530222600520061,NA
GCAM4,SSP1-26,World,fossilco2,Other Scenarios,NA,0.2649317620187313,NA
GCAM4,SSP1-26,World,pcgdpppp,Other Scenarios,NA,1.2298422233617297,NA
GCAM4,SSP1-26,World,pop,Other Scenarios,NA,-0.33498896905328757,NA
GCAM4,SSP1-34,World,co2intensity,Other Scenarios,NA,0.44584409475502673,NA
GCAM4,SSP1-34,World,energyintensity,Other Scenarios,NA,-0.4725031928797748,NA
GCAM4,SSP1-34,World,fossilco2,Other Scenarios,NA,0.8681941561836941,NA
GCAM4,SSP1-34,World,pcgdpppp,Other Scenarios,NA,1.2298422233617297,NA
GCAM4,SSP1-34,World,pop,Other Scenarios,NA,-0.33498896905328757,NA
GCAM4,SSP1-45,World,co2intensity,Other Scenarios,NA,0.5752401191401889,NA
GCAM4,SSP1-45,World,energyintensity,Other Scenarios,NA,-0.3519791714775796,NA
GCAM4,SSP1-45,World,fossilco2,Other Scenarios,NA,1.1181142019710515,NA
GCAM4,SSP1-45,World,pcgdpppp,Other Scenarios,NA,1.2298422233617297,NA
GCAM4,SSP1-45,World,pop,Other Scenarios,NA,-0.33498896905328757,NA
GCAM4,SSP1-Baseline,World,co2intensity,Other Scenarios,NA,0.6166571946155385,NA
GCAM4,SSP1-Baseline,World,energyintensity,Other Scenarios,NA,-0.3113456286432833,NA
GCAM4,SSP1-Baseline,World,fossilco2,Other Scenarios,NA,1.1987816785182497,NA
GCAM4,SSP1-Baseline,World,pcgdpppp,Other Scenarios,NA,1.228459081599282,NA
GCAM4,SSP1-Baseline,World,pop,Other Scenarios,NA,-0.33498896905328757,NA
GCAM4,SSP2-19,World,co2intensity,Other Scenarios,NA,-1.5391006282728905,NA
GCAM4,SSP2-19,World,energyintensity,Other Scenarios,NA,-0.23823255947157918,NA
GCAM4,SSP2-19,World,fossilco2,Other Scenarios,NA,-1.6913092508065637,NA
GCAM4,SSP2-19,World,pcgdpppp,Other Scenarios,NA,0.2126791790946544,NA
GCAM4,SSP2-19,World,pop,Other Scenarios,NA,-0.1266552421567485,NA
GCAM4,SSP2-26,World,co2intensity,Other Scenarios,NA,-0.6725155044705934,NA
GCAM4,SSP2-26,World,energyintensity,Other Scenarios,NA,-0.09258924410600577,NA
GCAM4,SSP2-26,World,fossilco2,Other Scenarios,NA,-0.6794251238556888,NA
GCAM4,SSP2-26,World,pcgdpppp,Other Scenarios,NA,0.2123348668776589,NA
GCAM4,SSP2-26,World,pop,Other Scenarios,NA,-0.1266552421567485,NA
GCAM4,SSP2-34,World,co2intensity,Other Scenarios,NA,0.26733948501071014,NA
GCAM4,SSP2-34,World,energyintensity,Other Scenarios,NA,0.3425819944973033,NA
GCAM4,SSP2-34,World,fossilco2,Other Scenarios,NA,0.69560110422892385,NA
GCAM4,SSP2-34,World,pcgdpppp,Other Scenarios,NA,0.2123348668776589,NA
GCAM4,SSP2-34,World,pop,Other Scenarios,NA,-0.1266552421567485,NA
GCAM4,SSP2-45,World,co2intensity,Other Scenarios,NA,0.3905827694275331,NA
GCAM4,SSP2-45,World,energyintensity,Other Scenarios,NA,0.4366443432913806,NA
GCAM4,SSP2-45,World,fossilco2,Other Scenarios,NA,0.9129067374398241,NA
GCAM4,SSP2-45,World,pcgdpppp,Other Scenarios,NA,0.2123348668776589,NA
GCAM4,SSP2-45,World,pop,Other Scenarios,NA,-0.1266552421567485,NA
GCAM4,SSP2-60,World,co2intensity,Other Scenarios,NA,0.651234483488684,NA
GCAM4,SSP2-60,World,energyintensity,Other Scenarios,NA,0.7045577710671173,NA
GCAM4,SSP2-60,World,fossilco2,Other Scenarios,NA,1.4414718792767116,NA
GCAM4,SSP2-60,World,pcgdpppp,Other Scenarios,NA,0.2123348668776589,NA
GCAM4,SSP2-60,World,pop,Other Scenarios,NA,-0.1266552421567485,NA
GCAM4,SSP2-Baseline,World,co2intensity,Other Scenarios,NA,0.7261684954712456,NA
GCAM4,SSP2-Baseline,World,energyintensity,Other Scenarios,NA,0.758588194223936,NA
GCAM4,SSP2-Baseline,World,fossilco2,Other Scenarios,NA,1.5707806266330875,NA
GCAM4,SSP2-Baseline,World,pcgdpppp,Other Scenarios,NA,0.2126791790946544,NA
GCAM4,SSP2-Baseline,World,pop,Other Scenarios,NA,-0.1266552421567485,NA
GCAM4,SSP3-Baseline,World,co2intensity,Other Scenarios,NA,0.8783303821162379,NA
GCAM4,SSP3-Baseline,World,energyintensity,Other Scenarios,NA,1.2527550017226465,NA
GCAM4,SSP3-Baseline,World,fossilco2,Other Scenarios,NA,1.4676609165438153,NA
GCAM4,SSP3-Baseline,World,pcgdpppp,Other Scenarios,NA,-0.7438324947032297,NA
GCAM4,SSP3-Baseline,World,pop,Other Scenarios,NA,0.08040802740816033,NA
GCAM4,SSP4-26,World,co2intensity,Other Scenarios,NA,-1.0175464462024766,NA
GCAM4,SSP4-26,World,energyintensity,Other Scenarios,NA,-0.18826107511820644,NA
GCAM4,SSP4-26,World,fossilco2,Other Scenarios,NA,-1.151115683066591,NA
GCAM4,SSP4-26,World,pcgdpppp,Other Scenarios,NA,0.19953710186510343,NA
GCAM4,SSP4-26,World,pop,Other Scenarios,NA,-0.14484526361101147,NA
GCAM4,SSP4-34,World,co2intensity,Other Scenarios,NA,-0.31055396704475,NA
GCAM4,SSP4-34,World,energyintensity,Other Scenarios,NA,0.019272579202835094,NA
GCAM4,SSP4-34,World,fossilco2,Other Scenarios,NA,-0.23538009107222654,NA
GCAM4,SSP4-34,World,pcgdpppp,Other Scenarios,NA,0.20074656038069982,NA
GCAM4,SSP4-34,World,pop,Other Scenarios,NA,-0.14484526361101147,NA
GCAM4,SSP4-45,World,co2intensity,Other Scenarios,NA,0.10411268496899212,NA
GCAM4,SSP4-45,World,energyintensity,Other Scenarios,NA,0.240862561975698,NA
GCAM4,SSP4-45,World,fossilco2,Other Scenarios,NA,0.4008765437143785,NA
GCAM4,SSP4-45,World,pcgdpppp,Other Scenarios,NA,0.20074656038069982,NA
GCAM4,SSP4-45,World,pop,Other Scenarios,NA,-0.14484526361101147,NA
GCAM4,SSP4-60,World,co2intensity,Other Scenarios,NA,0.588106013296542,NA
GCAM4,SSP4-60,World,energyintensity,Other Scenarios,NA,0.5851437451868816,NA
GCAM4,SSP4-60,World,fossilco2,Other Scenarios,NA,1.229151055253112,NA
GCAM4,SSP4-60,World,pcgdpppp,Other Scenarios,NA,0.20074656038069982,NA
GCAM4,SSP4-60,World,pop,Other Scenarios,NA,-0.14484526361101147,NA
GCAM4,SSP4-Baseline,World,co2intensity,Other Scenarios,-0.020483421161830773,0.6180401919597843,0.34438721490766355
GCAM4,SSP4-Baseline,World,energyintensity,Other Scenarios,0.2788774905544591,0.5966473306557766,0.4604602563266405
GCAM4,SSP4-Baseline,World,fossilco2,Other Scenarios,0.505032626723289,1.2705888193852493,0.942493308244409
GCAM4,SSP4-Baseline,World,pcgdpppp,Other Scenarios,0.38306804953730733,0.20074656038069982,0.2788843414478173
GCAM4,SSP4-Baseline,World,pop,Other Scenarios,-0.13642949220664669,-0.14484526361101147,-0.14123850443771227
GCAM4,SSP5-19,World,co2intensity,Other Scenarios,NA,-0.9981434248883545,NA
GCAM4,SSP5-19,World,energyintensity,Other Scenarios,NA,-0.7883814726083537,NA
GCAM4,SSP5-19,World,fossilco2,Other Scenarios,NA,-0.09435607308728339,NA
GCAM4,SSP5-19,World,pcgdpppp,Other Scenarios,NA,1.9984175708094094,NA
GCAM4,SSP5-19,World,pop,Other Scenarios,NA,-0.3062487463999847,NA
GCAM4,SSP5-26,World,co2intensity,Other Scenarios,NA,-0.5695660545635317,NA
GCAM4,SSP5-26,World,energyintensity,Other Scenarios,NA,-0.7221749110398442,NA
GCAM4,SSP5-26,World,fossilco2,Other Scenarios,NA,0.40042785880604886,NA
GCAM4,SSP5-26,World,pcgdpppp,Other Scenarios,NA,1.9984175708094094,NA
GCAM4,SSP5-26,World,pop,Other Scenarios,NA,-0.3062487463999847,NA
GCAM4,SSP5-34,World,co2intensity,Other Scenarios,NA,0.192106257600958,NA
GCAM4,SSP5-34,World,energyintensity,Other Scenarios,NA,-0.4434600119037988,NA
GCAM4,SSP5-34,World,fossilco2,Other Scenarios,NA,1.441051028494195,NA
GCAM4,SSP5-34,World,pcgdpppp,Other Scenarios,NA,1.9986535291970204,NA
GCAM4,SSP5-34,World,pop,Other Scenarios,NA,-0.3062487463999847,NA
GCAM4,SSP5-45,World,co2intensity,Other Scenarios,NA,0.4791050314521239,NA
GCAM4,SSP5-45,World,energyintensity,Other Scenarios,NA,-0.25814040933509563,NA
GCAM4,SSP5-45,World,fossilco2,Other Scenarios,NA,1.9133694049140642,NA
GCAM4,SSP5-45,World,pcgdpppp,Other Scenarios,NA,1.9986535291970204,NA
GCAM4,SSP5-45,World,pop,Other Scenarios,NA,-0.3062487463999847,NA
GCAM4,SSP5-60,World,co2intensity,Other Scenarios,NA,0.7127838791858023,NA
GCAM4,SSP5-60,World,energyintensity,Other Scenarios,NA,-0.010026415438969316,NA
GCAM4,SSP5-60,World,fossilco2,Other Scenarios,NA,2.395162246543869,NA
GCAM4,SSP5-60,World,pcgdpppp,Other Scenarios,NA,1.9986535291970204,NA
GCAM4,SSP5-60,World,pop,Other Scenarios,NA,-0.3062487463999847,NA
GCAM4,SSP5-Baseline,World,co2intensity,Other Scenarios,NA,0.8611343147060282,NA
GCAM4,SSP5-Baseline,World,energyintensity,Other Scenarios,NA,0.14911068737685795,NA
GCAM4,SSP5-Baseline,World,fossilco2,Other Scenarios,NA,2.702413826492311,NA
GCAM4,SSP5-Baseline,World,pcgdpppp,Other Scenarios,NA,1.9984175708094094,NA
GCAM4,SSP5-Baseline,World,pop,Other Scenarios,NA,-0.3062487463999847,NA
IMAGE,SSP1-19,World,co2intensity,Other Scenarios,-0.16555209886146427,-1.980406610429487,-1.202611819757477
IMAGE,SSP1-19,World,energyintensity,Other Scenarios,-1.5922279119508935,-2.727576237459047,-2.2409983836698384
IMAGE,SSP1-19,World,fossilco2,Other Scenarios,-1.4604532954931464,-3.7423442869503436,-2.764391004897259
IMAGE,SSP1-19,World,pcgdpppp,Other Scenarios,0.5022753587800113,1.2971864454556377,0.9565102654517977
IMAGE,SSP1-19,World,pop,Other Scenarios,-0.20494864346079988,-0.33154788451744743,-0.2772910669217413
IMAGE,SSP1-26,World,co2intensity,Other Scenarios,0.05022316190093368,-0.17082119960585407,-0.07608790181723074
IMAGE,SSP1-26,World,energyintensity,Other Scenarios,-0.7951138136442608,-1.6994176190211938,-1.3118588452882225
IMAGE,SSP1-26,World,fossilco2,Other Scenarios,-0.44756393642411574,-0.9046002576888574,-0.7087275485753967
IMAGE,SSP1-26,World,pcgdpppp,Other Scenarios,0.5022753587800113,1.2971864454556377,0.9565102654517977
IMAGE,SSP1-26,World,pop,Other Scenarios,-0.20494864346079988,-0.33154788451744743,-0.2772910669217413
IMAGE,SSP2-26,World,co2intensity,Other Scenarios,-0.27159733090563254,-1.5343062883692813,-0.9931453065991461
IMAGE,SSP2-26,World,energyintensity,Other Scenarios,-0.5117839634119024,-1.60235310731737,-1.1349663313578837
IMAGE,SSP2-26,World,fossilco2,Other Scenarios,-0.5000221631016102,-3.0053858095738644,-1.931658532514327
IMAGE,SSP2-26,World,pcgdpppp,Other Scenarios,0.40488640646473795,0.2537129099990195,0.3185015513414703
IMAGE,SSP2-26,World,pop,Other Scenarios,-0.12152727524881324,-0.12243932388623258,-0.12204844589876714
IMAGE,SSP2-34,World,co2intensity,Other Scenarios,-0.1548575581709275,-0.07975362525142538,-0.11194102507406914
IMAGE,SSP2-34,World,energyintensity,Other Scenarios,-0.39446427730987965,-0.6517336432299644,-0.541475343549928
IMAGE,SSP2-34,World,fossilco2,Other Scenarios,-0.26596270426488244,-0.6002136823686028,-0.4569632631812941
IMAGE,SSP2-34,World,pcgdpppp,Other Scenarios,0.40488640646473795,0.2537129099990195,0.3185015513414703
IMAGE,SSP2-34,World,pop,Other Scenarios,-0.12152727524881324,-0.12243932388623258,-0.12204844589876714
IMAGE,SSP2-60,World,co2intensity,Other Scenarios,-0.09350609039070856,0.6098627988851334,0.3084189891954868
IMAGE,SSP2-60,World,energyintensity,Other Scenarios,-0.25640348963229953,0.24501564089143646,0.03012172780983531
IMAGE,SSP2-60,World,fossilco2,Other Scenarios,-0.06655044880708338,0.9861520258893568,0.5349938224480253
IMAGE,SSP2-60,World,pcgdpppp,Other Scenarios,0.40488640646473795,0.2537129099990195,0.3185015513414703
IMAGE,SSP2-60,World,pop,Other Scenarios,-0.12152727524881324,-0.12243932388623258,-0.12204844589876714
IMAGE,SSP2-Baseline,World,co2intensity,Other Scenarios,-0.07501456894658887,0.6477806377701377,0.33801126346296917
IMAGE,SSP2-Baseline,World,energyintensity,Other Scenarios,-0.19903381481255655,0.2573947184518347,0.061782489909952734
IMAGE,SSP2-Baseline,World,fossilco2,Other Scenarios,0.00931074745677929,1.0364489423347594,0.596246858815625
IMAGE,SSP2-Baseline,World,pcgdpppp,Other Scenarios,0.40488640646473795,0.2537129099990195,0.3185015513414703
IMAGE,SSP2-Baseline,World,pop,Other Scenarios,-0.12152727524881324,-0.12243932388623258,-0.12204844589876714
IMAGE,SSP3-34,World,co2intensity,Other Scenarios,-0.17700180272562416,-0.4807233935512314,-0.350556997483114
IMAGE,SSP3-34,World,energyintensity,Other Scenarios,-0.22830351970722673,-0.7103532186528758,-0.503760490533312
IMAGE,SSP3-34,World,fossilco2,Other Scenarios,-0.16953608421627164,-1.8147715934691164,-1.109670660932183
IMAGE,SSP3-34,World,pcgdpppp,Other Scenarios,0.29207790761491936,-0.7095988455146455,-0.28030880845911765
IMAGE,SSP3-34,World,pop,Other Scenarios,-0.056308669398340117,0.08590386424963625,0.024955635543360666
IMAGE,SSP3-60,World,co2intensity,Other Scenarios,-0.07610257983250746,0.7146900901200791,0.37577894585468485
IMAGE,SSP3-60,World,energyintensity,Other Scenarios,-0.010895551374293655,0.8322404504392581,0.4708964496620216
IMAGE,SSP3-60,World,fossilco2,Other Scenarios,0.14877110700977814,0.923235559294328,0.5913222226009495
IMAGE,SSP3-60,World,pcgdpppp,Other Scenarios,0.29207790761491936,-0.7095988455146455,-0.28030880845911765
IMAGE,SSP3-60,World,pop,Other Scenarios,-0.056308669398340117,0.08590386424963625,0.024955635543360666
IMAGE,SSP3-Baseline,World,co2intensity,Other Scenarios,-0.07383499320902787,0.7648831418183631,0.40543251252090984
IMAGE,SSP3-Baseline,World,energyintensity,Other Scenarios,0.011400910282455046,0.960295062310034,0.5536261400125001
IMAGE,SSP3-Baseline,World,fossilco2,Other Scenarios,0.17333515529000643,1.101483222863388,0.703705479617653
IMAGE,SSP3-Baseline,World,pcgdpppp,Other Scenarios,0.29207790761491936,-0.7095988455146455,-0.28030880845911765
IMAGE,SSP3-Baseline,World,pop,Other Scenarios,-0.056308669398340117,0.08590386424963625,0.024955635543360666
IMAGE,SSP4-26,World,co2intensity,Other Scenarios,-0.31417603415985884,-2.2064573472574405,-1.3954796416441912
IMAGE,SSP4-26,World,energyintensity,Other Scenarios,-1.1342157658547545,-1.6099359628832897,-1.4060558784424888
IMAGE,SSP4-26,World,fossilco2,Other Scenarios,-1.0310823733807726,-3.7136107406617103,-2.563955726112737
IMAGE,SSP4-26,World,pcgdpppp,Other Scenarios,0.5486645148393876,0.23982765330528644,0.37218630824847265
IMAGE,SSP4-26,World,pop,Other Scenarios,-0.13135508820554698,-0.13704508382626657,-0.1346065142745296
IMAGE,SSP4-34,World,co2intensity,Other Scenarios,-0.18584743112505198,-0.3813153902130762,-0.29754340774678006
IMAGE,SSP4-34,World,energyintensity,Other Scenarios,-0.6570196621539368,-0.44336927217557415,-0.5349337250234438
IMAGE,SSP4-34,World,fossilco2,Other Scenarios,-0.42555766664514816,-0.7219020929096305,-0.5948973387962808
IMAGE,SSP4-34,World,pcgdpppp,Other Scenarios,0.5486645148393876,0.23982765330528644,0.37218630824847265
IMAGE,SSP4-34,World,pop,Other Scenarios,-0.13135508820554698,-0.13704508382626657,-0.1346065142745296
IMAGE,SSP4-60,World,co2intensity,Other Scenarios,-0.1583276336875068,0.27874948048236425,0.09143071726670524
IMAGE,SSP4-60,World,energyintensity,Other Scenarios,-0.5927547530237622,0.41557261649176536,-0.016567684729175025
IMAGE,SSP4-60,World,fossilco2,Other Scenarios,-0.3337729600774284,0.7971046664531495,0.31244282651147326
IMAGE,SSP4-60,World,pcgdpppp,Other Scenarios,0.5486645148393876,0.23982765330528644,0.37218630824847265
IMAGE,SSP4-60,World,pop,Other Scenarios,-0.13135508820554698,-0.13704508382626657,-0.1346065142745296
IMAGE,SSP4-Baseline,World,co2intensity,Other Scenarios,-0.1409673111524723,0.3429005764962044,0.13552862464677154
IMAGE,SSP4-Baseline,World,energyintensity,Other Scenarios,-0.5376411231430436,0.43445801892492064,0.017844100895793136
IMAGE,SSP4-Baseline,World,fossilco2,Other Scenarios,-0.26129900766167524,0.8801411649001449,0.3909525195165077
IMAGE,SSP4-Baseline,World,pcgdpppp,Other Scenarios,0.5486645148393876,0.23982765330528644,0.37218630824847265
IMAGE,SSP4-Baseline,World,pop,Other Scenarios,-0.13135508820554698,-0.13704508382626657,-0.1346065142745296
IMAGE,SSP5-34,World,co2intensity,Other Scenarios,-0.12680799485743877,0.23542398463639247,0.0801817077104648
IMAGE,SSP5-34,World,energyintensity,Other Scenarios,-0.2965142596625341,-1.331677203269944,-0.8880359417239111
IMAGE,SSP5-34,World,fossilco2,Other Scenarios,0.12299754911743976,0.6705849617916042,0.4359046420741051
IMAGE,SSP5-34,World,pcgdpppp,Other Scenarios,0.7435153051206221,2.0696740993520253,1.5013203303957097
IMAGE,SSP5-34,World,pop,Other Scenarios,-0.19719550148320952,-0.3028359189268698,-0.25756145430815824
IMAGE,SSP5-45,World,co2intensity,Other Scenarios,-0.10176126879052894,0.5476919395727796,0.2693548502742188
IMAGE,SSP5-45,World,energyintensity,Other Scenarios,-0.21666854852692374,-0.8055323902827557,-0.5531621723873992
IMAGE,SSP5-45,World,fossilco2,Other Scenarios,0.22788998631995994,1.5089977297151795,0.959951553974371
IMAGE,SSP5-45,World,pcgdpppp,Other Scenarios,0.7435153051206221,2.0696740993520253,1.5013203303957097
IMAGE,SSP5-45,World,pop,Other Scenarios,-0.19719550148320952,-0.3028359189268698,-0.25756145430815824
IMAGE,SSP5-60,World,co2intensity,Other Scenarios,-0.08177550681302237,0.6876266729692873,0.3578828816340117
IMAGE,SSP5-60,World,energyintensity,Other Scenarios,-0.18409991762114042,-0.3552646393345391,-0.2819083300287968
IMAGE,SSP5-60,World,fossilco2,Other Scenarios,0.2804443792032498,2.0992002140599038,1.3197334276927664
IMAGE,SSP5-60,World,pcgdpppp,Other Scenarios,0.7435153051206221,2.0696740993520253,1.5013203303957097
IMAGE,SSP5-60,World,pop,Other Scenarios,-0.19719550148320952,-0.3028359189268698,-0.25756145430815824
IMAGE,SSP5-Baseline,World,co2intensity,Other Scenarios,-0.05085436009738187,0.8772874349541739,0.4795123799320785
IMAGE,SSP5-Baseline,World,energyintensity,Other Scenarios,-0.09796773620856825,-0.1249827250519262,-0.11340487269048707
IMAGE,SSP5-Baseline,World,fossilco2,Other Scenarios,0.3974977073314625,2.5191428903274034,1.609866383329143
IMAGE,SSP5-Baseline,World,pcgdpppp,Other Scenarios,0.7435153051206221,2.0696740993520253,1.5013203303957097
IMAGE,SSP5-Baseline,World,pop,Other Scenarios,-0.19719550148320952,-0.3028359189268698,-0.25756145430815824
MESSAGE-GLOBIOM,SSP1-19,World,co2intensity,Other Scenarios,-0.20736025671295355,-1.0398487888125065,-0.6830679893412694
MESSAGE-GLOBIOM,SSP1-19,World,energyintensity,Other Scenarios,-0.9272954720024773,-1.747377439439171,-1.3959137391091594
MESSAGE-GLOBIOM,SSP1-19,World,fossilco2,Other Scenarios,-0.7690938345038993,-1.9506928925857887,-1.4442932962649788
MESSAGE-GLOBIOM,SSP1-19,World,pcgdpppp,Other Scenarios,0.5951728923830992,1.1687287066534382,0.92291907196615
MESSAGE-GLOBIOM,SSP1-19,World,pop,Other Scenarios,-0.22961099817156772,-0.3321953709875497,-0.2882306397807003
MESSAGE-GLOBIOM,SSP1-26,World,co2intensity,Other Scenarios,-0.24219867276099993,-0.09830984485985744,-0.1599764853889185
MESSAGE-GLOBIOM,SSP1-26,World,energyintensity,Other Scenarios,-0.9215424219618051,-1.1420176446279982,-1.047528263485344
MESSAGE-GLOBIOM,SSP1-26,World,fossilco2,Other Scenarios,-0.7956589815643897,-0.36766737767711727,-0.5510923507716625
MESSAGE-GLOBIOM,SSP1-26,World,pcgdpppp,Other Scenarios,0.597693111329983,1.2048554827982878,0.9446430378833
MESSAGE-GLOBIOM,SSP1-26,World,pop,Other Scenarios,-0.22961099817156772,-0.3321953709875497,-0.2882306397807003
MESSAGE-GLOBIOM,SSP2-19,World,co2intensity,Other Scenarios,-0.3060858817500971,-2.107229088023349,-1.335310571049098
MESSAGE-GLOBIOM,SSP2-19,World,energyintensity,Other Scenarios,-0.5567353764764809,-1.3481849198755267,-1.0089922584187927
MESSAGE-GLOBIOM,SSP2-19,World,fossilco2,Other Scenarios,-0.5234654861584105,-3.4928463669604852,-2.220254560902453
MESSAGE-GLOBIOM,SSP2-19,World,pcgdpppp,Other Scenarios,0.4854014747371356,0.0852866558489992,0.2567644353724862
MESSAGE-GLOBIOM,SSP2-19,World,pop,Other Scenarios,-0.1460457026689681,-0.12271901491060888,-0.13271616680704854
MESSAGE-GLOBIOM,SSP2-26,World,co2intensity,Other Scenarios,-0.34028415178741933,-0.4313806438771829,-0.39233929012442703
MESSAGE-GLOBIOM,SSP2-26,World,energyintensity,Other Scenarios,-0.5770163702323536,-0.48843013548856973,-0.5263956646644771
MESSAGE-GLOBIOM,SSP2-26,World,fossilco2,Other Scenarios,-0.5657916619486187,-0.8709829092913053,-0.7401866604301539
MESSAGE-GLOBIOM,SSP2-26,World,pcgdpppp,Other Scenarios,0.49755456274012233,0.17154688498505621,0.3112644611657988
MESSAGE-GLOBIOM,SSP2-26,World,pop,Other Scenarios,-0.1460457026689681,-0.12271901491060888,-0.13271616680704854
MESSAGE-GLOBIOM,SSP2-60,World,co2intensity,Other Scenarios,-0.2814285406245327,0.6812689579614727,0.26868431571032747
MESSAGE-GLOBIOM,SSP2-60,World,energyintensity,Other Scenarios,-0.5510515703647818,0.3243445745620869,-0.05082520183514255
MESSAGE-GLOBIOM,SSP2-60,World,fossilco2,Other Scenarios,-0.47098020869157464,1.0853875206229018,0.4183727794881261
MESSAGE-GLOBIOM,SSP2-60,World,pcgdpppp,Other Scenarios,0.507545604966708,0.2024930030099511,0.3332298324199897
MESSAGE-GLOBIOM,SSP2-60,World,pop,Other Scenarios,-0.1460457026689681,-0.12271901491060888,-0.13271616680704854
MESSAGE-GLOBIOM,SSP2-Baseline,World,co2intensity,Other Scenarios,-0.24191050685865978,0.7721009733880712,0.3375246247109007
MESSAGE-GLOBIOM,SSP2-Baseline,World,energyintensity,Other Scenarios,-0.513342523766485,0.39367023469799733,0.004950481070362028
MESSAGE-GLOBIOM,SSP2-Baseline,World,fossilco2,Other Scenarios,-0.39300242800223684,1.2467920799575631,0.5440230051176489
MESSAGE-GLOBIOM,SSP2-Baseline,World,pcgdpppp,Other Scenarios,0.5082963052918761,0.20373988678210353,0.3342640661434346
MESSAGE-GLOBIOM,SSP2-Baseline,World,pop,Other Scenarios,-0.1460457026689681,-0.12271901491060888,-0.13271616680704854
MESSAGE-GLOBIOM,SSP3-45,World,co2intensity,Other Scenarios,-0.13987472014693925,0.10450700913091521,-2.2801770245099023e-4
MESSAGE-GLOBIOM,SSP3-45,World,energyintensity,Other Scenarios,0.3858485835952792,0.794863020694833,0.6195711190807385
MESSAGE-GLOBIOM,SSP3-45,World,fossilco2,Other Scenarios,0.5354893937922698,0.21613060348482255,0.3529986564737285
MESSAGE-GLOBIOM,SSP3-45,World,pcgdpppp,Other Scenarios,0.3705028039197702,-0.7683606335541995,-0.28027630320821245
MESSAGE-GLOBIOM,SSP3-45,World,pop,Other Scenarios,-0.08098727357584035,0.08512120721327388,0.013931858303653497
MESSAGE-GLOBIOM,SSP3-60,World,co2intensity,Other Scenarios,-0.07606060475281096,0.795445452848672,0.4219428567337507
MESSAGE-GLOBIOM,SSP3-60,World,energyintensity,Other Scenarios,0.46144418429052814,1.2436304778895915,0.90840778063285
MESSAGE-GLOBIOM,SSP3-60,World,fossilco2,Other Scenarios,0.6801427270631744,1.3751102349008109,1.0772670172561094
MESSAGE-GLOBIOM,SSP3-60,World,pcgdpppp,Other Scenarios,0.3757464211012975,-0.7490869030507266,-0.2670154784141448
MESSAGE-GLOBIOM,SSP3-60,World,pop,Other Scenarios,-0.08098727357584035,0.08512120721327388,0.013931858303653497
MESSAGE-GLOBIOM,SSP3-Baseline,World,co2intensity,Other Scenarios,0.1592962953157424,0.9795017369579359,0.6279851191112814
MESSAGE-GLOBIOM,SSP3-Baseline,World,energyintensity,Other Scenarios,0.5820982816767024,1.4882796010730899,1.099916178474638
MESSAGE-GLOBIOM,SSP3-Baseline,World,fossilco2,Other Scenarios,1.0507648343071418,1.8017334450865545,1.4798897547525205
MESSAGE-GLOBIOM,SSP3-Baseline,World,pcgdpppp,Other Scenarios,0.3903575308905374,-0.751169100157745,-0.2619434011370525
MESSAGE-GLOBIOM,SSP3-Baseline,World,pop,Other Scenarios,-0.08098727357584035,0.08512120721327388,0.013931858303653497
REMIND-MAGPIE,SSP1-19,World,co2intensity,Other Scenarios,-0.2884516595587737,-1.7944424242121007,-1.1490178107892461
REMIND-MAGPIE,SSP1-19,World,energyintensity,Other Scenarios,-0.9128706715415986,-2.221963497578146,-1.6609237149910543
REMIND-MAGPIE,SSP1-19,World,fossilco2,Other Scenarios,-0.860514757300619,-3.2238151936594215,-2.2109721495056487
REMIND-MAGPIE,SSP1-19,World,pcgdpppp,Other Scenarios,0.5488195936215824,1.1283948469192997,0.8800054526488493
REMIND-MAGPIE,SSP1-19,World,pop,Other Scenarios,-0.20801201982182904,-0.3358041187884747,-0.281036076374198
REMIND-MAGPIE,SSP1-26,World,co2intensity,Other Scenarios,-0.2884516595587737,-0.14217052101797134,-0.20486243753545808
REMIND-MAGPIE,SSP1-26,World,energyintensity,Other Scenarios,-0.9128706715415986,-1.5757213123106615,-1.2916424662667774
REMIND-MAGPIE,SSP1-26,World,fossilco2,Other Scenarios,-0.860514757300619,-0.8168269685129542,-0.8355503065648104
REMIND-MAGPIE,SSP1-26,World,pcgdpppp,Other Scenarios,0.5488195936215824,1.236868983604153,0.9419906736116227
REMIND-MAGPIE,SSP1-26,World,pop,Other Scenarios,-0.20801201982182904,-0.3358041187884747,-0.281036076374198
REMIND-MAGPIE,SSP1-Baseline,World,co2intensity,Other Scenarios,-0.15632349605293283,1.016627674384639,0.5139343156256796
REMIND-MAGPIE,SSP1-Baseline,World,energyintensity,Other Scenarios,-0.8411003709904015,-0.6898262016768711,-0.7546579885255269
REMIND-MAGPIE,SSP1-Baseline,World,fossilco2,Other Scenarios,-0.656616293243581,1.2665292547543954,0.4423240198981198
REMIND-MAGPIE,SSP1-Baseline,World,pcgdpppp,Other Scenarios,0.5488195936215824,1.275531900835102,0.964083769172165
REMIND-MAGPIE,SSP1-Baseline,World,pop,Other Scenarios,-0.20801201982182904,-0.3358041187884747,-0.281036076374198
REMIND-MAGPIE,SSP2-19,World,co2intensity,Other Scenarios,-0.012131306506821815,-4.423567918835541,-2.5329522278375185
REMIND-MAGPIE,SSP2-19,World,energyintensity,Other Scenarios,-0.2642517623436691,-1.3505983716433576,-0.8850212533720625
REMIND-MAGPIE,SSP2-19,World,fossilco2,Other Scenarios,0.06442450494926244,-5.991673878286699,-3.396203142614144
REMIND-MAGPIE,SSP2-19,World,pcgdpppp,Other Scenarios,0.46538087407604656,-0.09024884353161766,0.14787817830023842
REMIND-MAGPIE,SSP2-19,World,pop,Other Scenarios,-0.12457330027629321,-0.12725874427618244,-0.12610783970480133
REMIND-MAGPIE,SSP2-26,World,co2intensity,Other Scenarios,-0.012131306506821815,-0.7021509137083471,-0.4064282249076934
REMIND-MAGPIE,SSP2-26,World,energyintensity,Other Scenarios,-0.2642517623436691,-0.957240376161029,-0.660245255953589
REMIND-MAGPIE,SSP2-26,World,fossilco2,Other Scenarios,0.06442450494926244,-1.639887683204256,-0.9094681739956051
REMIND-MAGPIE,SSP2-26,World,pcgdpppp,Other Scenarios,0.46538087407604656,0.14676235094130263,0.28331314657047857
REMIND-MAGPIE,SSP2-26,World,pop,Other Scenarios,-0.12457330027629321,-0.12725874427618244,-0.12610783970480133
REMIND-MAGPIE,SSP2-60,World,co2intensity,Other Scenarios,-0.012131306506821815,0.7682758074061257,0.4338156157291481
REMIND-MAGPIE,SSP2-60,World,energyintensity,Other Scenarios,-0.2642517623436691,0.3435935056492748,0.08308839079515601
REMIND-MAGPIE,SSP2-60,World,fossilco2,Other Scenarios,0.06442450494926244,1.2284633490060253,0.7295895586959841
REMIND-MAGPIE,SSP2-60,World,pcgdpppp,Other Scenarios,0.46538087407604656,0.24385278022680723,0.33879339187648116
REMIND-MAGPIE,SSP2-60,World,pop,Other Scenarios,-0.12457330027629321,-0.12725874427618244,-0.12610783970480133
REMIND-MAGPIE,SSP2-Baseline,World,co2intensity,Other Scenarios,0.09569332529928265,0.8640158040637923,0.5347347417361452
REMIND-MAGPIE,SSP2-Baseline,World,energyintensity,Other Scenarios,-0.17282373036496002,0.454891562265373,0.18587072256665882
REMIND-MAGPIE,SSP2-Baseline,World,fossilco2,Other Scenarios,0.2768393974255279,1.4363020934043662,0.9393895094134355
REMIND-MAGPIE,SSP2-Baseline,World,pcgdpppp,Other Scenarios,0.47854310276749845,0.24465347135138338,0.34489188481543265
REMIND-MAGPIE,SSP2-Baseline,World,pop,Other Scenarios,-0.12457330027629321,-0.12725874427618244,-0.12610783970480133
REMIND-MAGPIE,SSP5-19,World,co2intensity,Other Scenarios,-0.15697816110426932,-1.2831247022573953,-0.800490470334627
REMIND-MAGPIE,SSP5-19,World,energyintensity,Other Scenarios,-0.1026413521542664,-2.2827484201133528,-1.3484168195594586
REMIND-MAGPIE,SSP5-19,World,fossilco2,Other Scenarios,0.12714261637663715,-2.1057948698629207,-1.1488216614745388
REMIND-MAGPIE,SSP5-19,World,pcgdpppp,Other Scenarios,0.5868244963122979,1.7672134719934158,1.2613324824157937
REMIND-MAGPIE,SSP5-19,World,pop,Other Scenarios,-0.20006236667712507,-0.30713521948558864,-0.2612468539962471
REMIND-MAGPIE,SSP5-34,World,co2intensity,Other Scenarios,-0.15697816110426932,0.5916737342055521,0.2708229219299143
REMIND-MAGPIE,SSP5-34,World,energyintensity,Other Scenarios,-0.1026413521542664,-1.2931021686220054,-0.7829046758501172
REMIND-MAGPIE,SSP5-34,World,fossilco2,Other Scenarios,0.12714261637663715,0.941791310163868,0.5926561556836262
REMIND-MAGPIE,SSP5-34,World,pcgdpppp,Other Scenarios,0.5868244963122979,1.9503549640659097,1.365984763600076
REMIND-MAGPIE,SSP5-34,World,pop,Other Scenarios,-0.20006236667712507,-0.30713521948558864,-0.2612468539962471
REMIND-MAGPIE,SSP5-45,World,co2intensity,Other Scenarios,-0.15697816110426932,0.6593578416868638,0.30949955477637814
REMIND-MAGPIE,SSP5-45,World,energyintensity,Other Scenarios,-0.1026413521542664,-1.158015656849921,-0.7057123834089262
REMIND-MAGPIE,SSP5-45,World,fossilco2,Other Scenarios,0.12714261637663715,1.1562761089261213,0.7152188978334852
REMIND-MAGPIE,SSP5-45,World,pcgdpppp,Other Scenarios,0.5868244963122979,1.9620691435747668,1.37267858046228
REMIND-MAGPIE,SSP5-45,World,pop,Other Scenarios,-0.20006236667712507,-0.30713521948558864,-0.2612468539962471
REMIND-MAGPIE,SSP5-60,World,co2intensity,Other Scenarios,-0.15697816110426932,0.9195403201683828,0.4581752567658176
REMIND-MAGPIE,SSP5-60,World,energyintensity,Other Scenarios,-0.1026413521542664,-0.7622025143040744,-0.4795334448112995
REMIND-MAGPIE,SSP5-60,World,fossilco2,Other Scenarios,0.12714261637663715,1.8491866052298904,1.1111677528642103
REMIND-MAGPIE,SSP5-60,World,pcgdpppp,Other Scenarios,0.5868244963122979,1.9989840188511705,1.3937727949059393
REMIND-MAGPIE,SSP5-60,World,pop,Other Scenarios,-0.20006236667712507,-0.30713521948558864,-0.2612468539962471
REMIND-MAGPIE,SSP5-Baseline,World,co2intensity,Other Scenarios,-0.03223038712248716,1.191474847917168,0.6670297471858871
REMIND-MAGPIE,SSP5-Baseline,World,energyintensity,Other Scenarios,-0.02777025129948174,-0.32905178134212765,-0.1999311256095651
REMIND-MAGPIE,SSP5-Baseline,World,fossilco2,Other Scenarios,0.32676149121320397,2.5909161958236666,1.6205641795620396
REMIND-MAGPIE,SSP5-Baseline,World,pcgdpppp,Other Scenarios,0.5868244963122979,2.035628348734215,1.4147124119819645
REMIND-MAGPIE,SSP5-Baseline,World,pop,Other Scenarios,-0.20006236667712507,-0.30713521948558864,-0.2612468539962471
WITCH-GLOBIOM,SSP1-19,World,co2intensity,Other Scenarios,-0.11849625599030444,-2.98670499638508,-1.757472679073033
WITCH-GLOBIOM,SSP1-19,World,energyintensity,Other Scenarios,-0.36438862475525746,-3.0959990797877888,-1.9253088847738467
WITCH-GLOBIOM,SSP1-19,World,fossilco2,Other Scenarios,-0.2736085856702559,-5.968973544547509,-3.528102847885829
WITCH-GLOBIOM,SSP1-19,World,pcgdpppp,Other Scenarios,0.4088909286726641,0.4459810256230742,0.4300852697871841
WITCH-GLOBIOM,SSP1-19,World,pop,Other Scenarios,-0.1996146335973581,-0.332250493997715,-0.27540655382613344
WITCH-GLOBIOM,SSP1-26,World,co2intensity,Other Scenarios,-0.23510520176337768,-1.7746311212569763,-1.1148342986168627
WITCH-GLOBIOM,SSP1-26,World,energyintensity,Other Scenarios,0.18062568384430633,-2.246013988089031,-1.206025557260458
WITCH-GLOBIOM,SSP1-26,World,fossilco2,Other Scenarios,0.17031155635138795,-3.467900279172918,-1.9086666353767867
WITCH-GLOBIOM,SSP1-26,World,pcgdpppp,Other Scenarios,0.4244057078678174,0.8849953241708045,0.6875997743266671
WITCH-GLOBIOM,SSP1-26,World,pop,Other Scenarios,-0.1996146335973581,-0.332250493997715,-0.27540655382613344
WITCH-GLOBIOM,SSP1-34,World,co2intensity,Other Scenarios,-0.15685557280026385,-0.37748161737496966,-0.2829275982715243
WITCH-GLOBIOM,SSP1-34,World,energyintensity,Other Scenarios,0.13736753565457782,-1.5063586941320675,-0.8019045956520766
WITCH-GLOBIOM,SSP1-34,World,fossilco2,Other Scenarios,0.20388792367435293,-1.1274366325284009,-0.5568689655843635
WITCH-GLOBIOM,SSP1-34,World,pcgdpppp,Other Scenarios,0.42299059441739706,1.088654172976351,0.8033697821653707
WITCH-GLOBIOM,SSP1-34,World,pop,Other Scenarios,-0.1996146335973581,-0.332250493997715,-0.27540655382613344
WITCH-GLOBIOM,SSP1-60,World,co2intensity,Other Scenarios,-0.11751043746542988,0.2696444332712421,0.10372091724123983
WITCH-GLOBIOM,SSP1-60,World,energyintensity,Other Scenarios,0.011975788913405783,-0.36090231308882526,-0.20109741223072625
WITCH-GLOBIOM,SSP1-60,World,fossilco2,Other Scenarios,0.11222148544806432,0.7361540591837217,0.4687543847255828
WITCH-GLOBIOM,SSP1-60,World,pcgdpppp,Other Scenarios,0.4173707675974465,1.1596624329990197,0.8415374335412026
WITCH-GLOBIOM,SSP1-60,World,pop,Other Scenarios,-0.1996146335973581,-0.332250493997715,-0.27540655382613344
WITCH-GLOBIOM,SSP1-Baseline,World,co2intensity,Other Scenarios,0.03359519424200785,0.5343567524749991,0.3197446560894314
WITCH-GLOBIOM,SSP1-Baseline,World,energyintensity,Other Scenarios,0.18279772861307442,-0.43338977933530154,-0.16930941878599753
WITCH-GLOBIOM,SSP1-Baseline,World,fossilco2,Other Scenarios,0.4418608290968813,0.914833442586344,0.7121308939480029
WITCH-GLOBIOM,SSP1-Baseline,World,pcgdpppp,Other Scenarios,0.4250825398391571,1.1461169634443613,0.8371022104707023
WITCH-GLOBIOM,SSP1-Baseline,World,pop,Other Scenarios,-0.1996146335973581,-0.332250493997715,-0.27540655382613344
WITCH-GLOBIOM,SSP2-26,World,co2intensity,Other Scenarios,-0.4294493638585659,-1.489929291292703,-1.0354378938209299
WITCH-GLOBIOM,SSP2-26,World,energyintensity,Other Scenarios,0.09390575377173027,-1.0883899322252608,-0.5816917810836931
WITCH-GLOBIOM,SSP2-26,World,fossilco2,Other Scenarios,-0.14851318870326757,-2.947123468374995,-1.7477190628013977
WITCH-GLOBIOM,SSP2-26,World,pcgdpppp,Other Scenarios,0.303070062909611,-0.24600862376807064,-0.010689186620492785
WITCH-GLOBIOM,SSP2-26,World,pop,Other Scenarios,-0.11603964152604296,-0.1227956210889608,-0.11990020127628173
WITCH-GLOBIOM,SSP2-34,World,co2intensity,Other Scenarios,-0.24925671069082322,-0.2873809790187932,-0.27104200687823465
WITCH-GLOBIOM,SSP2-34,World,energyintensity,Other Scenarios,0.2880666442234625,-0.6191416461646168,-0.23033809314115422
WITCH-GLOBIOM,SSP2-34,World,fossilco2,Other Scenarios,0.23660654615488808,-1.0121943702054355,-0.47699397747958255
WITCH-GLOBIOM,SSP2-34,World,pcgdpppp,Other Scenarios,0.31383625414829175,0.01712387606693533,0.14428632381608808
WITCH-GLOBIOM,SSP2-34,World,pop,Other Scenarios,-0.11603964152604296,-0.1227956210889608,-0.11990020127628173
WITCH-GLOBIOM,SSP2-60,World,co2intensity,Other Scenarios,-0.13641908943816317,0.6124450258828938,0.2915032621738694
WITCH-GLOBIOM,SSP2-60,World,energyintensity,Other Scenarios,0.3516269262646581,0.6116472776189933,0.500209984181421
WITCH-GLOBIOM,SSP2-60,World,fossilco2,Other Scenarios,0.41755148283718246,1.2463617181196278,0.8911573315700083
WITCH-GLOBIOM,SSP2-60,World,pcgdpppp,Other Scenarios,0.3183832875367305,0.14506503570670148,0.21934428649099963
WITCH-GLOBIOM,SSP2-60,World,pop,Other Scenarios,-0.11603964152604296,-0.1227956210889608,-0.11990020127628173
WITCH-GLOBIOM,SSP2-Baseline,World,co2intensity,Other Scenarios,0.05808330437903697,0.7604199332228166,0.4594185208611968
WITCH-GLOBIOM,SSP2-Baseline,World,energyintensity,Other Scenarios,0.6270155403342688,0.7425068688414741,0.6930105851955289
WITCH-GLOBIOM,SSP2-Baseline,World,fossilco2,Other Scenarios,0.8970445407001735,1.5288641451901979,1.2580843146944731
WITCH-GLOBIOM,SSP2-Baseline,World,pcgdpppp,Other Scenarios,0.3279853375129107,0.14873296421486792,0.22555540991402911
WITCH-GLOBIOM,SSP2-Baseline,World,pop,Other Scenarios,-0.11603964152604296,-0.1227956210889608,-0.11990020127628173
WITCH-GLOBIOM,SSP3-34,World,co2intensity,Other Scenarios,-0.30949282806772316,-0.6949032067643623,-0.5297273301800884
WITCH-GLOBIOM,SSP3-34,World,energyintensity,Other Scenarios,0.330790944043023,-0.34625686776839615,-0.05609351984921651
WITCH-GLOBIOM,SSP3-34,World,fossilco2,Other Scenarios,0.1421051294292841,-1.9611499666268435,-1.0597549254599317
WITCH-GLOBIOM,SSP3-34,World,pcgdpppp,Other Scenarios,0.1717912047979906,-1.0050609348849475,-0.5006957321636883
WITCH-GLOBIOM,SSP3-34,World,pop,Other Scenarios,-0.050984191344006335,0.08507104279086242,0.026761656733061523
WITCH-GLOBIOM,SSP3-60,World,co2intensity,Other Scenarios,-0.009399189029742683,0.692929529851568,0.3919315074738634
WITCH-GLOBIOM,SSP3-60,World,energyintensity,Other Scenarios,0.980987612621022,1.1760517228497527,1.092452818466011
WITCH-GLOBIOM,SSP3-60,World,fossilco2,Other Scenarios,1.1213194687023382,1.145575271362073,1.1351799273650438
WITCH-GLOBIOM,SSP3-60,World,pcgdpppp,Other Scenarios,0.20071523645506528,-0.8084770241301101,-0.37596605530789207
WITCH-GLOBIOM,SSP3-60,World,pop,Other Scenarios,-0.050984191344006335,0.08507104279086242,0.026761656733061523
WITCH-GLOBIOM,SSP3-Baseline,World,co2intensity,Other Scenarios,0.13580162779686145,0.8394500430954098,0.537886436538889
WITCH-GLOBIOM,SSP3-Baseline,World,energyintensity,Other Scenarios,1.2419274533353344,1.3971202366681714,1.3306090438112412
WITCH-GLOBIOM,SSP3-Baseline,World,fossilco2,Other Scenarios,1.5315852242581316,1.5176796936454833,1.5236392067651896
WITCH-GLOBIOM,SSP3-Baseline,World,pcgdpppp,Other Scenarios,0.2048403344699421,-0.8039616289089605,-0.3716179303180022
WITCH-GLOBIOM,SSP3-Baseline,World,pop,Other Scenarios,-0.050984191344006335,0.08507104279086242,0.026761656733061523
WITCH-GLOBIOM,SSP4-19,World,co2intensity,Other Scenarios,-0.04028079514842364,-2.514623697355686,-1.4541910249811447
WITCH-GLOBIOM,SSP4-19,World,energyintensity,Other Scenarios,-0.017961184790585172,-2.1900251739395498,-1.259140607161422
WITCH-GLOBIOM,SSP4-19,World,fossilco2,Other Scenarios,0.1070338084044633,-5.296847974871762,-2.9808986391819507
WITCH-GLOBIOM,SSP4-19,World,pcgdpppp,Other Scenarios,0.2915124452106117,-0.4535165745893036,-0.13421842324648275
WITCH-GLOBIOM,SSP4-19,World,pop,Other Scenarios,-0.12623665686713959,-0.13868252898722233,-0.13334858379290115
WITCH-GLOBIOM,SSP4-26,World,co2intensity,Other Scenarios,-0.17494799276234652,-1.4062525436339222,-0.8785505932603896
WITCH-GLOBIOM,SSP4-26,World,energyintensity,Other Scenarios,0.5814157291001927,-1.101361362180647,-0.3801711802031443
WITCH-GLOBIOM,SSP4-26,World,fossilco2,Other Scenarios,0.5931607152912683,-2.6877277399434423,-1.2816326876999948
WITCH-GLOBIOM,SSP4-26,World,pcgdpppp,Other Scenarios,0.31292963582056177,-0.04143130514165072,0.11043766955644035
WITCH-GLOBIOM,SSP4-26,World,pop,Other Scenarios,-0.12623665686713959,-0.13868252898722233,-0.13334858379290115
WITCH-GLOBIOM,SSP4-45,World,co2intensity,Other Scenarios,-0.11272494832305169,0.07205933255279512,-0.0071339306797106525
WITCH-GLOBIOM,SSP4-45,World,energyintensity,Other Scenarios,0.4388648212392321,0.10894384597060747,0.25033854965716085
WITCH-GLOBIOM,SSP4-45,World,fossilco2,Other Scenarios,0.5021122874880477,0.1867566023229566,0.32190903882228133
WITCH-GLOBIOM,SSP4-45,World,pcgdpppp,Other Scenarios,0.3022090714390069,0.14443595278677634,0.21205300363773227
WITCH-GLOBIOM,SSP4-45,World,pop,Other Scenarios,-0.12623665686713959,-0.13868252898722233,-0.13334858379290115
WITCH-GLOBIOM,SSP4-60,World,co2intensity,Other Scenarios,-0.09986820197072843,0.31728141795105513,0.13850300941314786
WITCH-GLOBIOM,SSP4-60,World,energyintensity,Other Scenarios,0.381261132013355,0.46058705943645173,0.4265902333979817
WITCH-GLOBIOM,SSP4-60,World,fossilco2,Other Scenarios,0.4531205959113971,0.79636312063654,0.6492591814686216
WITCH-GLOBIOM,SSP4-60,World,pcgdpppp,Other Scenarios,0.2979643227359101,0.1571771722362555,0.21751452245039316
WITCH-GLOBIOM,SSP4-60,World,pop,Other Scenarios,-0.12623665686713959,-0.13868252898722233,-0.13334858379290115
WITCH-GLOBIOM,SSP4-Baseline,World,co2intensity,Other Scenarios,0.05229029168648136,0.5464300130691978,0.3346558467623193
WITCH-GLOBIOM,SSP4-Baseline,World,energyintensity,Other Scenarios,0.5123997197161356,0.4005503407586489,0.44848578888328605
WITCH-GLOBIOM,SSP4-Baseline,World,fossilco2,Other Scenarios,0.7423391640987462,0.9544846925057031,0.8635651803312929
WITCH-GLOBIOM,SSP4-Baseline,World,pcgdpppp,Other Scenarios,0.3038858095632688,0.1461868676650787,0.21377212847858876
WITCH-GLOBIOM,SSP4-Baseline,World,pop,Other Scenarios,-0.12623665686713959,-0.13868252898722233,-0.13334858379290115
WITCH-GLOBIOM,SSP5-34,World,co2intensity,Other Scenarios,-0.2950853193051224,-1.109064010054245,-0.7602159997331924
WITCH-GLOBIOM,SSP5-34,World,energyintensity,Other Scenarios,-0.07643246408169313,-1.7844620506603013,-1.0524493706980407
WITCH-GLOBIOM,SSP5-34,World,fossilco2,Other Scenarios,-0.08233638362456541,-1.5856543661274787,-0.9413752307690872
WITCH-GLOBIOM,SSP5-34,World,pcgdpppp,Other Scenarios,0.4807479860507753,1.6105345595199756,1.1263403137474612
WITCH-GLOBIOM,SSP5-34,World,pop,Other Scenarios,-0.1915665862885252,-0.3026628649329083,-0.2550501740853155
WITCH-GLOBIOM,SSP5-60,World,co2intensity,Other Scenarios,-0.06352319755527525,0.5347092711195366,0.27832392740176004
WITCH-GLOBIOM,SSP5-60,World,energyintensity,Other Scenarios,0.1784939069267557,-0.6410389576777183,-0.2898105871329437
WITCH-GLOBIOM,SSP5-60,World,fossilco2,Other Scenarios,0.41689035395687735,1.4752361488957726,1.021659379636246
WITCH-GLOBIOM,SSP5-60,World,pcgdpppp,Other Scenarios,0.49348623087392207,1.8842287003868625,1.2881962134527452
WITCH-GLOBIOM,SSP5-60,World,pop,Other Scenarios,-0.1915665862885252,-0.3026628649329083,-0.2550501740853155
WITCH-GLOBIOM,SSP5-Baseline,World,co2intensity,Other Scenarios,0.12118870621413258,0.9420636050378963,0.590260076970569
WITCH-GLOBIOM,SSP5-Baseline,World,energyintensity,Other Scenarios,0.5131967109091236,0.052559659391254954,0.24997553861319863
WITCH-GLOBIOM,SSP5-Baseline,World,fossilco2,Other Scenarios,0.9432834991729038,2.604526717391426,1.8925653381549163
WITCH-GLOBIOM,SSP5-Baseline,World,pcgdpppp,Other Scenarios,0.5004646683381728,1.912566317895183,1.3073798966564643
WITCH-GLOBIOM,SSP5-Baseline,World,pop,Other Scenarios,-0.1915665862885252,-0.3026628649329083,-0.2550501740853155
