Unit,Entity,Sector,Method,2017,2018,2019,2020,2021,2022,2023,2024,2025,2026,2027,2028,2029,2030,2031,2032,2033,2034,2035,2036,2037,2038,2039,2040,2041,2042,2043,2044,2045,2046,2047,2048,2049,2050,2051,2052,2053,2054,2055,2056,2057,2058,2059,2060,2061,2062,2063,2064,2065,2066,2067,2068,2069,2070,2071,2072,2073,2074,2075,2076,2077,2078,2079,2080,2081,2082,2083,2084,2085,2086,2087,2088,2089,2090,2091,2092,2093,2094,2095,2096,2097,2098,2099,2100
Value Added as % of GDP,WB High Income,Agriculture,IF,1.606,1.585,1.574,1.66,1.601,1.513,1.496,1.48,1.458,1.433,1.409,1.387,1.366,1.345,1.325,1.309,1.292,1.275,1.259,1.242,1.226,1.211,1.195,1.18,1.164,1.149,1.134,1.118,1.103,1.088,1.074,1.059,1.045,1.032,1.018,1.005,0.992,0.979,0.967,0.955,0.945,0.935,0.927,0.918,0.911,0.903,0.894,0.886,0.876,0.867,0.857,0.847,0.838,0.83,0.821,0.812,0.803,0.794,0.785,0.776,0.767,0.758,0.75,0.741,0.733,0.724,0.716,0.708,0.7,0.692,0.684,0.676,0.668,0.66,0.652,0.644,0.636,0.629,0.621,0.613,0.605,0.597,0.59,0.581
Value Added as % of GDP,WB High Income,Agriculture,SSP1,1.606,1.585,1.562,1.535,1.508,1.48,1.451,1.422,1.392,1.359,1.325,1.29,1.255,1.225,1.198,1.173,1.149,1.126,1.104,1.081,1.06,1.039,1.019,0.999,0.98,0.961,0.943,0.926,0.91,0.894,0.88,0.866,0.855,0.842,0.83,0.818,0.807,0.796,0.786,0.776,0.766,0.755,0.745,0.735,0.726,0.716,0.707,0.697,0.688,0.68,0.671,0.663,0.655,0.647,0.639,0.632,0.625,0.618,0.612,0.605,0.599,0.592,0.586,0.58,0.574,0.568,0.563,0.558,0.552,0.547,0.542,0.537,0.532,0.528,0.523,0.519,0.515,0.51,0.506,0.502,0.498,0.494,0.49,0.486
Value Added as % of GDP,WB High Income,Agriculture,SSP2,1.606,1.586,1.565,1.54,1.516,1.491,1.466,1.441,1.416,1.389,1.36,1.332,1.303,1.276,1.255,1.233,1.214,1.196,1.178,1.16,1.142,1.125,1.107,1.09,1.073,1.057,1.041,1.025,1.009,0.994,0.98,0.966,0.952,0.939,0.926,0.916,0.905,0.893,0.882,0.87,0.86,0.849,0.838,0.828,0.817,0.806,0.797,0.787,0.777,0.768,0.758,0.749,0.74,0.731,0.723,0.715,0.707,0.699,0.691,0.684,0.676,0.669,0.662,0.655,0.648,0.641,0.635,0.629,0.623,0.617,0.613,0.61,0.61,0.611,0.611,0.609,0.607,0.604,0.601,0.598,0.593,0.589,0.584,0.579
Value Added as % of GDP,WB High Income,Agriculture,SSP3,1.606,1.59,1.573,1.551,1.53,1.509,1.488,1.468,1.449,1.43,1.409,1.389,1.37,1.354,1.339,1.326,1.315,1.304,1.293,1.283,1.272,1.262,1.253,1.243,1.234,1.225,1.216,1.208,1.2,1.193,1.186,1.18,1.174,1.168,1.162,1.157,1.152,1.147,1.143,1.142,1.139,1.136,1.133,1.13,1.128,1.126,1.123,1.121,1.119,1.118,1.117,1.12,1.125,1.13,1.14,1.151,1.159,1.164,1.167,1.168,1.169,1.17,1.17,1.172,1.173,1.175,1.175,1.178,1.177,1.179,1.178,1.178,1.176,1.176,1.175,1.174,1.171,1.171,1.168,1.167,1.164,1.163,1.16,1.16
Value Added as % of GDP,WB High Income,Agriculture,SSP4,1.606,1.587,1.565,1.539,1.512,1.485,1.457,1.43,1.401,1.369,1.335,1.302,1.268,1.239,1.214,1.19,1.167,1.145,1.123,1.102,1.082,1.063,1.044,1.025,1.007,0.99,0.973,0.958,0.942,0.927,0.915,0.903,0.892,0.881,0.869,0.858,0.847,0.837,0.828,0.818,0.808,0.799,0.789,0.78,0.771,0.762,0.753,0.745,0.737,0.729,0.722,0.714,0.707,0.7,0.693,0.687,0.681,0.675,0.669,0.663,0.657,0.652,0.646,0.641,0.636,0.631,0.626,0.622,0.617,0.613,0.608,0.604,0.601,0.597,0.594,0.591,0.589,0.59,0.591,0.59,0.591,0.591,0.59,0.588
Value Added as % of GDP,WB High Income,Agriculture,SSP5,1.606,1.581,1.555,1.525,1.494,1.462,1.429,1.394,1.358,1.319,1.278,1.236,1.193,1.151,1.11,1.074,1.04,1.01,0.981,0.953,0.926,0.9,0.874,0.85,0.826,0.803,0.781,0.76,0.74,0.721,0.704,0.687,0.67,0.654,0.638,0.624,0.61,0.595,0.581,0.567,0.554,0.541,0.528,0.515,0.503,0.491,0.48,0.468,0.457,0.446,0.436,0.426,0.416,0.406,0.397,0.388,0.379,0.371,0.362,0.354,0.347,0.339,0.331,0.324,0.317,0.31,0.304,0.297,0.291,0.285,0.279,0.273,0.268,0.262,0.257,0.252,0.246,0.241,0.237,0.232,0.227,0.224,0.221,0.218
Value Added as % of GDP,WB High Income,Energy,IF,1.528,1.537,1.536,1.638,1.576,1.534,1.519,1.516,1.524,1.539,1.557,1.572,1.581,1.585,1.578,1.57,1.564,1.56,1.558,1.564,1.574,1.585,1.597,1.604,1.606,1.603,1.6,1.593,1.589,1.592,1.586,1.578,1.563,1.545,1.53,1.516,1.501,1.488,1.475,1.468,1.46,1.445,1.427,1.41,1.39,1.37,1.351,1.336,1.321,1.307,1.295,1.283,1.269,1.254,1.238,1.222,1.205,1.186,1.166,1.145,1.123,1.102,1.082,1.061,1.042,1.024,1.007,0.991,0.975,0.959,0.944,0.928,0.912,0.897,0.882,0.866,0.85,0.834,0.816,0.799,0.782,0.766,0.75,0.735
Value Added as % of GDP,WB High Income,Energy,SSP1,1.528,1.536,1.526,1.517,1.518,1.535,1.564,1.595,1.612,1.609,1.602,1.592,1.583,1.577,1.575,1.578,1.584,1.595,1.602,1.612,1.619,1.622,1.628,1.63,1.635,1.639,1.645,1.647,1.649,1.655,1.647,1.637,1.618,1.597,1.576,1.556,1.538,1.522,1.505,1.497,1.491,1.482,1.467,1.452,1.433,1.412,1.39,1.366,1.341,1.317,1.291,1.267,1.242,1.219,1.198,1.176,1.154,1.132,1.11,1.088,1.067,1.046,1.025,1.006,0.986,0.968,0.95,0.933,0.917,0.9,0.885,0.869,0.854,0.84,0.827,0.813,0.8,0.786,0.772,0.757,0.743,0.729,0.715,0.7
Value Added as % of GDP,WB High Income,Energy,SSP2,1.528,1.538,1.529,1.523,1.526,1.545,1.576,1.61,1.627,1.624,1.618,1.608,1.598,1.591,1.588,1.59,1.595,1.604,1.612,1.627,1.639,1.65,1.656,1.661,1.664,1.668,1.671,1.674,1.676,1.677,1.671,1.661,1.648,1.628,1.606,1.584,1.566,1.549,1.536,1.525,1.522,1.517,1.505,1.492,1.476,1.459,1.442,1.424,1.408,1.39,1.371,1.349,1.325,1.301,1.276,1.252,1.229,1.206,1.185,1.168,1.148,1.128,1.108,1.089,1.071,1.053,1.035,1.017,0.999,0.981,0.964,0.947,0.931,0.916,0.901,0.888,0.874,0.859,0.844,0.829,0.813,0.799,0.785,0.771
Value Added as % of GDP,WB High Income,Energy,SSP3,1.528,1.542,1.537,1.535,1.541,1.562,1.595,1.63,1.653,1.657,1.649,1.643,1.637,1.633,1.635,1.638,1.646,1.656,1.666,1.683,1.7,1.715,1.727,1.731,1.735,1.737,1.74,1.745,1.752,1.759,1.758,1.759,1.752,1.738,1.721,1.702,1.683,1.665,1.65,1.634,1.621,1.608,1.596,1.587,1.576,1.566,1.557,1.546,1.535,1.521,1.506,1.49,1.473,1.452,1.43,1.407,1.385,1.367,1.35,1.335,1.323,1.312,1.302,1.291,1.28,1.266,1.251,1.236,1.22,1.203,1.185,1.167,1.15,1.133,1.115,1.099,1.082,1.065,1.046,1.028,1.009,0.991,0.973,0.956
Value Added as % of GDP,WB High Income,Energy,SSP4,1.528,1.538,1.529,1.522,1.524,1.539,1.567,1.597,1.611,1.604,1.594,1.581,1.567,1.556,1.548,1.546,1.545,1.547,1.549,1.559,1.566,1.572,1.572,1.57,1.566,1.565,1.562,1.561,1.56,1.56,1.554,1.545,1.534,1.513,1.49,1.465,1.443,1.422,1.404,1.387,1.376,1.363,1.348,1.332,1.315,1.297,1.279,1.262,1.244,1.225,1.207,1.187,1.168,1.148,1.127,1.107,1.087,1.068,1.049,1.031,1.014,0.997,0.983,0.968,0.954,0.94,0.929,0.916,0.902,0.888,0.874,0.859,0.843,0.828,0.813,0.799,0.784,0.77,0.754,0.739,0.724,0.71,0.696,0.683
Value Added as % of GDP,WB High Income,Energy,SSP5,1.528,1.533,1.518,1.506,1.504,1.519,1.543,1.571,1.586,1.582,1.571,1.557,1.543,1.533,1.528,1.522,1.524,1.529,1.535,1.543,1.548,1.549,1.548,1.542,1.538,1.534,1.531,1.531,1.528,1.529,1.516,1.501,1.479,1.455,1.431,1.407,1.386,1.363,1.346,1.331,1.315,1.299,1.278,1.254,1.23,1.205,1.18,1.153,1.127,1.1,1.074,1.049,1.026,1.003,0.98,0.957,0.936,0.914,0.894,0.874,0.854,0.836,0.817,0.8,0.783,0.766,0.75,0.735,0.72,0.706,0.692,0.679,0.667,0.656,0.645,0.634,0.624,0.613,0.602,0.59,0.578,0.565,0.553,0.541
Value Added as % of GDP,WB High Income,Materials,IF,1.324,1.328,1.337,1.355,1.361,1.388,1.407,1.434,1.493,1.568,1.647,1.723,1.79,1.842,1.878,1.901,1.917,1.93,1.94,1.951,1.962,1.974,1.987,2.001,2.014,2.026,2.038,2.048,2.057,2.063,2.069,2.074,2.077,2.08,2.08,2.08,2.078,2.074,2.068,2.06,2.051,2.041,2.029,2.018,2.006,1.994,1.983,1.973,1.963,1.954,1.945,1.938,1.931,1.925,1.92,1.915,1.91,1.905,1.901,1.897,1.893,1.89,1.887,1.884,1.882,1.88,1.878,1.876,1.875,1.872,1.87,1.867,1.864,1.861,1.859,1.856,1.852,1.848,1.845,1.841,1.839,1.838,1.837,1.838
Value Added as % of GDP,WB High Income,Materials,SSP1,1.324,1.33,1.344,1.363,1.38,1.401,1.426,1.455,1.491,1.534,1.586,1.646,1.713,1.786,1.861,1.932,2,2.064,2.119,2.164,2.199,2.224,2.24,2.249,2.252,2.249,2.242,2.231,2.217,2.202,2.185,2.167,2.148,2.129,2.11,2.092,2.074,2.059,2.045,2.033,2.023,2.016,2.012,2.009,2.009,2.011,2.015,2.019,2.023,2.027,2.03,2.031,2.032,2.03,2.026,2.019,2.01,1.999,1.987,1.974,1.96,1.946,1.931,1.917,1.902,1.89,1.881,1.874,1.87,1.872,1.878,1.893,1.92,1.967,2.037,2.125,2.222,2.335,2.45,2.559,2.665,2.751,2.818,2.864
Value Added as % of GDP,WB High Income,Materials,SSP2,1.324,1.331,1.345,1.364,1.38,1.401,1.426,1.455,1.49,1.532,1.582,1.639,1.703,1.772,1.842,1.91,1.974,2.035,2.09,2.134,2.17,2.198,2.218,2.231,2.239,2.242,2.241,2.237,2.23,2.22,2.21,2.198,2.186,2.174,2.161,2.149,2.139,2.13,2.123,2.119,2.117,2.119,2.124,2.133,2.144,2.159,2.176,2.195,2.214,2.233,2.251,2.267,2.281,2.292,2.298,2.301,2.3,2.296,2.289,2.28,2.269,2.257,2.245,2.232,2.22,2.209,2.199,2.19,2.183,2.179,2.178,2.177,2.18,2.187,2.201,2.228,2.269,2.329,2.411,2.518,2.64,2.764,2.884,2.986
Value Added as % of GDP,WB High Income,Materials,SSP3,1.324,1.33,1.343,1.362,1.378,1.398,1.422,1.45,1.484,1.525,1.573,1.628,1.69,1.755,1.822,1.886,1.948,2.006,2.058,2.102,2.137,2.165,2.187,2.203,2.214,2.221,2.224,2.225,2.223,2.219,2.214,2.208,2.202,2.195,2.189,2.183,2.179,2.177,2.177,2.18,2.185,2.195,2.208,2.225,2.246,2.272,2.303,2.337,2.374,2.412,2.449,2.487,2.524,2.557,2.587,2.613,2.635,2.653,2.667,2.678,2.687,2.693,2.698,2.702,2.704,2.706,2.708,2.709,2.709,2.709,2.712,2.717,2.726,2.738,2.755,2.777,2.806,2.842,2.888,2.947,3.024,3.123,3.243,3.381
Value Added as % of GDP,WB High Income,Materials,SSP4,1.324,1.33,1.344,1.363,1.38,1.4,1.425,1.453,1.488,1.53,1.58,1.637,1.702,1.773,1.845,1.915,1.982,2.045,2.101,2.147,2.184,2.211,2.231,2.245,2.252,2.254,2.253,2.247,2.239,2.229,2.217,2.205,2.192,2.179,2.167,2.155,2.147,2.14,2.136,2.136,2.139,2.148,2.161,2.179,2.203,2.231,2.263,2.297,2.331,2.364,2.396,2.423,2.447,2.464,2.475,2.48,2.48,2.475,2.466,2.455,2.441,2.426,2.411,2.396,2.383,2.37,2.36,2.351,2.344,2.341,2.339,2.333,2.329,2.323,2.321,2.322,2.327,2.34,2.364,2.401,2.456,2.53,2.625,2.736
Value Added as % of GDP,WB High Income,Materials,SSP5,1.324,1.331,1.346,1.366,1.382,1.404,1.429,1.459,1.496,1.541,1.594,1.655,1.725,1.8,1.876,1.948,2.019,2.084,2.138,2.18,2.211,2.231,2.242,2.245,2.24,2.23,2.214,2.195,2.173,2.148,2.122,2.095,2.068,2.04,2.013,1.986,1.961,1.937,1.916,1.898,1.882,1.868,1.857,1.85,1.844,1.841,1.839,1.837,1.835,1.832,1.828,1.822,1.813,1.802,1.787,1.771,1.752,1.731,1.709,1.685,1.66,1.636,1.613,1.59,1.57,1.552,1.537,1.527,1.525,1.536,1.563,1.608,1.676,1.766,1.866,1.968,2.061,2.156,2.242,2.31,2.366,2.413,2.462,2.494
Value Added as % of GDP,WB High Income,Manufactures,IF,22.42,22.42,22.45,22.48,22.53,22.56,22.58,22.59,22.57,22.51,22.45,22.4,22.37,22.35,22.36,22.38,22.41,22.46,22.51,22.56,22.62,22.66,22.68,22.68,22.66,22.62,22.56,22.47,22.37,22.24,22.11,21.96,21.81,21.64,21.47,21.28,21.1,20.9,20.7,20.49,20.28,20.08,19.88,19.7,19.52,19.35,19.19,19.05,18.92,18.79,18.68,18.57,18.46,18.36,18.27,18.18,18.09,18,17.92,17.84,17.77,17.69,17.62,17.55,17.48,17.41,17.35,17.28,17.21,17.14,17.08,17.01,16.94,16.87,16.8,16.72,16.64,16.56,16.47,16.38,16.29,16.19,16.1,16
Value Added as % of GDP,WB High Income,Manufactures,SSP1,22.42,22.43,22.45,22.48,22.5,22.51,22.5,22.48,22.46,22.43,22.4,22.36,22.32,22.27,22.22,22.17,22.14,22.11,22.09,22.09,22.11,22.13,22.17,22.2,22.24,22.28,22.32,22.36,22.39,22.41,22.42,22.41,22.39,22.36,22.3,22.22,22.13,22.01,21.88,21.74,21.59,21.42,21.26,21.08,20.91,20.73,20.55,20.38,20.21,20.05,19.88,19.72,19.57,19.43,19.3,19.18,19.06,18.96,18.86,18.78,18.7,18.63,18.58,18.52,18.48,18.44,18.41,18.39,18.38,18.38,18.39,18.41,18.43,18.46,18.49,18.53,18.56,18.58,18.59,18.59,18.58,18.56,18.53,18.48
Value Added as % of GDP,WB High Income,Manufactures,SSP2,22.42,22.42,22.45,22.48,22.5,22.5,22.5,22.48,22.46,22.44,22.41,22.38,22.34,22.31,22.27,22.24,22.21,22.2,22.2,22.21,22.24,22.28,22.32,22.38,22.43,22.48,22.53,22.57,22.62,22.65,22.66,22.67,22.66,22.63,22.58,22.51,22.42,22.31,22.19,22.05,21.9,21.74,21.57,21.4,21.23,21.06,20.88,20.72,20.55,20.39,20.24,20.1,19.96,19.84,19.73,19.63,19.54,19.46,19.39,19.33,19.28,19.24,19.2,19.18,19.16,19.16,19.16,19.18,19.2,19.22,19.25,19.28,19.32,19.35,19.38,19.4,19.42,19.43,19.42,19.4,19.37,19.32,19.24,19.16
Value Added as % of GDP,WB High Income,Manufactures,SSP3,22.42,22.42,22.45,22.48,22.49,22.49,22.48,22.47,22.45,22.42,22.39,22.35,22.31,22.27,22.23,22.19,22.17,22.15,22.14,22.15,22.18,22.21,22.26,22.32,22.37,22.43,22.49,22.55,22.6,22.64,22.67,22.68,22.69,22.67,22.63,22.58,22.5,22.4,22.29,22.17,22.03,21.89,21.73,21.58,21.43,21.28,21.13,20.99,20.85,20.73,20.61,20.51,20.42,20.35,20.3,20.26,20.23,20.22,20.23,20.26,20.29,20.33,20.38,20.44,20.5,20.57,20.65,20.73,20.82,20.92,21.02,21.13,21.23,21.33,21.43,21.51,21.58,21.62,21.64,21.65,21.65,21.63,21.61,21.57
Value Added as % of GDP,WB High Income,Manufactures,SSP4,22.42,22.42,22.45,22.47,22.49,22.49,22.48,22.45,22.43,22.39,22.35,22.3,22.24,22.18,22.12,22.06,22.01,21.97,21.94,21.93,21.93,21.94,21.96,21.99,22.02,22.06,22.09,22.12,22.14,22.15,22.15,22.13,22.09,22.04,21.97,21.87,21.76,21.63,21.47,21.31,21.13,20.94,20.75,20.55,20.35,20.15,19.96,19.76,19.57,19.38,19.2,19.03,18.86,18.69,18.54,18.4,18.26,18.13,18.01,17.9,17.8,17.7,17.62,17.54,17.48,17.43,17.39,17.37,17.36,17.36,17.37,17.4,17.43,17.47,17.52,17.56,17.6,17.63,17.65,17.66,17.66,17.63,17.59,17.55
Value Added as % of GDP,WB High Income,Manufactures,SSP5,22.42,22.42,22.45,22.47,22.49,22.49,22.48,22.45,22.42,22.38,22.33,22.27,22.2,22.13,22.05,21.98,21.91,21.84,21.79,21.75,21.71,21.69,21.67,21.66,21.65,21.64,21.63,21.61,21.59,21.56,21.52,21.47,21.41,21.33,21.23,21.12,20.99,20.85,20.69,20.53,20.35,20.16,19.96,19.76,19.54,19.33,19.11,18.9,18.68,18.47,18.26,18.06,17.86,17.67,17.49,17.31,17.15,17.01,16.87,16.75,16.64,16.54,16.45,16.38,16.3,16.24,16.19,16.14,16.1,16.07,16.04,16.02,16,15.99,15.96,15.93,15.9,15.86,15.83,15.79,15.75,15.7,15.65,15.6
Value Added as % of GDP,WB High Income,Services,IF,67.54,67.54,67.51,67.24,67.3,67.35,67.34,67.3,67.23,67.15,67.06,66.96,66.86,66.76,66.67,66.59,66.5,66.41,66.31,66.21,66.12,66.04,65.98,65.95,65.96,65.99,66.05,66.13,66.23,66.36,66.5,66.68,66.87,67.1,67.34,67.59,67.87,68.15,68.44,68.73,69.03,69.31,69.59,69.86,70.11,70.36,70.58,70.8,71,71.21,71.4,71.6,71.78,71.95,72.12,72.27,72.41,72.54,72.66,72.76,72.86,72.96,73.05,73.15,73.25,73.36,73.47,73.58,73.69,73.78,73.87,73.95,74.03,74.1,74.18,74.25,74.34,74.43,74.54,74.66,74.78,74.91,75.05,75.18
Value Added as % of GDP,WB High Income,Services,SSP1,67.54,67.53,67.5,67.46,67.44,67.4,67.36,67.32,67.29,67.27,67.26,67.23,67.2,67.15,67.09,67.02,66.94,66.85,66.75,66.65,66.56,66.48,66.4,66.33,66.28,66.23,66.2,66.18,66.17,66.18,66.2,66.25,66.31,66.4,66.51,66.64,66.79,66.96,67.14,67.33,67.53,67.75,67.99,68.23,68.48,68.73,68.99,69.24,69.49,69.74,69.98,70.22,70.44,70.65,70.84,71.02,71.17,71.3,71.41,71.5,71.57,71.6,71.61,71.61,71.59,71.56,71.53,71.5,71.47,71.44,71.42,71.4,71.38,71.34,71.28,71.21,71.14,71.05,70.96,70.86,70.74,70.62,70.51,70.41
Value Added as % of GDP,WB High Income,Services,SSP2,67.54,67.53,67.5,67.46,67.42,67.39,67.34,67.3,67.25,67.22,67.19,67.15,67.1,67.04,66.96,66.86,66.76,66.64,66.53,66.41,66.29,66.19,66.09,66.01,65.94,65.89,65.85,65.82,65.8,65.8,65.81,65.85,65.9,65.98,66.07,66.18,66.31,66.45,66.61,66.78,66.96,67.15,67.36,67.58,67.81,68.05,68.29,68.53,68.77,69.01,69.24,69.46,69.67,69.87,70.04,70.2,70.33,70.44,70.52,70.57,70.59,70.59,70.56,70.52,70.47,70.42,70.37,70.33,70.3,70.29,70.29,70.31,70.34,70.39,70.44,70.49,70.53,70.56,70.57,70.56,70.53,70.48,70.44,70.39
Value Added as % of GDP,WB High Income,Services,SSP3,67.54,67.52,67.48,67.44,67.41,67.37,67.33,67.28,67.23,67.19,67.15,67.1,67.03,66.96,66.87,66.76,66.64,66.51,66.38,66.25,66.12,65.99,65.88,65.78,65.7,65.64,65.59,65.55,65.52,65.5,65.5,65.52,65.55,65.61,65.68,65.76,65.86,65.97,66.09,66.22,66.35,66.5,66.65,66.81,66.98,67.16,67.34,67.53,67.72,67.91,68.09,68.27,68.43,68.57,68.69,68.78,68.85,68.88,68.88,68.84,68.76,68.63,68.47,68.28,68.06,67.82,67.59,67.37,67.18,67,66.86,66.75,66.68,66.64,66.63,66.66,66.72,66.81,66.92,67.03,67.13,67.22,67.26,67.28
Value Added as % of GDP,WB High Income,Services,SSP4,67.54,67.53,67.5,67.46,67.44,67.41,67.38,67.35,67.32,67.3,67.29,67.26,67.23,67.18,67.12,67.05,66.97,66.89,66.8,66.71,66.62,66.54,66.48,66.43,66.4,66.38,66.37,66.37,66.38,66.41,66.45,66.51,66.59,66.69,66.8,66.93,67.08,67.23,67.4,67.59,67.78,67.99,68.21,68.45,68.69,68.94,69.19,69.46,69.72,69.98,70.24,70.51,70.75,70.99,71.21,71.41,71.58,71.73,71.84,71.92,71.97,71.98,71.96,71.92,71.87,71.82,71.78,71.75,71.74,71.74,71.76,71.81,71.87,71.95,72.03,72.11,72.2,72.28,72.34,72.39,72.42,72.43,72.39,72.31
Value Added as % of GDP,WB High Income,Services,SSP5,67.54,67.54,67.51,67.48,67.47,67.44,67.41,67.39,67.37,67.38,67.38,67.39,67.39,67.38,67.37,67.35,67.32,67.28,67.25,67.21,67.19,67.18,67.17,67.18,67.2,67.23,67.26,67.3,67.36,67.42,67.51,67.61,67.74,67.88,68.04,68.22,68.41,68.63,68.86,69.1,69.35,69.63,69.92,70.22,70.52,70.83,71.14,71.46,71.76,72.07,72.36,72.65,72.93,73.19,73.45,73.7,73.93,74.15,74.34,74.53,74.7,74.84,74.96,75.05,75.12,75.17,75.2,75.21,75.2,75.16,75.11,75.03,74.94,74.83,74.74,74.65,74.58,74.52,74.47,74.44,74.43,74.44,74.45,74.46
Value Added as % of GDP,WB High Income,ICTech,IF,5.582,5.588,5.601,5.62,5.634,5.654,5.657,5.676,5.727,5.798,5.878,5.96,6.041,6.117,6.188,6.253,6.314,6.37,6.42,6.465,6.503,6.535,6.56,6.581,6.597,6.612,6.626,6.639,6.65,6.657,6.658,6.651,6.634,6.606,6.568,6.522,6.469,6.411,6.351,6.291,6.235,6.184,6.138,6.098,6.062,6.028,5.994,5.957,5.917,5.871,5.822,5.77,5.719,5.672,5.633,5.601,5.58,5.571,5.572,5.578,5.589,5.601,5.611,5.614,5.61,5.6,5.584,5.568,5.556,5.551,5.554,5.565,5.584,5.607,5.633,5.659,5.68,5.696,5.705,5.707,5.702,5.692,5.678,5.661
Value Added as % of GDP,WB High Income,ICTech,SSP1,5.582,5.594,5.616,5.643,5.655,5.674,5.696,5.721,5.752,5.789,5.831,5.88,5.933,5.992,6.054,6.121,6.19,6.261,6.329,6.394,6.454,6.506,6.55,6.586,6.613,6.634,6.647,6.656,6.662,6.665,6.668,6.67,6.671,6.672,6.672,6.67,6.665,6.656,6.642,6.623,6.599,6.568,6.533,6.492,6.447,6.398,6.347,6.295,6.242,6.192,6.143,6.097,6.057,6.024,5.997,5.982,5.979,5.989,6.013,6.051,6.106,6.178,6.266,6.365,6.469,6.572,6.666,6.747,6.811,6.856,6.883,6.893,6.886,6.865,6.835,6.801,6.767,6.74,6.726,6.734,6.772,6.84,6.939,7.067
Value Added as % of GDP,WB High Income,ICTech,SSP2,5.582,5.594,5.615,5.642,5.654,5.672,5.693,5.718,5.75,5.79,5.837,5.892,5.953,6.02,6.091,6.166,6.242,6.319,6.392,6.459,6.517,6.566,6.606,6.636,6.656,6.668,6.673,6.673,6.671,6.666,6.662,6.659,6.657,6.658,6.659,6.663,6.666,6.668,6.666,6.66,6.647,6.628,6.602,6.566,6.522,6.47,6.411,6.346,6.278,6.208,6.139,6.075,6.018,5.969,5.929,5.904,5.895,5.904,5.929,5.973,6.037,6.12,6.218,6.323,6.428,6.523,6.602,6.659,6.697,6.712,6.702,6.669,6.617,6.549,6.471,6.386,6.299,6.218,6.148,6.093,6.06,6.05,6.067,6.114
Value Added as % of GDP,WB High Income,ICTech,SSP3,5.582,5.593,5.614,5.638,5.649,5.665,5.683,5.707,5.738,5.779,5.828,5.887,5.954,6.028,6.109,6.195,6.284,6.373,6.458,6.534,6.599,6.653,6.696,6.725,6.741,6.747,6.742,6.73,6.712,6.691,6.67,6.65,6.634,6.623,6.617,6.618,6.623,6.632,6.644,6.658,6.671,6.679,6.68,6.669,6.643,6.603,6.548,6.481,6.403,6.315,6.221,6.125,6.029,5.939,5.858,5.788,5.737,5.708,5.701,5.721,5.772,5.856,5.973,6.12,6.288,6.463,6.632,6.779,6.895,6.987,7.044,7.06,7.037,6.979,6.891,6.775,6.639,6.49,6.334,6.177,6.023,5.879,5.754,5.654
Value Added as % of GDP,WB High Income,ICTech,SSP4,5.582,5.594,5.615,5.641,5.654,5.672,5.695,5.722,5.758,5.803,5.856,5.919,5.989,6.066,6.148,6.233,6.321,6.407,6.487,6.559,6.621,6.672,6.711,6.737,6.753,6.758,6.755,6.747,6.736,6.724,6.713,6.704,6.699,6.699,6.704,6.714,6.727,6.741,6.754,6.762,6.765,6.759,6.743,6.714,6.673,6.62,6.555,6.48,6.399,6.314,6.228,6.145,6.068,6.003,5.951,5.919,5.909,5.923,5.963,6.029,6.123,6.242,6.382,6.532,6.679,6.809,6.912,6.988,7.041,7.059,7.044,6.996,6.923,6.831,6.725,6.613,6.498,6.392,6.297,6.216,6.152,6.112,6.112,6.132
Value Added as % of GDP,WB High Income,ICTech,SSP5,5.582,5.594,5.618,5.646,5.66,5.68,5.706,5.735,5.767,5.804,5.848,5.896,5.95,6.007,6.066,6.127,6.189,6.251,6.31,6.364,6.413,6.456,6.493,6.524,6.548,6.567,6.583,6.595,6.605,6.614,6.623,6.632,6.64,6.646,6.649,6.648,6.641,6.628,6.608,6.582,6.549,6.508,6.461,6.41,6.356,6.3,6.244,6.189,6.136,6.086,6.04,5.998,5.959,5.926,5.898,5.874,5.852,5.833,5.818,5.806,5.803,5.809,5.827,5.859,5.902,5.957,6.02,6.091,6.166,6.243,6.316,6.385,6.445,6.497,6.538,6.569,6.592,6.609,6.622,6.633,6.643,6.655,6.669,6.691
Value Added as % of GDP,WB Low Income,Agriculture,IF,25.43,25.04,24.84,25.33,25.15,24.33,23.49,22.74,21.97,21.17,20.37,19.58,18.75,17.93,17.12,16.33,15.56,14.81,14.06,13.28,12.58,11.91,11.28,10.66,10.06,9.487,8.932,8.402,7.896,7.417,6.965,6.538,6.135,5.756,5.401,5.067,4.755,4.462,4.187,3.932,3.694,3.474,3.267,3.075,2.897,2.734,2.578,2.432,2.294,2.164,2.041,1.928,1.822,1.724,1.633,1.548,1.469,1.396,1.328,1.264,1.204,1.147,1.093,1.044,0.997,0.954,0.913,0.875,0.839,0.806,0.775,0.747,0.719,0.694,0.669,0.646,0.625,0.605,0.585,0.566,0.549,0.533,0.517,0.502
Value Added as % of GDP,WB Low Income,Agriculture,SSP1,25.43,24.45,23.18,21.88,20.53,19.18,17.86,16.53,15.23,13.98,12.8,11.72,10.75,9.865,9.054,8.308,7.621,6.991,6.415,5.888,5.407,4.968,4.566,4.2,3.866,3.561,3.282,3.029,2.797,2.586,2.393,2.216,2.054,1.906,1.77,1.645,1.532,1.427,1.332,1.244,1.163,1.088,1.019,0.955,0.897,0.843,0.794,0.748,0.705,0.666,0.63,0.597,0.565,0.537,0.51,0.485,0.461,0.439,0.419,0.4,0.382,0.365,0.349,0.335,0.321,0.308,0.295,0.284,0.273,0.262,0.253,0.243,0.235,0.226,0.219,0.211,0.204,0.197,0.191,0.185,0.179,0.174,0.169,0.164
Value Added as % of GDP,WB Low Income,Agriculture,SSP2,25.43,24.45,23.26,22.08,20.89,19.7,18.56,17.43,16.31,15.23,14.2,13.24,12.37,11.59,10.88,10.22,9.611,9.029,8.477,7.951,7.453,6.98,6.534,6.114,5.721,5.352,5.006,4.683,4.381,4.099,3.836,3.59,3.361,3.148,2.949,2.764,2.591,2.43,2.28,2.14,2.01,1.888,1.775,1.669,1.57,1.478,1.392,1.312,1.238,1.168,1.103,1.042,0.985,0.932,0.882,0.835,0.791,0.75,0.711,0.675,0.641,0.609,0.58,0.552,0.526,0.502,0.479,0.457,0.438,0.419,0.402,0.385,0.37,0.355,0.342,0.329,0.318,0.307,0.295,0.284,0.273,0.263,0.253,0.243
Value Added as % of GDP,WB Low Income,Agriculture,SSP3,25.43,24.45,23.31,22.24,21.18,20.15,19.17,18.21,17.28,16.35,15.47,14.65,13.91,13.24,12.65,12.13,11.65,11.18,10.74,10.31,9.898,9.495,9.105,8.728,8.364,8.015,7.679,7.358,7.052,6.759,6.48,6.212,5.957,5.713,5.48,5.257,5.043,4.84,4.645,4.46,4.282,4.113,3.951,3.797,3.649,3.509,3.377,3.256,3.14,3.035,2.939,2.843,2.755,2.674,2.594,2.516,2.442,2.365,2.287,2.212,2.139,2.07,2.004,1.942,1.881,1.825,1.769,1.717,1.664,1.616,1.567,1.521,1.474,1.432,1.386,1.346,1.304,1.266,1.226,1.19,1.154,1.12,1.085,1.054
Value Added as % of GDP,WB Low Income,Agriculture,SSP4,25.43,24.46,23.34,22.29,21.26,20.26,19.32,18.4,17.49,16.59,15.73,14.96,14.27,13.69,13.19,12.74,12.35,11.97,11.6,11.23,10.87,10.52,10.18,9.842,9.517,9.201,8.895,8.598,8.312,8.036,7.771,7.515,7.267,7.027,6.795,6.571,6.354,6.145,5.943,5.749,5.56,5.379,5.203,5.033,4.869,4.711,4.558,4.411,4.269,4.132,4,3.872,3.749,3.631,3.517,3.408,3.303,3.202,3.105,3.012,2.923,2.837,2.754,2.675,2.599,2.527,2.458,2.395,2.334,2.276,2.223,2.171,2.125,2.083,2.041,2.005,1.972,1.936,1.906,1.875,1.842,1.806,1.768,1.731
Value Added as % of GDP,WB Low Income,Agriculture,SSP5,25.43,24.44,23.14,21.78,20.36,18.94,17.53,16.11,14.71,13.38,12.14,10.99,9.96,9.028,8.184,7.422,6.732,6.111,5.552,5.049,4.596,4.188,3.819,3.485,3.185,2.913,2.667,2.445,2.243,2.06,1.894,1.743,1.607,1.483,1.371,1.268,1.174,1.089,1.011,0.94,0.874,0.815,0.76,0.71,0.664,0.622,0.584,0.548,0.515,0.484,0.456,0.43,0.405,0.383,0.362,0.343,0.325,0.308,0.292,0.278,0.264,0.251,0.239,0.228,0.217,0.207,0.198,0.189,0.181,0.173,0.165,0.158,0.152,0.146,0.14,0.134,0.129,0.124,0.119,0.114,0.11,0.106,0.102,0.099
Value Added as % of GDP,WB Low Income,Energy,IF,3.967,3.939,4.211,4.714,4.942,4.884,4.718,4.614,4.583,4.607,4.639,4.65,4.638,4.595,4.525,4.421,4.311,4.219,4.128,4.056,3.982,3.921,3.854,3.781,3.698,3.615,3.532,3.456,3.381,3.314,3.238,3.163,3.088,3.014,2.946,2.876,2.8,2.73,2.662,2.583,2.503,2.422,2.347,2.269,2.192,2.124,2.067,2.028,1.998,1.976,1.953,1.93,1.908,1.887,1.863,1.838,1.814,1.79,1.765,1.742,1.723,1.708,1.697,1.689,1.684,1.682,1.682,1.684,1.689,1.693,1.698,1.702,1.706,1.707,1.71,1.713,1.71,1.703,1.693,1.68,1.667,1.652,1.636,1.619
Value Added as % of GDP,WB Low Income,Energy,SSP1,3.967,3.847,3.93,4.074,4.079,3.965,3.847,3.749,3.648,3.531,3.398,3.255,3.104,2.971,2.854,2.751,2.656,2.565,2.476,2.382,2.295,2.215,2.139,2.07,2.014,1.969,1.93,1.89,1.855,1.82,1.773,1.721,1.667,1.617,1.571,1.53,1.494,1.461,1.427,1.4,1.375,1.347,1.321,1.298,1.279,1.261,1.246,1.236,1.224,1.215,1.202,1.194,1.185,1.179,1.173,1.169,1.167,1.166,1.166,1.168,1.169,1.17,1.17,1.171,1.17,1.171,1.171,1.17,1.169,1.168,1.166,1.163,1.161,1.159,1.156,1.155,1.15,1.142,1.132,1.118,1.104,1.087,1.07,1.053
Value Added as % of GDP,WB Low Income,Energy,SSP2,3.967,3.847,3.938,4.099,4.131,4.046,3.96,3.896,3.825,3.744,3.64,3.532,3.41,3.301,3.206,3.124,3.045,2.978,2.905,2.839,2.759,2.684,2.611,2.54,2.482,2.43,2.383,2.342,2.306,2.269,2.222,2.171,2.113,2.05,1.989,1.931,1.882,1.839,1.799,1.765,1.733,1.702,1.67,1.638,1.608,1.582,1.56,1.542,1.526,1.512,1.497,1.479,1.461,1.445,1.429,1.417,1.405,1.399,1.393,1.39,1.388,1.391,1.391,1.393,1.394,1.398,1.399,1.401,1.4,1.398,1.394,1.39,1.385,1.38,1.375,1.372,1.364,1.353,1.339,1.323,1.306,1.286,1.266,1.245
Value Added as % of GDP,WB Low Income,Energy,SSP3,3.967,3.846,3.943,4.12,4.177,4.119,4.058,4.021,3.977,3.927,3.851,3.774,3.692,3.612,3.546,3.494,3.443,3.402,3.356,3.32,3.282,3.246,3.2,3.153,3.109,3.073,3.046,3.027,3.017,3.011,2.991,2.964,2.927,2.884,2.838,2.791,2.748,2.709,2.664,2.617,2.575,2.537,2.499,2.464,2.44,2.419,2.401,2.388,2.377,2.366,2.355,2.335,2.316,2.296,2.271,2.247,2.227,2.211,2.201,2.194,2.194,2.199,2.206,2.216,2.225,2.233,2.24,2.241,2.241,2.239,2.236,2.234,2.227,2.222,2.217,2.218,2.212,2.202,2.187,2.17,2.149,2.128,2.105,2.079
Value Added as % of GDP,WB Low Income,Energy,SSP4,3.967,3.848,3.949,4.132,4.196,4.149,4.102,4.081,4.053,4.017,3.957,3.897,3.835,3.783,3.747,3.724,3.709,3.695,3.687,3.675,3.667,3.653,3.641,3.632,3.627,3.624,3.627,3.637,3.654,3.675,3.67,3.653,3.63,3.604,3.573,3.541,3.515,3.488,3.459,3.418,3.387,3.356,3.318,3.274,3.234,3.199,3.164,3.137,3.119,3.102,3.09,3.072,3.051,3.025,2.999,2.968,2.938,2.911,2.888,2.87,2.852,2.835,2.818,2.807,2.801,2.795,2.788,2.779,2.77,2.757,2.743,2.728,2.712,2.696,2.679,2.665,2.644,2.616,2.585,2.55,2.514,2.475,2.434,2.392
Value Added as % of GDP,WB Low Income,Energy,SSP5,3.967,3.845,3.923,4.057,4.053,3.931,3.797,3.682,3.573,3.447,3.301,3.14,2.982,2.843,2.722,2.615,2.518,2.421,2.332,2.235,2.144,2.062,1.989,1.924,1.863,1.81,1.764,1.724,1.691,1.66,1.624,1.583,1.541,1.5,1.46,1.424,1.387,1.357,1.333,1.312,1.285,1.258,1.233,1.209,1.185,1.163,1.146,1.131,1.118,1.108,1.102,1.099,1.094,1.086,1.08,1.074,1.069,1.064,1.059,1.054,1.049,1.044,1.039,1.034,1.029,1.024,1.019,1.013,1.008,1.002,0.995,0.989,0.984,0.977,0.971,0.965,0.955,0.942,0.927,0.911,0.894,0.876,0.859,0.842
Value Added as % of GDP,WB Low Income,Materials,IF,2.715,2.784,2.812,2.817,2.902,3.024,3.107,3.176,3.303,3.463,3.643,3.833,4.023,4.202,4.361,4.498,4.616,4.721,4.823,4.926,5.028,5.131,5.237,5.346,5.455,5.565,5.675,5.785,5.896,6.009,6.123,6.238,6.355,6.471,6.588,6.704,6.82,6.934,7.047,7.16,7.27,7.378,7.483,7.586,7.686,7.783,7.878,7.973,8.066,8.159,8.253,8.347,8.439,8.53,8.618,8.704,8.786,8.865,8.941,9.014,9.083,9.149,9.212,9.271,9.325,9.377,9.426,9.473,9.517,9.56,9.594,9.631,9.668,9.709,9.75,9.791,9.832,9.873,9.914,9.956,10.01,10.05,10.1,10.14
Value Added as % of GDP,WB Low Income,Materials,SSP1,2.715,2.795,2.885,2.994,3.158,3.319,3.474,3.664,3.881,4.124,4.398,4.708,5.059,5.445,5.854,6.27,6.673,7.044,7.37,7.637,7.842,7.991,8.096,8.168,8.199,8.212,8.213,8.205,8.192,8.177,8.163,8.15,8.139,8.133,8.132,8.137,8.151,8.177,8.216,8.276,8.354,8.453,8.576,8.723,8.892,9.079,9.276,9.475,9.666,9.837,9.983,10.11,10.2,10.25,10.28,10.28,10.25,10.19,10.12,10.04,9.947,9.844,9.736,9.623,9.514,9.41,9.309,9.207,9.108,9.017,8.929,8.854,8.788,8.728,8.684,8.661,8.656,8.664,8.688,8.731,8.797,8.879,8.974,9.079
Value Added as % of GDP,WB Low Income,Materials,SSP2,2.715,2.791,2.874,2.97,3.115,3.259,3.4,3.569,3.76,3.974,4.214,4.482,4.778,5.102,5.441,5.785,6.118,6.423,6.696,6.923,7.102,7.235,7.331,7.391,7.418,7.429,7.431,7.424,7.413,7.4,7.389,7.381,7.379,7.385,7.397,7.419,7.449,7.489,7.546,7.618,7.71,7.822,7.954,8.108,8.283,8.473,8.675,8.883,9.083,9.268,9.427,9.566,9.676,9.753,9.797,9.809,9.792,9.754,9.699,9.631,9.55,9.458,9.357,9.254,9.151,9.05,8.954,8.863,8.781,8.708,8.644,8.593,8.558,8.542,8.545,8.574,8.622,8.689,8.783,8.903,9.058,9.239,9.438,9.646
Value Added as % of GDP,WB Low Income,Materials,SSP3,2.715,2.787,2.865,2.955,3.094,3.233,3.368,3.526,3.7,3.893,4.107,4.344,4.597,4.868,5.144,5.415,5.674,5.905,6.11,6.28,6.415,6.518,6.59,6.627,6.642,6.639,6.623,6.599,6.571,6.544,6.52,6.5,6.485,6.476,6.473,6.477,6.489,6.511,6.546,6.596,6.663,6.749,6.856,6.985,7.137,7.312,7.505,7.708,7.909,8.096,8.262,8.409,8.533,8.628,8.693,8.722,8.723,8.704,8.666,8.616,8.549,8.473,8.388,8.297,8.199,8.098,7.994,7.892,7.791,7.701,7.616,7.55,7.509,7.498,7.507,7.543,7.601,7.685,7.789,7.922,8.088,8.287,8.505,8.73
Value Added as % of GDP,WB Low Income,Materials,SSP4,2.715,2.786,2.857,2.937,3.057,3.176,3.295,3.432,3.591,3.768,3.967,4.182,4.413,4.657,4.906,5.149,5.379,5.581,5.753,5.891,5.991,6.059,6.097,6.111,6.098,6.07,6.033,5.991,5.947,5.905,5.867,5.834,5.807,5.788,5.779,5.776,5.781,5.796,5.823,5.861,5.911,5.977,6.061,6.164,6.286,6.424,6.572,6.725,6.868,6.994,7.101,7.194,7.263,7.308,7.329,7.326,7.308,7.279,7.243,7.202,7.155,7.098,7.027,6.948,6.86,6.768,6.672,6.576,6.483,6.395,6.315,6.25,6.201,6.163,6.139,6.127,6.126,6.144,6.178,6.237,6.316,6.423,6.556,6.716
Value Added as % of GDP,WB Low Income,Materials,SSP5,2.715,2.797,2.892,3.009,3.192,3.37,3.538,3.744,3.97,4.222,4.506,4.827,5.193,5.598,6.032,6.476,6.907,7.309,7.666,7.963,8.197,8.373,8.499,8.577,8.62,8.64,8.64,8.628,8.608,8.583,8.555,8.525,8.495,8.468,8.447,8.435,8.434,8.446,8.478,8.535,8.618,8.727,8.864,9.028,9.216,9.425,9.647,9.868,10.08,10.26,10.42,10.54,10.62,10.67,10.67,10.63,10.57,10.5,10.4,10.28,10.15,10.02,9.873,9.725,9.575,9.425,9.274,9.129,8.996,8.87,8.769,8.68,8.606,8.559,8.538,8.549,8.6,8.694,8.83,9.014,9.242,9.491,9.728,9.944
Value Added as % of GDP,WB Low Income,Manufactures,IF,15.49,15.56,15.5,15.26,15.29,15.52,15.72,15.85,15.97,16.11,16.25,16.42,16.61,16.82,17.05,17.31,17.59,17.89,18.22,18.56,18.9,19.22,19.53,19.8,20.05,20.26,20.44,20.6,20.73,20.83,20.92,21,21.07,21.12,21.16,21.18,21.19,21.19,21.18,21.16,21.14,21.12,21.1,21.07,21.05,21.02,21.01,21.01,21.03,21.05,21.09,21.14,21.19,21.26,21.33,21.4,21.47,21.55,21.62,21.69,21.75,21.8,21.85,21.89,21.92,21.94,21.95,21.95,21.94,21.92,21.88,21.84,21.8,21.76,21.71,21.67,21.63,21.6,21.57,21.55,21.54,21.53,21.53,21.52
Value Added as % of GDP,WB Low Income,Manufactures,SSP1,15.49,15.71,15.9,16.1,16.33,16.56,16.78,16.96,17.13,17.29,17.41,17.5,17.57,17.63,17.68,17.74,17.82,17.93,18.05,18.21,18.4,18.61,18.85,19.11,19.38,19.65,19.92,20.19,20.44,20.67,20.89,21.08,21.24,21.38,21.48,21.55,21.59,21.61,21.59,21.54,21.47,21.37,21.26,21.14,21,20.86,20.73,20.6,20.49,20.39,20.32,20.26,20.22,20.2,20.21,20.23,20.27,20.31,20.37,20.42,20.48,20.52,20.56,20.59,20.61,20.63,20.65,20.68,20.7,20.73,20.74,20.75,20.76,20.76,20.74,20.73,20.7,20.66,20.63,20.58,20.52,20.44,20.35,20.23
Value Added as % of GDP,WB Low Income,Manufactures,SSP2,15.49,15.71,15.88,16.06,16.26,16.46,16.65,16.81,16.96,17.1,17.22,17.31,17.39,17.44,17.49,17.56,17.63,17.73,17.85,18,18.18,18.39,18.63,18.9,19.18,19.48,19.77,20.05,20.33,20.58,20.8,20.99,21.15,21.28,21.37,21.43,21.45,21.44,21.4,21.33,21.24,21.13,21,20.87,20.73,20.59,20.46,20.34,20.24,20.15,20.09,20.05,20.04,20.05,20.07,20.12,20.19,20.26,20.35,20.45,20.55,20.64,20.73,20.8,20.88,20.94,21,21.05,21.11,21.16,21.2,21.23,21.25,21.25,21.23,21.2,21.16,21.09,21,20.9,20.78,20.66,20.52,20.36
Value Added as % of GDP,WB Low Income,Manufactures,SSP3,15.49,15.71,15.88,16.04,16.22,16.41,16.57,16.72,16.86,16.99,17.11,17.2,17.27,17.32,17.37,17.43,17.5,17.6,17.72,17.88,18.07,18.3,18.56,18.86,19.17,19.49,19.82,20.13,20.41,20.67,20.9,21.09,21.25,21.36,21.43,21.46,21.46,21.42,21.35,21.26,21.14,21.01,20.86,20.7,20.53,20.35,20.18,20.01,19.85,19.72,19.6,19.5,19.43,19.39,19.38,19.4,19.43,19.49,19.58,19.68,19.78,19.89,20,20.09,20.16,20.23,20.27,20.31,20.33,20.35,20.37,20.38,20.39,20.39,20.38,20.35,20.3,20.22,20.13,20.01,19.88,19.73,19.55,19.37
Value Added as % of GDP,WB Low Income,Manufactures,SSP4,15.49,15.71,15.86,16,16.16,16.3,16.43,16.53,16.64,16.73,16.81,16.86,16.89,16.9,16.91,16.93,16.97,17.04,17.15,17.28,17.46,17.68,17.93,18.22,18.54,18.86,19.19,19.51,19.81,20.07,20.31,20.5,20.66,20.77,20.84,20.88,20.88,20.84,20.79,20.71,20.61,20.5,20.39,20.26,20.14,20,19.86,19.72,19.6,19.49,19.39,19.32,19.26,19.23,19.22,19.22,19.25,19.29,19.35,19.41,19.49,19.56,19.64,19.71,19.77,19.83,19.87,19.9,19.91,19.91,19.9,19.88,19.85,19.83,19.8,19.75,19.7,19.62,19.53,19.42,19.31,19.18,19.06,18.94
Value Added as % of GDP,WB Low Income,Manufactures,SSP5,15.49,15.71,15.91,16.11,16.36,16.6,16.83,17.02,17.2,17.35,17.47,17.55,17.61,17.66,17.71,17.77,17.84,17.95,18.07,18.23,18.42,18.64,18.87,19.12,19.38,19.64,19.89,20.14,20.37,20.59,20.79,20.98,21.13,21.27,21.37,21.45,21.49,21.51,21.51,21.47,21.42,21.35,21.27,21.17,21.06,20.95,20.84,20.75,20.66,20.59,20.53,20.49,20.47,20.48,20.5,20.54,20.59,20.67,20.75,20.84,20.93,21.01,21.08,21.15,21.2,21.26,21.31,21.35,21.39,21.41,21.41,21.38,21.33,21.26,21.16,21.04,20.91,20.75,20.56,20.34,20.09,19.8,19.5,19.18
Value Added as % of GDP,WB Low Income,Services,IF,48.23,48.5,48.48,47.79,47.66,48.17,48.86,49.49,50.02,50.48,50.9,51.27,51.65,52.02,52.38,52.73,53.07,53.38,53.68,53.99,54.27,54.52,54.78,55.04,55.31,55.57,55.82,56.05,56.26,56.44,56.61,56.78,56.94,57.11,57.3,57.49,57.68,57.86,58.02,58.15,58.27,58.37,58.45,58.52,58.6,58.67,58.73,58.77,58.78,58.78,58.76,58.71,58.65,58.56,58.46,58.35,58.24,58.13,58.02,57.92,57.82,57.71,57.61,57.5,57.4,57.31,57.23,57.17,57.13,57.11,57.11,57.11,57.11,57.11,57.09,57.06,57.02,56.98,56.93,56.88,56.82,56.77,56.74,56.73
Value Added as % of GDP,WB Low Income,Services,SSP1,48.23,48.96,49.78,50.52,51.36,52.29,53.22,54.1,54.94,55.71,56.43,57.06,57.59,58,58.32,58.56,58.74,58.86,58.95,59.02,59.07,59.1,59.11,59.09,59.07,59.03,58.98,58.93,58.88,58.84,58.82,58.82,58.84,58.87,58.9,58.92,58.94,58.94,58.93,58.89,58.84,58.78,58.7,58.62,58.53,58.45,58.37,58.32,58.28,58.26,58.26,58.25,58.24,58.22,58.18,58.12,58.03,57.93,57.79,57.63,57.44,57.23,57.02,56.83,56.67,56.56,56.52,56.55,56.64,56.78,56.96,57.17,57.39,57.62,57.82,57.99,58.15,58.27,58.34,58.37,58.34,58.24,58.09,57.88
Value Added as % of GDP,WB Low Income,Services,SSP2,48.23,48.96,49.73,50.37,51.08,51.88,52.65,53.37,54.06,54.7,55.31,55.85,56.33,56.71,57.01,57.25,57.43,57.58,57.71,57.83,57.94,58.03,58.11,58.15,58.18,58.19,58.18,58.17,58.16,58.17,58.21,58.27,58.36,58.47,58.6,58.72,58.84,58.95,59.04,59.11,59.14,59.14,59.12,59.08,59.03,58.97,58.89,58.82,58.76,58.71,58.69,58.69,58.7,58.72,58.74,58.74,58.72,58.67,58.58,58.43,58.24,58,57.73,57.43,57.14,56.87,56.67,56.52,56.45,56.45,56.53,56.68,56.88,57.12,57.39,57.66,57.93,58.17,58.37,58.5,58.56,58.53,58.43,58.24
Value Added as % of GDP,WB Low Income,Services,SSP3,48.23,48.97,49.69,50.23,50.82,51.47,52.09,52.66,53.18,53.69,54.17,54.6,54.98,55.31,55.56,55.74,55.88,55.99,56.09,56.17,56.24,56.28,56.32,56.34,56.34,56.31,56.28,56.24,56.23,56.24,56.3,56.4,56.55,56.74,56.95,57.18,57.43,57.66,57.9,58.11,58.29,58.43,58.54,58.62,58.66,58.67,58.66,58.65,58.64,58.65,58.69,58.75,58.84,58.94,59.05,59.16,59.26,59.34,59.38,59.39,59.36,59.27,59.15,58.98,58.78,58.55,58.32,58.09,57.9,57.77,57.72,57.74,57.82,57.98,58.19,58.45,58.73,59.03,59.33,59.6,59.84,60.04,60.21,60.33
Value Added as % of GDP,WB Low Income,Services,SSP4,48.23,48.96,49.68,50.23,50.83,51.5,52.14,52.72,53.26,53.79,54.3,54.75,55.13,55.42,55.63,55.78,55.87,55.94,56,56.06,56.11,56.14,56.16,56.14,56.11,56.06,56,55.95,55.91,55.9,55.95,56.05,56.2,56.38,56.6,56.84,57.09,57.34,57.58,57.8,58,58.16,58.28,58.37,58.42,58.44,58.44,58.43,58.43,58.47,58.54,58.64,58.78,58.95,59.13,59.31,59.49,59.62,59.71,59.75,59.74,59.67,59.55,59.39,59.2,59.01,58.83,58.68,58.58,58.55,58.57,58.64,58.78,58.97,59.2,59.47,59.79,60.12,60.46,60.79,61.08,61.31,61.48,61.58
Value Added as % of GDP,WB Low Income,Services,SSP5,48.23,48.97,49.82,50.6,51.47,52.46,53.44,54.39,55.29,56.11,56.86,57.53,58.08,58.5,58.82,59.05,59.2,59.29,59.34,59.37,59.39,59.38,59.35,59.3,59.25,59.17,59.08,59,58.91,58.84,58.79,58.76,58.75,58.74,58.74,58.73,58.71,58.68,58.62,58.55,58.47,58.37,58.25,58.12,57.98,57.84,57.7,57.57,57.46,57.37,57.29,57.22,57.16,57.09,57.03,56.97,56.9,56.81,56.72,56.63,56.52,56.41,56.3,56.2,56.13,56.08,56.08,56.1,56.15,56.24,56.34,56.46,56.6,56.73,56.87,57,57.1,57.19,57.26,57.31,57.34,57.37,57.4,57.45
Value Added as % of GDP,WB Low Income,ICTech,IF,4.167,4.18,4.163,4.09,4.062,4.062,4.099,4.138,4.155,4.169,4.198,4.249,4.328,4.433,4.56,4.702,4.846,4.977,5.089,5.179,5.242,5.287,5.327,5.37,5.426,5.498,5.592,5.707,5.84,5.987,6.138,6.284,6.415,6.524,6.612,6.685,6.754,6.826,6.909,7.008,7.119,7.24,7.363,7.478,7.579,7.664,7.733,7.788,7.833,7.87,7.906,7.944,7.988,8.038,8.094,8.154,8.214,8.27,8.324,8.374,8.427,8.485,8.546,8.611,8.675,8.737,8.793,8.843,8.884,8.915,8.94,8.963,8.989,9.022,9.064,9.117,9.178,9.243,9.308,9.368,9.42,9.458,9.481,9.49
Value Added as % of GDP,WB Low Income,ICTech,SSP1,4.167,4.235,4.318,4.432,4.545,4.682,4.831,4.99,5.168,5.363,5.563,5.753,5.933,6.094,6.236,6.366,6.491,6.614,6.736,6.862,6.99,7.117,7.239,7.358,7.469,7.574,7.672,7.763,7.843,7.911,7.969,8.017,8.059,8.101,8.15,8.212,8.292,8.391,8.512,8.651,8.803,8.96,9.118,9.267,9.399,9.506,9.58,9.622,9.635,9.629,9.613,9.596,9.59,9.606,9.648,9.721,9.827,9.964,10.14,10.34,10.59,10.87,11.16,11.45,11.71,11.91,12.05,12.11,12.11,12.05,11.94,11.81,11.66,11.51,11.38,11.25,11.15,11.07,11.02,11.02,11.07,11.18,11.35,11.59
Value Added as % of GDP,WB Low Income,ICTech,SSP2,4.167,4.236,4.315,4.421,4.526,4.651,4.784,4.923,5.078,5.245,5.416,5.577,5.724,5.852,5.964,6.066,6.164,6.261,6.359,6.459,6.565,6.673,6.785,6.9,7.014,7.128,7.235,7.331,7.415,7.485,7.544,7.591,7.629,7.663,7.696,7.735,7.783,7.848,7.932,8.039,8.169,8.318,8.475,8.633,8.778,8.906,9.014,9.097,9.155,9.183,9.188,9.173,9.144,9.109,9.082,9.078,9.102,9.163,9.267,9.42,9.631,9.901,10.22,10.57,10.92,11.24,11.5,11.7,11.83,11.87,11.83,11.72,11.56,11.35,11.11,10.86,10.61,10.39,10.22,10.09,10.02,10.02,10.1,10.27
Value Added as % of GDP,WB Low Income,ICTech,SSP3,4.167,4.237,4.312,4.411,4.509,4.623,4.742,4.866,5.002,5.149,5.294,5.428,5.545,5.645,5.727,5.795,5.857,5.917,5.978,6.036,6.095,6.158,6.225,6.298,6.381,6.471,6.561,6.647,6.718,6.771,6.807,6.827,6.833,6.832,6.829,6.829,6.838,6.86,6.901,6.963,7.049,7.16,7.292,7.436,7.585,7.733,7.874,7.993,8.079,8.138,8.162,8.158,8.124,8.072,8.015,7.959,7.915,7.89,7.888,7.915,7.979,8.091,8.259,8.482,8.755,9.064,9.405,9.754,10.07,10.32,10.49,10.58,10.58,10.48,10.31,10.09,9.848,9.594,9.342,9.104,8.89,8.702,8.545,8.437
Value Added as % of GDP,WB Low Income,ICTech,SSP4,4.167,4.236,4.309,4.405,4.499,4.608,4.72,4.833,4.959,5.097,5.232,5.355,5.461,5.549,5.618,5.675,5.724,5.77,5.815,5.857,5.901,5.946,5.995,6.049,6.111,6.179,6.248,6.313,6.367,6.408,6.437,6.449,6.443,6.429,6.409,6.391,6.382,6.387,6.41,6.456,6.527,6.626,6.751,6.898,7.058,7.232,7.407,7.576,7.715,7.813,7.875,7.9,7.893,7.859,7.81,7.759,7.717,7.696,7.704,7.752,7.849,8,8.212,8.472,8.767,9.071,9.381,9.676,9.926,10.12,10.25,10.33,10.33,10.26,10.14,9.975,9.775,9.557,9.337,9.129,8.945,8.801,8.703,8.644
Value Added as % of GDP,WB Low Income,ICTech,SSP5,4.167,4.236,4.321,4.44,4.56,4.708,4.874,5.055,5.26,5.488,5.727,5.959,6.176,6.367,6.532,6.674,6.804,6.924,7.035,7.144,7.251,7.358,7.47,7.586,7.705,7.828,7.951,8.067,8.172,8.263,8.342,8.409,8.475,8.541,8.613,8.698,8.798,8.915,9.047,9.188,9.332,9.479,9.624,9.765,9.893,10,10.08,10.14,10.17,10.19,10.2,10.21,10.24,10.29,10.36,10.44,10.54,10.65,10.78,10.92,11.08,11.27,11.46,11.66,11.85,12,12.12,12.21,12.28,12.31,12.32,12.33,12.33,12.33,12.32,12.31,12.3,12.3,12.3,12.31,12.32,12.36,12.41,12.49
Value Added as % of GDP,WB Low Middle Income,Agriculture,IF,16.37,15.83,15.6,16.74,16.06,15.18,14.52,14.05,13.58,13.1,12.62,12.12,11.62,11.14,10.68,10.25,9.826,9.416,9.02,8.637,8.271,7.92,7.585,7.263,6.951,6.652,6.365,6.089,5.825,5.573,5.333,5.101,4.881,4.669,4.467,4.275,4.091,3.917,3.753,3.597,3.448,3.305,3.168,3.037,2.912,2.793,2.687,2.582,2.478,2.377,2.28,2.187,2.098,2.014,1.934,1.858,1.787,1.719,1.654,1.591,1.532,1.474,1.418,1.365,1.314,1.266,1.221,1.177,1.134,1.094,1.055,1.019,0.985,0.952,0.921,0.891,0.862,0.835,0.808,0.783,0.759,0.735,0.713,0.691
Value Added as % of GDP,WB Low Middle Income,Agriculture,SSP1,16.37,15.53,14.61,13.63,12.66,11.72,10.85,10.03,9.263,8.539,7.856,7.23,6.667,6.159,5.692,5.26,4.863,4.498,4.164,3.857,3.576,3.319,3.086,2.873,2.678,2.5,2.335,2.185,2.047,1.92,1.804,1.697,1.598,1.509,1.426,1.349,1.278,1.213,1.152,1.096,1.043,0.994,0.948,0.905,0.865,0.828,0.793,0.76,0.73,0.701,0.674,0.649,0.626,0.603,0.583,0.565,0.547,0.53,0.513,0.498,0.483,0.469,0.455,0.442,0.43,0.418,0.407,0.397,0.387,0.377,0.367,0.358,0.35,0.341,0.334,0.326,0.319,0.312,0.305,0.298,0.292,0.286,0.28,0.275
Value Added as % of GDP,WB Low Middle Income,Agriculture,SSP2,16.37,15.54,14.66,13.73,12.86,12,11.22,10.48,9.796,9.155,8.548,7.974,7.44,6.975,6.556,6.169,5.808,5.469,5.149,4.848,4.565,4.298,4.05,3.817,3.599,3.395,3.203,3.023,2.855,2.698,2.551,2.413,2.284,2.163,2.05,1.944,1.845,1.751,1.663,1.581,1.504,1.431,1.363,1.301,1.242,1.187,1.135,1.086,1.04,0.997,0.956,0.917,0.88,0.846,0.813,0.783,0.754,0.726,0.7,0.675,0.652,0.63,0.609,0.589,0.57,0.552,0.535,0.518,0.502,0.488,0.474,0.461,0.449,0.437,0.426,0.416,0.408,0.398,0.388,0.377,0.366,0.356,0.346,0.336
Value Added as % of GDP,WB Low Middle Income,Agriculture,SSP3,16.37,15.53,14.7,13.84,13.05,12.28,11.59,10.94,10.35,9.803,9.287,8.804,8.35,7.928,7.567,7.249,6.964,6.695,6.439,6.195,5.961,5.738,5.529,5.329,5.14,4.96,4.788,4.624,4.468,4.32,4.178,4.041,3.91,3.783,3.661,3.543,3.429,3.319,3.213,3.11,3.01,2.914,2.821,2.731,2.644,2.56,2.478,2.4,2.324,2.251,2.199,2.162,2.121,2.079,2.039,1.996,1.95,1.901,1.852,1.801,1.752,1.705,1.659,1.616,1.574,1.534,1.495,1.459,1.423,1.389,1.356,1.324,1.292,1.262,1.231,1.203,1.175,1.148,1.117,1.09,1.063,1.038,1.012,0.988
Value Added as % of GDP,WB Low Middle Income,Agriculture,SSP4,16.37,15.55,14.7,13.81,12.98,12.18,11.44,10.75,10.11,9.497,8.917,8.369,7.894,7.459,7.066,6.708,6.376,6.064,5.77,5.491,5.227,4.979,4.746,4.527,4.321,4.126,3.943,3.77,3.606,3.452,3.307,3.169,3.038,2.913,2.795,2.682,2.575,2.473,2.376,2.285,2.198,2.116,2.037,1.963,1.895,1.829,1.769,1.711,1.656,1.604,1.555,1.508,1.464,1.421,1.381,1.342,1.306,1.271,1.237,1.205,1.175,1.146,1.118,1.091,1.066,1.043,1.02,0.998,0.977,0.957,0.937,0.922,0.907,0.893,0.88,0.864,0.849,0.834,0.82,0.812,0.802,0.791,0.778,0.765
Value Added as % of GDP,WB Low Middle Income,Agriculture,SSP5,16.37,15.52,14.57,13.55,12.54,11.55,10.63,9.768,8.957,8.196,7.484,6.82,6.225,5.691,5.209,4.768,4.365,4,3.67,3.371,3.102,2.859,2.64,2.441,2.261,2.096,1.946,1.81,1.686,1.573,1.471,1.378,1.293,1.214,1.142,1.075,1.014,0.957,0.905,0.857,0.812,0.771,0.732,0.696,0.662,0.63,0.601,0.573,0.548,0.524,0.501,0.48,0.46,0.442,0.425,0.409,0.394,0.38,0.366,0.353,0.341,0.329,0.318,0.307,0.297,0.288,0.278,0.269,0.261,0.253,0.245,0.237,0.23,0.223,0.217,0.21,0.204,0.198,0.193,0.187,0.182,0.177,0.173,0.168
Value Added as % of GDP,WB Low Middle Income,Energy,IF,3.68,3.585,3.652,4.088,4.078,3.923,3.732,3.648,3.63,3.644,3.617,3.578,3.54,3.497,3.448,3.384,3.326,3.265,3.2,3.141,3.087,3.037,2.987,2.935,2.881,2.824,2.766,2.715,2.666,2.626,2.568,2.513,2.458,2.406,2.362,2.32,2.282,2.249,2.218,2.181,2.134,2.091,2.041,1.996,1.948,1.902,1.86,1.825,1.795,1.771,1.751,1.73,1.708,1.686,1.662,1.637,1.612,1.586,1.56,1.534,1.51,1.488,1.468,1.451,1.436,1.424,1.414,1.406,1.399,1.392,1.387,1.381,1.373,1.364,1.355,1.346,1.334,1.317,1.298,1.278,1.259,1.239,1.219,1.2
Value Added as % of GDP,WB Low Middle Income,Energy,SSP1,3.68,3.519,3.441,3.362,3.289,3.218,3.135,3.063,2.971,2.849,2.713,2.579,2.455,2.342,2.244,2.161,2.098,2.045,1.99,1.934,1.875,1.821,1.77,1.725,1.687,1.654,1.624,1.595,1.567,1.542,1.499,1.457,1.414,1.372,1.333,1.297,1.265,1.238,1.215,1.197,1.181,1.166,1.151,1.134,1.119,1.104,1.09,1.077,1.066,1.056,1.046,1.039,1.032,1.027,1.024,1.021,1.019,1.018,1.017,1.015,1.014,1.013,1.011,1.009,1.007,1.005,1.001,0.996,0.991,0.986,0.98,0.974,0.968,0.962,0.956,0.95,0.942,0.932,0.921,0.909,0.896,0.883,0.871,0.858
Value Added as % of GDP,WB Low Middle Income,Energy,SSP2,3.68,3.52,3.448,3.379,3.324,3.27,3.208,3.158,3.079,2.971,2.852,2.734,2.623,2.533,2.451,2.381,2.324,2.274,2.226,2.178,2.129,2.077,2.026,1.979,1.937,1.898,1.866,1.837,1.812,1.79,1.746,1.701,1.657,1.607,1.558,1.512,1.471,1.436,1.407,1.383,1.362,1.343,1.326,1.309,1.293,1.276,1.261,1.246,1.233,1.221,1.208,1.196,1.184,1.173,1.162,1.153,1.147,1.141,1.137,1.135,1.135,1.136,1.138,1.139,1.14,1.141,1.14,1.138,1.133,1.126,1.119,1.11,1.101,1.093,1.085,1.078,1.068,1.056,1.042,1.026,1.01,0.994,0.978,0.962
Value Added as % of GDP,WB Low Middle Income,Energy,SSP3,3.68,3.519,3.453,3.396,3.355,3.318,3.27,3.237,3.177,3.09,2.995,2.901,2.815,2.747,2.693,2.647,2.611,2.58,2.551,2.522,2.495,2.463,2.43,2.395,2.364,2.336,2.316,2.303,2.299,2.298,2.28,2.257,2.234,2.198,2.159,2.11,2.067,2.024,1.986,1.953,1.926,1.904,1.886,1.873,1.86,1.849,1.84,1.831,1.821,1.806,1.79,1.771,1.749,1.727,1.704,1.683,1.664,1.647,1.635,1.628,1.626,1.628,1.635,1.644,1.653,1.659,1.665,1.667,1.667,1.663,1.657,1.648,1.638,1.628,1.619,1.612,1.6,1.586,1.569,1.549,1.529,1.506,1.484,1.46
Value Added as % of GDP,WB Low Middle Income,Energy,SSP4,3.68,3.523,3.458,3.398,3.352,3.309,3.256,3.218,3.151,3.053,2.947,2.841,2.744,2.667,2.601,2.546,2.501,2.462,2.424,2.385,2.345,2.301,2.254,2.21,2.17,2.133,2.105,2.083,2.067,2.056,2.029,1.993,1.953,1.906,1.855,1.804,1.756,1.714,1.675,1.641,1.612,1.586,1.562,1.539,1.516,1.496,1.479,1.464,1.451,1.439,1.426,1.413,1.399,1.384,1.371,1.358,1.346,1.336,1.327,1.32,1.315,1.312,1.312,1.313,1.318,1.324,1.33,1.336,1.339,1.341,1.342,1.339,1.335,1.33,1.324,1.319,1.31,1.299,1.286,1.271,1.256,1.24,1.224,1.21
Value Added as % of GDP,WB Low Middle Income,Energy,SSP5,3.68,3.517,3.432,3.345,3.261,3.184,3.091,3.011,2.927,2.806,2.663,2.521,2.396,2.274,2.167,2.078,2.007,1.948,1.894,1.845,1.791,1.737,1.682,1.629,1.579,1.536,1.502,1.472,1.447,1.424,1.387,1.351,1.314,1.278,1.245,1.214,1.186,1.162,1.141,1.123,1.105,1.088,1.071,1.052,1.035,1.019,1.004,0.99,0.978,0.967,0.957,0.948,0.939,0.931,0.926,0.92,0.915,0.909,0.903,0.897,0.891,0.884,0.877,0.87,0.863,0.855,0.847,0.839,0.831,0.822,0.814,0.807,0.8,0.793,0.786,0.779,0.769,0.758,0.746,0.733,0.72,0.707,0.694,0.68
Value Added as % of GDP,WB Low Middle Income,Materials,IF,1.774,1.778,1.789,1.762,1.756,1.783,1.82,1.853,1.915,1.99,2.068,2.142,2.207,2.261,2.303,2.337,2.365,2.388,2.409,2.429,2.448,2.469,2.491,2.515,2.54,2.567,2.595,2.623,2.651,2.68,2.708,2.735,2.763,2.791,2.819,2.846,2.872,2.898,2.921,2.942,2.962,2.979,2.995,3.008,3.019,3.029,3.037,3.045,3.054,3.062,3.071,3.081,3.09,3.1,3.109,3.119,3.128,3.137,3.145,3.153,3.161,3.168,3.175,3.181,3.186,3.19,3.193,3.196,3.199,3.203,3.207,3.212,3.218,3.225,3.233,3.242,3.253,3.265,3.28,3.296,3.316,3.338,3.361,3.384
Value Added as % of GDP,WB Low Middle Income,Materials,SSP1,1.774,1.792,1.817,1.842,1.858,1.885,1.917,1.955,2.003,2.063,2.135,2.218,2.31,2.404,2.498,2.585,2.662,2.725,2.772,2.803,2.82,2.823,2.815,2.797,2.773,2.744,2.711,2.677,2.642,2.608,2.575,2.545,2.517,2.492,2.471,2.453,2.439,2.429,2.424,2.423,2.427,2.435,2.447,2.464,2.485,2.509,2.535,2.56,2.585,2.608,2.627,2.64,2.648,2.65,2.647,2.638,2.625,2.609,2.592,2.573,2.554,2.534,2.512,2.49,2.468,2.446,2.424,2.403,2.383,2.365,2.349,2.335,2.323,2.314,2.306,2.302,2.297,2.296,2.298,2.301,2.31,2.325,2.344,2.37
Value Added as % of GDP,WB Low Middle Income,Materials,SSP2,1.774,1.792,1.816,1.841,1.856,1.883,1.915,1.953,1.999,2.055,2.122,2.199,2.282,2.367,2.451,2.531,2.602,2.662,2.709,2.745,2.768,2.78,2.782,2.776,2.764,2.746,2.724,2.7,2.675,2.65,2.626,2.603,2.583,2.565,2.55,2.538,2.531,2.529,2.531,2.538,2.551,2.568,2.591,2.62,2.653,2.691,2.731,2.771,2.809,2.844,2.875,2.9,2.917,2.927,2.929,2.924,2.913,2.897,2.877,2.854,2.828,2.799,2.768,2.736,2.704,2.673,2.643,2.617,2.593,2.575,2.561,2.551,2.548,2.548,2.55,2.557,2.567,2.585,2.607,2.636,2.672,2.714,2.757,2.803
Value Added as % of GDP,WB Low Middle Income,Materials,SSP3,1.774,1.792,1.816,1.842,1.858,1.885,1.919,1.958,2.005,2.061,2.127,2.201,2.28,2.361,2.441,2.516,2.584,2.643,2.691,2.729,2.756,2.774,2.785,2.788,2.785,2.778,2.767,2.754,2.74,2.725,2.712,2.698,2.686,2.675,2.667,2.663,2.662,2.664,2.67,2.681,2.697,2.718,2.745,2.779,2.82,2.868,2.921,2.978,3.035,3.09,3.141,3.186,3.224,3.253,3.271,3.28,3.28,3.273,3.26,3.242,3.22,3.193,3.162,3.129,3.093,3.056,3.019,2.983,2.949,2.919,2.896,2.879,2.869,2.865,2.867,2.874,2.891,2.918,2.956,3.011,3.083,3.171,3.274,3.388
Value Added as % of GDP,WB Low Middle Income,Materials,SSP4,1.774,1.791,1.814,1.837,1.85,1.873,1.902,1.936,1.978,2.031,2.093,2.166,2.244,2.325,2.406,2.483,2.551,2.61,2.656,2.692,2.716,2.73,2.734,2.732,2.723,2.71,2.694,2.676,2.658,2.639,2.622,2.608,2.596,2.587,2.583,2.585,2.592,2.606,2.626,2.653,2.688,2.732,2.784,2.846,2.918,2.997,3.08,3.164,3.244,3.323,3.392,3.451,3.499,3.534,3.556,3.568,3.569,3.563,3.551,3.535,3.516,3.495,3.473,3.448,3.423,3.396,3.369,3.341,3.316,3.293,3.274,3.259,3.247,3.243,3.248,3.263,3.288,3.323,3.366,3.418,3.48,3.553,3.639,3.736
Value Added as % of GDP,WB Low Middle Income,Materials,SSP5,1.774,1.792,1.817,1.844,1.861,1.889,1.922,1.962,2.011,2.073,2.148,2.236,2.332,2.431,2.529,2.62,2.698,2.76,2.804,2.831,2.841,2.838,2.823,2.798,2.766,2.729,2.689,2.648,2.607,2.567,2.53,2.495,2.464,2.437,2.413,2.394,2.38,2.37,2.365,2.365,2.369,2.378,2.391,2.408,2.428,2.45,2.472,2.494,2.514,2.531,2.543,2.549,2.55,2.544,2.534,2.518,2.499,2.478,2.456,2.432,2.406,2.382,2.355,2.325,2.293,2.263,2.233,2.205,2.19,2.193,2.209,2.23,2.253,2.28,2.311,2.352,2.407,2.481,2.578,2.7,2.843,2.997,3.145,3.287
Value Added as % of GDP,WB Low Middle Income,Manufactures,IF,24.76,25.02,25.04,24.37,24.82,25.27,25.5,25.58,25.59,25.6,25.63,25.7,25.78,25.9,26.03,26.18,26.36,26.53,26.7,26.86,26.99,27.1,27.19,27.27,27.35,27.41,27.47,27.52,27.56,27.58,27.59,27.6,27.6,27.6,27.59,27.58,27.57,27.55,27.52,27.49,27.45,27.4,27.36,27.32,27.28,27.24,27.2,27.16,27.12,27.07,27.02,26.96,26.9,26.84,26.77,26.7,26.62,26.55,26.48,26.4,26.31,26.22,26.12,26.02,25.92,25.81,25.7,25.6,25.5,25.4,25.32,25.24,25.16,25.09,25.01,24.95,24.89,24.83,24.78,24.74,24.71,24.69,24.67,24.66
Value Added as % of GDP,WB Low Middle Income,Manufactures,SSP1,24.76,25.09,25.36,25.61,25.92,26.16,26.35,26.5,26.61,26.69,26.76,26.8,26.82,26.83,26.84,26.84,26.85,26.87,26.91,26.95,27.01,27.08,27.16,27.24,27.33,27.42,27.51,27.6,27.68,27.74,27.79,27.81,27.81,27.77,27.71,27.61,27.49,27.35,27.18,26.98,26.78,26.56,26.32,26.09,25.85,25.62,25.4,25.19,24.98,24.79,24.6,24.42,24.25,24.09,23.92,23.76,23.61,23.46,23.31,23.17,23.03,22.9,22.77,22.65,22.54,22.44,22.34,22.25,22.16,22.08,22.01,21.93,21.85,21.78,21.7,21.62,21.54,21.45,21.36,21.27,21.17,21.06,20.94,20.82
Value Added as % of GDP,WB Low Middle Income,Manufactures,SSP2,24.76,25.09,25.35,25.59,25.88,26.09,26.27,26.41,26.52,26.61,26.67,26.72,26.75,26.77,26.78,26.79,26.82,26.85,26.9,26.96,27.04,27.13,27.23,27.34,27.46,27.58,27.71,27.83,27.95,28.05,28.14,28.22,28.27,28.29,28.28,28.23,28.15,28.04,27.9,27.73,27.54,27.33,27.1,26.87,26.65,26.42,26.2,26,25.81,25.63,25.46,25.31,25.17,25.05,24.93,24.82,24.72,24.62,24.53,24.43,24.33,24.22,24.11,24.01,23.91,23.82,23.74,23.67,23.6,23.54,23.49,23.43,23.37,23.31,23.26,23.2,23.12,23.04,22.95,22.86,22.77,22.67,22.56,22.43
Value Added as % of GDP,WB Low Middle Income,Manufactures,SSP3,24.76,25.09,25.34,25.57,25.84,26.04,26.21,26.33,26.43,26.51,26.57,26.61,26.64,26.66,26.67,26.68,26.7,26.73,26.78,26.83,26.91,27,27.1,27.22,27.35,27.49,27.63,27.78,27.91,28.04,28.15,28.25,28.32,28.36,28.37,28.35,28.3,28.21,28.09,27.94,27.77,27.58,27.37,27.16,26.94,26.72,26.51,26.31,26.13,25.96,25.81,25.66,25.54,25.44,25.35,25.28,25.23,25.19,25.16,25.14,25.12,25.1,25.07,25.03,24.99,24.94,24.89,24.84,24.79,24.74,24.69,24.65,24.6,24.54,24.47,24.4,24.31,24.22,24.13,24.03,23.92,23.8,23.69,23.57
Value Added as % of GDP,WB Low Middle Income,Manufactures,SSP4,24.76,25.08,25.33,25.56,25.82,26.02,26.17,26.29,26.38,26.46,26.5,26.54,26.55,26.56,26.56,26.58,26.6,26.64,26.7,26.78,26.86,26.97,27.09,27.23,27.38,27.54,27.71,27.88,28.04,28.2,28.35,28.48,28.59,28.67,28.72,28.74,28.73,28.68,28.61,28.51,28.39,28.25,28.1,27.95,27.8,27.66,27.52,27.41,27.3,27.21,27.13,27.06,27,26.94,26.88,26.83,26.78,26.73,26.67,26.6,26.53,26.44,26.36,26.28,26.22,26.17,26.14,26.12,26.12,26.14,26.17,26.21,26.25,26.28,26.3,26.31,26.31,26.3,26.27,26.22,26.16,26.08,26,25.9
Value Added as % of GDP,WB Low Middle Income,Manufactures,SSP5,24.76,25.09,25.37,25.64,25.96,26.21,26.41,26.56,26.67,26.75,26.81,26.85,26.85,26.85,26.83,26.81,26.79,26.78,26.77,26.78,26.81,26.84,26.89,26.94,27,27.06,27.12,27.17,27.22,27.24,27.26,27.26,27.24,27.2,27.13,27.03,26.92,26.78,26.62,26.43,26.23,26.02,25.79,25.55,25.3,25.05,24.81,24.56,24.33,24.11,23.89,23.68,23.48,23.28,23.08,22.89,22.7,22.51,22.33,22.15,21.98,21.81,21.65,21.48,21.33,21.17,21.03,20.91,20.91,21.06,21.32,21.62,21.91,22.2,22.54,22.85,23.12,23.36,23.55,23.69,23.78,23.83,23.82,23.77
Value Added as % of GDP,WB Low Middle Income,Services,IF,48.08,48.42,48.52,47.68,47.91,48.43,48.96,49.37,49.73,50.06,50.37,50.66,50.92,51.14,51.35,51.55,51.75,51.96,52.18,52.42,52.67,52.93,53.19,53.44,53.68,53.9,54.09,54.28,54.46,54.63,54.83,55.05,55.27,55.51,55.73,55.95,56.15,56.34,56.5,56.66,56.81,56.96,57.1,57.24,57.39,57.54,57.68,57.83,57.97,58.11,58.23,58.35,58.46,58.56,58.65,58.75,58.84,58.93,59.04,59.15,59.27,59.39,59.51,59.62,59.74,59.84,59.95,60.06,60.17,60.29,60.4,60.51,60.62,60.72,60.82,60.9,60.97,61.02,61.06,61.1,61.12,61.13,61.15,61.17
Value Added as % of GDP,WB Low Middle Income,Services,SSP1,48.08,48.67,49.3,49.96,50.55,51.16,51.74,52.28,52.82,53.35,53.88,54.37,54.83,55.26,55.66,56.04,56.37,56.68,56.95,57.2,57.41,57.59,57.73,57.85,57.93,58,58.06,58.11,58.18,58.25,58.35,58.47,58.61,58.76,58.92,59.09,59.26,59.44,59.61,59.79,59.97,60.16,60.35,60.56,60.78,61,61.22,61.45,61.69,61.92,62.15,62.37,62.58,62.77,62.94,63.09,63.22,63.32,63.4,63.47,63.53,63.58,63.64,63.7,63.79,63.88,64,64.12,64.27,64.42,64.58,64.74,64.91,65.06,65.21,65.36,65.49,65.62,65.73,65.83,65.9,65.96,66.01,66.05
Value Added as % of GDP,WB Low Middle Income,Services,SSP2,48.08,48.67,49.26,49.87,50.39,50.92,51.42,51.88,52.33,52.79,53.24,53.68,54.09,54.47,54.81,55.13,55.42,55.69,55.93,56.14,56.34,56.5,56.63,56.74,56.82,56.89,56.95,57,57.06,57.12,57.21,57.31,57.43,57.57,57.72,57.87,58.04,58.2,58.36,58.52,58.68,58.84,59,59.17,59.36,59.55,59.75,59.96,60.18,60.41,60.65,60.88,61.11,61.31,61.5,61.66,61.79,61.88,61.94,61.97,61.97,61.95,61.92,61.89,61.88,61.89,61.92,62,62.11,62.25,62.42,62.61,62.82,63.02,63.23,63.44,63.65,63.86,64.03,64.18,64.29,64.36,64.39,64.4
Value Added as % of GDP,WB Low Middle Income,Services,SSP3,48.08,48.67,49.23,49.77,50.22,50.66,51.08,51.45,51.82,52.18,52.53,52.88,53.22,53.53,53.81,54.05,54.25,54.44,54.6,54.75,54.88,54.98,55.06,55.12,55.17,55.2,55.23,55.25,55.27,55.31,55.37,55.45,55.56,55.69,55.84,56,56.17,56.35,56.53,56.71,56.88,57.04,57.2,57.37,57.54,57.73,57.92,58.12,58.34,58.57,58.8,59.02,59.24,59.45,59.64,59.81,59.95,60.07,60.14,60.18,60.17,60.13,60.06,59.96,59.85,59.75,59.68,59.65,59.67,59.73,59.85,60.01,60.2,60.44,60.69,60.96,61.23,61.5,61.76,61.99,62.2,62.37,62.48,62.55
Value Added as % of GDP,WB Low Middle Income,Services,SSP4,48.08,48.66,49.23,49.81,50.3,50.8,51.27,51.7,52.13,52.56,52.99,53.41,53.78,54.12,54.43,54.7,54.95,55.16,55.35,55.52,55.66,55.78,55.86,55.91,55.95,55.96,55.96,55.96,55.96,55.96,55.98,56.02,56.08,56.14,56.21,56.29,56.36,56.42,56.47,56.51,56.54,56.57,56.61,56.67,56.74,56.82,56.91,57.03,57.16,57.31,57.46,57.62,57.77,57.9,58.01,58.09,58.13,58.14,58.1,58.03,57.93,57.8,57.66,57.52,57.41,57.33,57.28,57.28,57.33,57.41,57.53,57.67,57.84,58.02,58.2,58.39,58.57,58.75,58.91,59.04,59.14,59.19,59.19,59.14
Value Added as % of GDP,WB Low Middle Income,Services,SSP5,48.08,48.68,49.32,50.01,50.64,51.29,51.9,52.47,53.03,53.59,54.13,54.66,55.14,55.61,56.05,56.46,56.85,57.2,57.52,57.8,58.06,58.27,58.45,58.6,58.72,58.81,58.88,58.95,59.02,59.09,59.18,59.3,59.42,59.57,59.73,59.89,60.07,60.24,60.42,60.6,60.79,60.98,61.17,61.37,61.58,61.79,62.02,62.25,62.49,62.74,63,63.27,63.53,63.79,64.05,64.3,64.54,64.77,64.98,65.17,65.35,65.51,65.66,65.81,65.96,66.12,66.28,66.43,66.42,66.2,65.84,65.45,65.08,64.73,64.37,64.06,63.79,63.54,63.31,63.1,62.91,62.74,62.64,62.57
Value Added as % of GDP,WB Low Middle Income,ICTech,IF,5.331,5.374,5.4,5.362,5.372,5.409,5.466,5.506,5.546,5.604,5.689,5.801,5.93,6.064,6.189,6.294,6.376,6.437,6.482,6.512,6.53,6.541,6.552,6.571,6.602,6.648,6.708,6.775,6.846,6.911,6.965,7.003,7.023,7.029,7.027,7.025,7.03,7.05,7.084,7.133,7.195,7.263,7.333,7.397,7.452,7.496,7.53,7.557,7.583,7.612,7.647,7.692,7.745,7.807,7.875,7.944,8.011,8.073,8.127,8.174,8.218,8.263,8.31,8.36,8.413,8.468,8.52,8.564,8.599,8.622,8.636,8.643,8.647,8.652,8.662,8.677,8.701,8.731,8.765,8.801,8.835,8.865,8.886,8.897
Value Added as % of GDP,WB Low Middle Income,ICTech,SSP1,5.331,5.399,5.478,5.598,5.717,5.854,6.008,6.17,6.337,6.502,6.662,6.803,6.916,7.003,7.068,7.116,7.152,7.183,7.215,7.255,7.305,7.366,7.436,7.515,7.598,7.683,7.76,7.83,7.89,7.941,7.984,8.02,8.056,8.097,8.142,8.197,8.262,8.338,8.422,8.513,8.605,8.694,8.777,8.846,8.9,8.94,8.96,8.963,8.95,8.925,8.898,8.876,8.863,8.863,8.883,8.924,8.987,9.068,9.165,9.272,9.388,9.504,9.611,9.699,9.763,9.809,9.832,9.83,9.807,9.769,9.721,9.665,9.603,9.546,9.492,9.447,9.413,9.391,9.386,9.399,9.432,9.484,9.553,9.631
Value Added as % of GDP,WB Low Middle Income,ICTech,SSP2,5.331,5.399,5.474,5.588,5.701,5.828,5.971,6.119,6.272,6.425,6.572,6.703,6.81,6.891,6.951,6.995,7.029,7.057,7.086,7.12,7.163,7.214,7.274,7.341,7.413,7.484,7.55,7.606,7.656,7.696,7.728,7.755,7.78,7.81,7.85,7.901,7.966,8.047,8.143,8.252,8.371,8.495,8.615,8.724,8.81,8.88,8.922,8.938,8.928,8.896,8.849,8.794,8.738,8.695,8.669,8.663,8.683,8.734,8.817,8.932,9.081,9.258,9.448,9.634,9.798,9.923,10.02,10.06,10.06,10.02,9.939,9.835,9.713,9.583,9.446,9.312,9.181,9.065,8.979,8.919,8.893,8.906,8.963,9.064
Value Added as % of GDP,WB Low Middle Income,ICTech,SSP3,5.331,5.399,5.471,5.579,5.687,5.807,5.94,6.078,6.218,6.354,6.486,6.602,6.697,6.77,6.823,6.86,6.889,6.912,6.94,6.97,7.006,7.048,7.094,7.143,7.191,7.235,7.27,7.294,7.309,7.313,7.311,7.303,7.295,7.294,7.304,7.329,7.369,7.429,7.508,7.605,7.718,7.842,7.971,8.092,8.197,8.273,8.327,8.354,8.35,8.318,8.265,8.2,8.13,8.059,7.995,7.948,7.922,7.921,7.949,8.009,8.105,8.241,8.415,8.619,8.84,9.058,9.25,9.395,9.499,9.552,9.549,9.495,9.398,9.268,9.118,8.956,8.789,8.626,8.472,8.332,8.211,8.118,8.06,8.042
Value Added as % of GDP,WB Low Middle Income,ICTech,SSP4,5.331,5.398,5.47,5.581,5.691,5.816,5.955,6.1,6.252,6.403,6.55,6.682,6.79,6.873,6.936,6.984,7.022,7.055,7.093,7.135,7.185,7.244,7.311,7.383,7.457,7.526,7.584,7.632,7.671,7.696,7.715,7.73,7.75,7.783,7.831,7.9,7.991,8.106,8.245,8.403,8.573,8.744,8.902,9.034,9.136,9.205,9.235,9.226,9.184,9.117,9.036,8.952,8.874,8.822,8.798,8.81,8.864,8.963,9.11,9.303,9.539,9.805,10.08,10.34,10.57,10.74,10.86,10.92,10.91,10.85,10.75,10.6,10.43,10.24,10.05,9.855,9.67,9.5,9.35,9.237,9.166,9.14,9.169,9.241
Value Added as % of GDP,WB Low Middle Income,ICTech,SSP5,5.331,5.4,5.482,5.607,5.733,5.878,6.045,6.222,6.403,6.585,6.763,6.921,7.05,7.147,7.216,7.264,7.296,7.321,7.343,7.368,7.405,7.454,7.516,7.592,7.677,7.769,7.861,7.95,8.031,8.102,8.166,8.219,8.265,8.306,8.346,8.389,8.437,8.49,8.55,8.616,8.689,8.766,8.846,8.925,8.997,9.055,9.099,9.125,9.135,9.13,9.108,9.078,9.046,9.014,8.987,8.967,8.956,8.955,8.967,8.993,9.034,9.087,9.147,9.206,9.259,9.301,9.331,9.348,9.391,9.471,9.569,9.658,9.729,9.768,9.772,9.751,9.712,9.667,9.622,9.586,9.559,9.542,9.531,9.529
Value Added as % of GDP,WB Upper Middle Income,Agriculture,IF,7.404,7.299,7.216,7.39,6.96,6.668,6.491,6.317,6.147,5.974,5.804,5.626,5.45,5.281,5.117,4.957,4.805,4.66,4.522,4.39,4.266,4.147,4.034,3.926,3.822,3.723,3.627,3.534,3.443,3.356,3.275,3.196,3.12,3.048,2.981,2.916,2.856,2.798,2.743,2.689,2.635,2.581,2.527,2.475,2.424,2.375,2.329,2.284,2.238,2.193,2.149,2.105,2.062,2.02,1.979,1.939,1.9,1.863,1.827,1.792,1.758,1.726,1.694,1.664,1.635,1.606,1.578,1.551,1.525,1.499,1.473,1.448,1.423,1.399,1.375,1.353,1.331,1.309,1.288,1.267,1.247,1.228,1.21,1.191
Value Added as % of GDP,WB Upper Middle Income,Agriculture,SSP1,7.404,7.062,6.66,6.235,5.808,5.418,5.086,4.794,4.523,4.269,4.031,3.801,3.584,3.382,3.198,3.022,2.857,2.706,2.568,2.443,2.329,2.225,2.13,2.043,1.961,1.886,1.816,1.752,1.693,1.638,1.588,1.541,1.498,1.458,1.421,1.386,1.354,1.326,1.299,1.273,1.249,1.225,1.203,1.182,1.162,1.143,1.125,1.107,1.09,1.074,1.059,1.045,1.031,1.018,1.006,0.994,0.983,0.973,0.962,0.952,0.942,0.933,0.923,0.914,0.905,0.897,0.89,0.882,0.874,0.866,0.859,0.851,0.844,0.837,0.83,0.823,0.816,0.81,0.803,0.797,0.791,0.786,0.78,0.775
Value Added as % of GDP,WB Upper Middle Income,Agriculture,SSP2,7.404,7.07,6.686,6.288,5.889,5.531,5.227,4.968,4.733,4.516,4.315,4.119,3.934,3.762,3.603,3.455,3.319,3.189,3.063,2.945,2.837,2.736,2.642,2.553,2.47,2.391,2.318,2.248,2.183,2.122,2.065,2.012,1.961,1.913,1.867,1.824,1.784,1.748,1.713,1.679,1.647,1.615,1.585,1.555,1.527,1.5,1.473,1.447,1.421,1.397,1.373,1.35,1.327,1.305,1.283,1.263,1.243,1.223,1.204,1.185,1.166,1.148,1.13,1.113,1.096,1.08,1.064,1.049,1.033,1.019,1.004,0.99,0.976,0.965,0.954,0.944,0.937,0.933,0.923,0.911,0.898,0.886,0.874,0.861
Value Added as % of GDP,WB Upper Middle Income,Agriculture,SSP3,7.404,7.073,6.702,6.322,5.945,5.611,5.327,5.092,4.884,4.695,4.522,4.353,4.193,4.048,3.916,3.796,3.686,3.583,3.485,3.393,3.306,3.221,3.143,3.069,3,2.935,2.875,2.819,2.766,2.718,2.672,2.63,2.591,2.553,2.518,2.484,2.453,2.427,2.401,2.375,2.35,2.325,2.3,2.276,2.252,2.228,2.205,2.183,2.161,2.14,2.119,2.103,2.094,2.089,2.085,2.09,2.084,2.07,2.054,2.037,2.02,2.005,1.988,1.973,1.955,1.941,1.923,1.908,1.889,1.872,1.852,1.835,1.814,1.796,1.775,1.756,1.736,1.718,1.697,1.678,1.657,1.638,1.617,1.599
Value Added as % of GDP,WB Upper Middle Income,Agriculture,SSP4,7.404,7.074,6.694,6.296,5.899,5.542,5.252,4.997,4.762,4.543,4.336,4.135,3.946,3.77,3.607,3.456,3.314,3.178,3.051,2.932,2.824,2.723,2.63,2.543,2.462,2.386,2.315,2.249,2.187,2.13,2.077,2.027,1.981,1.937,1.896,1.858,1.823,1.792,1.762,1.733,1.705,1.678,1.652,1.628,1.604,1.581,1.559,1.537,1.517,1.497,1.477,1.458,1.44,1.423,1.406,1.39,1.374,1.359,1.344,1.33,1.315,1.301,1.287,1.274,1.261,1.248,1.235,1.223,1.211,1.199,1.187,1.175,1.163,1.151,1.139,1.127,1.116,1.104,1.094,1.088,1.086,1.089,1.08,1.069
Value Added as % of GDP,WB Upper Middle Income,Agriculture,SSP5,7.404,7.053,6.633,6.187,5.733,5.315,4.95,4.625,4.324,4.042,3.781,3.53,3.296,3.081,2.885,2.7,2.528,2.374,2.235,2.11,1.998,1.896,1.804,1.718,1.64,1.567,1.5,1.439,1.382,1.33,1.282,1.237,1.196,1.158,1.122,1.089,1.058,1.031,1.005,0.979,0.955,0.932,0.911,0.89,0.87,0.851,0.832,0.815,0.798,0.782,0.766,0.751,0.737,0.723,0.71,0.697,0.685,0.674,0.663,0.652,0.641,0.631,0.62,0.61,0.6,0.591,0.581,0.572,0.563,0.555,0.546,0.54,0.532,0.524,0.517,0.51,0.503,0.496,0.489,0.483,0.477,0.471,0.465,0.46
Value Added as % of GDP,WB Upper Middle Income,Energy,IF,4.321,4.288,4.25,4.415,4.203,4.134,4.062,3.993,3.941,3.906,3.873,3.842,3.805,3.753,3.695,3.628,3.56,3.496,3.439,3.388,3.347,3.316,3.291,3.265,3.236,3.192,3.151,3.113,3.084,3.054,3.008,2.964,2.904,2.846,2.79,2.742,2.7,2.666,2.627,2.588,2.55,2.513,2.482,2.442,2.406,2.362,2.326,2.289,2.269,2.251,2.235,2.218,2.196,2.172,2.149,2.127,2.106,2.083,2.054,2.027,2,1.974,1.949,1.928,1.909,1.889,1.872,1.856,1.84,1.824,1.807,1.789,1.771,1.752,1.733,1.715,1.693,1.669,1.643,1.617,1.592,1.567,1.544,1.52
Value Added as % of GDP,WB Upper Middle Income,Energy,SSP1,4.321,4.149,3.937,3.767,3.645,3.569,3.537,3.525,3.479,3.392,3.286,3.183,3.085,3.002,2.929,2.874,2.835,2.804,2.759,2.703,2.651,2.596,2.545,2.496,2.455,2.421,2.394,2.368,2.346,2.326,2.286,2.249,2.215,2.184,2.151,2.114,2.082,2.057,2.035,2.013,1.993,1.975,1.957,1.94,1.92,1.897,1.876,1.861,1.846,1.832,1.82,1.806,1.792,1.78,1.769,1.759,1.748,1.737,1.726,1.715,1.702,1.691,1.678,1.666,1.654,1.641,1.63,1.618,1.607,1.595,1.584,1.572,1.561,1.549,1.538,1.528,1.514,1.497,1.479,1.459,1.437,1.416,1.394,1.372
Value Added as % of GDP,WB Upper Middle Income,Energy,SSP2,4.321,4.153,3.951,3.793,3.687,3.627,3.612,3.619,3.585,3.513,3.423,3.332,3.245,3.171,3.114,3.062,3.025,2.997,2.965,2.931,2.89,2.84,2.791,2.749,2.712,2.682,2.647,2.62,2.6,2.586,2.551,2.518,2.473,2.429,2.386,2.343,2.304,2.274,2.249,2.224,2.204,2.189,2.175,2.151,2.127,2.104,2.082,2.061,2.041,2.025,2.01,1.996,1.981,1.963,1.945,1.929,1.914,1.899,1.884,1.868,1.855,1.841,1.83,1.817,1.804,1.79,1.776,1.761,1.746,1.731,1.716,1.701,1.686,1.672,1.659,1.647,1.633,1.615,1.595,1.573,1.55,1.526,1.502,1.477
Value Added as % of GDP,WB Upper Middle Income,Energy,SSP3,4.321,4.155,3.959,3.809,3.712,3.662,3.653,3.673,3.641,3.575,3.495,3.415,3.341,3.28,3.233,3.198,3.172,3.145,3.115,3.094,3.075,3.051,3.019,2.983,2.952,2.917,2.888,2.871,2.862,2.856,2.829,2.805,2.781,2.754,2.714,2.678,2.639,2.602,2.568,2.537,2.509,2.487,2.475,2.465,2.452,2.442,2.429,2.413,2.399,2.383,2.369,2.356,2.34,2.322,2.3,2.278,2.257,2.237,2.219,2.204,2.191,2.181,2.174,2.166,2.159,2.152,2.141,2.128,2.113,2.096,2.079,2.06,2.042,2.025,2.008,1.996,1.98,1.963,1.943,1.922,1.899,1.876,1.852,1.827
Value Added as % of GDP,WB Upper Middle Income,Energy,SSP4,4.321,4.156,3.957,3.802,3.696,3.637,3.619,3.633,3.591,3.512,3.419,3.329,3.239,3.165,3.108,3.061,3.015,2.971,2.939,2.906,2.867,2.819,2.768,2.721,2.673,2.629,2.588,2.556,2.531,2.512,2.472,2.437,2.402,2.367,2.322,2.277,2.237,2.203,2.171,2.143,2.117,2.096,2.077,2.055,2.031,2.008,1.987,1.966,1.951,1.942,1.936,1.929,1.913,1.897,1.881,1.866,1.851,1.834,1.817,1.801,1.785,1.771,1.757,1.747,1.735,1.724,1.713,1.701,1.688,1.673,1.658,1.641,1.623,1.605,1.587,1.571,1.552,1.531,1.509,1.486,1.463,1.439,1.407,1.384
Value Added as % of GDP,WB Upper Middle Income,Energy,SSP5,4.321,4.143,3.921,3.737,3.602,3.515,3.471,3.447,3.402,3.309,3.196,3.085,2.984,2.892,2.818,2.764,2.716,2.666,2.615,2.563,2.511,2.457,2.402,2.349,2.302,2.261,2.23,2.206,2.186,2.168,2.131,2.094,2.056,2.02,1.985,1.949,1.915,1.888,1.863,1.838,1.814,1.788,1.762,1.737,1.712,1.688,1.666,1.646,1.627,1.611,1.595,1.579,1.564,1.55,1.535,1.522,1.507,1.493,1.479,1.465,1.451,1.435,1.421,1.406,1.391,1.376,1.362,1.347,1.333,1.319,1.306,1.293,1.28,1.268,1.255,1.244,1.229,1.212,1.193,1.174,1.154,1.133,1.112,1.091
Value Added as % of GDP,WB Upper Middle Income,Materials,IF,2.153,2.165,2.186,2.195,2.213,2.252,2.278,2.31,2.367,2.434,2.502,2.567,2.621,2.66,2.686,2.7,2.707,2.708,2.707,2.705,2.704,2.705,2.709,2.716,2.727,2.743,2.761,2.781,2.807,2.838,2.875,2.917,2.961,3.007,3.053,3.096,3.135,3.17,3.198,3.221,3.237,3.247,3.254,3.26,3.265,3.271,3.277,3.285,3.294,3.303,3.311,3.318,3.324,3.328,3.33,3.332,3.333,3.335,3.336,3.338,3.339,3.341,3.344,3.346,3.35,3.354,3.357,3.361,3.365,3.37,3.375,3.381,3.387,3.393,3.4,3.407,3.415,3.423,3.431,3.439,3.449,3.459,3.469,3.48
Value Added as % of GDP,WB Upper Middle Income,Materials,SSP1,2.153,2.173,2.209,2.251,2.275,2.31,2.349,2.392,2.441,2.498,2.56,2.628,2.699,2.773,2.844,2.91,2.968,3.018,3.057,3.084,3.1,3.103,3.097,3.083,3.061,3.034,3.004,2.971,2.936,2.901,2.867,2.835,2.804,2.776,2.754,2.739,2.73,2.728,2.732,2.744,2.76,2.783,2.811,2.844,2.881,2.921,2.959,2.996,3.033,3.066,3.095,3.118,3.134,3.142,3.144,3.14,3.131,3.117,3.1,3.081,3.059,3.037,3.014,2.99,2.966,2.943,2.922,2.901,2.88,2.86,2.842,2.826,2.811,2.796,2.779,2.763,2.749,2.738,2.731,2.728,2.73,2.735,2.741,2.749
Value Added as % of GDP,WB Upper Middle Income,Materials,SSP2,2.153,2.172,2.208,2.249,2.274,2.309,2.347,2.389,2.436,2.489,2.548,2.61,2.676,2.744,2.809,2.869,2.923,2.971,3.009,3.038,3.057,3.066,3.067,3.06,3.048,3.031,3.01,2.986,2.96,2.934,2.908,2.884,2.861,2.84,2.825,2.815,2.812,2.816,2.826,2.843,2.866,2.896,2.933,2.977,3.028,3.083,3.139,3.194,3.247,3.297,3.342,3.379,3.408,3.428,3.439,3.442,3.436,3.424,3.407,3.386,3.362,3.336,3.307,3.278,3.248,3.219,3.19,3.16,3.131,3.103,3.076,3.051,3.032,3.017,3.007,3.002,3.002,3.007,3.019,3.038,3.064,3.098,3.137,3.179
Value Added as % of GDP,WB Upper Middle Income,Materials,SSP3,2.153,2.172,2.207,2.249,2.275,2.31,2.349,2.392,2.44,2.493,2.551,2.613,2.677,2.742,2.805,2.862,2.913,2.958,2.995,3.023,3.041,3.05,3.052,3.049,3.039,3.026,3.009,2.989,2.968,2.947,2.926,2.907,2.889,2.873,2.863,2.858,2.859,2.866,2.879,2.899,2.925,2.958,3,3.05,3.109,3.176,3.249,3.325,3.399,3.471,3.54,3.602,3.656,3.7,3.731,3.751,3.762,3.761,3.753,3.738,3.717,3.692,3.664,3.634,3.601,3.566,3.531,3.496,3.461,3.426,3.393,3.363,3.34,3.322,3.311,3.306,3.31,3.325,3.354,3.398,3.461,3.547,3.656,3.787
Value Added as % of GDP,WB Upper Middle Income,Materials,SSP4,2.153,2.172,2.206,2.247,2.271,2.304,2.34,2.38,2.426,2.479,2.537,2.6,2.667,2.735,2.802,2.864,2.92,2.971,3.012,3.044,3.065,3.076,3.079,3.075,3.065,3.05,3.031,3.01,2.988,2.964,2.942,2.921,2.901,2.885,2.875,2.873,2.878,2.891,2.912,2.942,2.981,3.029,3.087,3.156,3.235,3.321,3.412,3.502,3.589,3.672,3.747,3.814,3.867,3.907,3.934,3.95,3.954,3.948,3.937,3.92,3.899,3.876,3.851,3.826,3.801,3.778,3.756,3.734,3.711,3.69,3.668,3.65,3.635,3.623,3.615,3.608,3.604,3.605,3.613,3.628,3.654,3.722,3.785,3.861
Value Added as % of GDP,WB Upper Middle Income,Materials,SSP5,2.153,2.173,2.21,2.253,2.279,2.314,2.354,2.399,2.449,2.506,2.57,2.639,2.712,2.787,2.859,2.924,2.981,3.029,3.066,3.089,3.099,3.096,3.083,3.06,3.031,2.996,2.958,2.917,2.874,2.831,2.79,2.75,2.712,2.678,2.648,2.626,2.61,2.601,2.599,2.603,2.614,2.63,2.651,2.677,2.706,2.738,2.769,2.798,2.826,2.85,2.869,2.883,2.889,2.888,2.881,2.868,2.85,2.828,2.803,2.776,2.746,2.72,2.694,2.664,2.628,2.593,2.557,2.521,2.485,2.449,2.415,2.383,2.351,2.325,2.304,2.287,2.277,2.272,2.273,2.279,2.291,2.307,2.324,2.342
Value Added as % of GDP,WB Upper Middle Income,Manufactures,IF,32.18,32.52,32.8,33.01,33.36,33.45,33.62,33.74,33.68,33.53,33.37,33.25,33.19,33.18,33.21,33.26,33.32,33.35,33.34,33.31,33.27,33.22,33.18,33.17,33.17,33.2,33.23,33.25,33.27,33.27,33.27,33.28,33.29,33.29,33.29,33.28,33.26,33.23,33.2,33.16,33.1,33.04,32.96,32.89,32.81,32.74,32.67,32.62,32.56,32.51,32.45,32.39,32.32,32.25,32.17,32.07,31.98,31.89,31.81,31.72,31.63,31.53,31.44,31.34,31.25,31.15,31.07,30.98,30.89,30.8,30.7,30.61,30.51,30.4,30.3,30.19,30.08,29.98,29.87,29.77,29.67,29.57,29.47,29.37
Value Added as % of GDP,WB Upper Middle Income,Manufactures,SSP1,32.18,32.66,33.07,33.4,33.79,34.03,34.16,34.2,34.19,34.12,34.01,33.86,33.68,33.48,33.26,33.04,32.83,32.64,32.48,32.34,32.23,32.14,32.06,32,31.95,31.9,31.85,31.8,31.75,31.69,31.63,31.56,31.47,31.38,31.27,31.15,31.03,30.88,30.72,30.56,30.39,30.21,30.03,29.84,29.65,29.45,29.26,29.06,28.87,28.68,28.5,28.31,28.13,27.96,27.78,27.61,27.44,27.28,27.12,26.97,26.82,26.68,26.55,26.4,26.26,26.13,26,25.89,25.77,25.66,25.55,25.44,25.32,25.2,25.07,24.93,24.8,24.65,24.5,24.35,24.2,24.05,23.9,23.76
Value Added as % of GDP,WB Upper Middle Income,Manufactures,SSP2,32.18,32.64,33.04,33.34,33.69,33.91,34.01,34.03,33.99,33.91,33.79,33.64,33.46,33.28,33.09,32.89,32.7,32.55,32.42,32.32,32.24,32.2,32.17,32.15,32.14,32.14,32.14,32.13,32.13,32.11,32.09,32.06,32.02,31.97,31.91,31.83,31.73,31.61,31.48,31.34,31.17,30.99,30.8,30.6,30.39,30.19,29.99,29.8,29.61,29.43,29.26,29.1,28.96,28.83,28.71,28.6,28.49,28.38,28.27,28.16,28.05,27.95,27.85,27.77,27.68,27.61,27.54,27.47,27.41,27.34,27.27,27.19,27.11,27.03,26.93,26.83,26.71,26.58,26.45,26.3,26.14,25.99,25.82,25.65
Value Added as % of GDP,WB Upper Middle Income,Manufactures,SSP3,32.18,32.63,33.02,33.31,33.65,33.85,33.95,33.96,33.92,33.83,33.71,33.55,33.38,33.19,33,32.81,32.62,32.46,32.34,32.24,32.17,32.13,32.11,32.11,32.13,32.16,32.19,32.23,32.26,32.29,32.32,32.34,32.35,32.35,32.33,32.3,32.24,32.15,32.04,31.91,31.77,31.6,31.41,31.21,31.01,30.81,30.62,30.43,30.25,30.08,29.93,29.8,29.69,29.6,29.53,29.47,29.44,29.4,29.37,29.35,29.33,29.31,29.28,29.25,29.22,29.19,29.17,29.15,29.12,29.09,29.06,29.02,28.97,28.92,28.86,28.79,28.7,28.6,28.5,28.38,28.26,28.13,27.99,27.84
Value Added as % of GDP,WB Upper Middle Income,Manufactures,SSP4,32.18,32.64,33.03,33.33,33.68,33.88,33.97,33.97,33.93,33.84,33.71,33.54,33.36,33.16,32.95,32.72,32.52,32.35,32.2,32.08,31.99,31.92,31.88,31.85,31.84,31.83,31.83,31.83,31.82,31.8,31.79,31.75,31.71,31.65,31.57,31.49,31.38,31.25,31.11,30.95,30.77,30.57,30.35,30.13,29.9,29.68,29.46,29.24,29.03,28.83,28.63,28.44,28.27,28.11,27.96,27.82,27.67,27.52,27.36,27.21,27.06,26.92,26.79,26.67,26.55,26.46,26.38,26.31,26.25,26.2,26.15,26.11,26.08,26.04,26,25.96,25.9,25.84,25.76,25.68,25.6,25.44,25.58,25.72
Value Added as % of GDP,WB Upper Middle Income,Manufactures,SSP5,32.18,32.67,33.11,33.46,33.88,34.15,34.3,34.36,34.34,34.27,34.14,33.96,33.74,33.5,33.23,32.95,32.68,32.43,32.2,32,31.82,31.66,31.52,31.4,31.28,31.17,31.06,30.95,30.82,30.69,30.56,30.42,30.27,30.11,29.94,29.76,29.57,29.37,29.17,28.95,28.74,28.51,28.29,28.05,27.81,27.58,27.34,27.1,26.87,26.64,26.42,26.2,25.98,25.77,25.56,25.36,25.16,24.97,24.79,24.61,24.43,24.26,24.08,23.9,23.72,23.54,23.35,23.15,22.93,22.72,22.47,22.21,21.93,21.62,21.29,20.95,20.59,20.22,19.85,19.48,19.11,18.75,18.4,18.06
Value Added as % of GDP,WB Upper Middle Income,Services,IF,48.55,48.34,48.15,47.63,47.89,48.08,48.1,48.17,48.36,48.61,48.87,49.1,49.29,49.45,49.57,49.68,49.79,49.91,50.06,50.23,50.41,50.57,50.7,50.8,50.86,50.88,50.89,50.88,50.86,50.84,50.81,50.78,50.75,50.72,50.71,50.69,50.69,50.68,50.7,50.72,50.75,50.79,50.83,50.88,50.93,50.99,51.04,51.1,51.17,51.24,51.33,51.43,51.55,51.67,51.79,51.91,52.02,52.12,52.21,52.3,52.4,52.5,52.6,52.7,52.8,52.91,53.02,53.13,53.25,53.37,53.49,53.61,53.73,53.84,53.95,54.05,54.16,54.26,54.37,54.48,54.59,54.69,54.81,54.93
Value Added as % of GDP,WB Upper Middle Income,Services,SSP1,48.55,48.55,48.66,48.81,48.88,48.99,49.11,49.25,49.46,49.72,50.02,50.36,50.7,51.03,51.37,51.71,52.01,52.27,52.52,52.75,52.95,53.14,53.31,53.47,53.61,53.74,53.86,53.98,54.1,54.21,54.33,54.45,54.57,54.68,54.79,54.89,54.98,55.08,55.17,55.27,55.37,55.48,55.6,55.74,55.88,56.05,56.23,56.42,56.62,56.82,57.02,57.24,57.45,57.65,57.85,58.04,58.22,58.39,58.54,58.68,58.81,58.93,59.05,59.18,59.32,59.46,59.62,59.79,59.97,60.16,60.37,60.58,60.8,61.04,61.28,61.53,61.77,62.01,62.23,62.42,62.59,62.73,62.85,62.94
Value Added as % of GDP,WB Upper Middle Income,Services,SSP2,48.55,48.55,48.66,48.79,48.86,48.96,49.07,49.2,49.38,49.62,49.9,50.21,50.52,50.82,51.1,51.4,51.65,51.87,52.07,52.24,52.4,52.54,52.66,52.77,52.87,52.97,53.06,53.14,53.23,53.31,53.4,53.49,53.59,53.68,53.77,53.85,53.92,53.98,54.05,54.11,54.2,54.3,54.42,54.57,54.74,54.92,55.13,55.34,55.56,55.79,56.01,56.23,56.43,56.62,56.78,56.92,57.04,57.15,57.24,57.3,57.35,57.37,57.39,57.4,57.43,57.48,57.55,57.65,57.77,57.93,58.13,58.34,58.57,58.81,59.06,59.3,59.55,59.8,60.02,60.23,60.4,60.53,60.63,60.7
Value Added as % of GDP,WB Upper Middle Income,Services,SSP3,48.55,48.55,48.65,48.78,48.83,48.91,49,49.1,49.26,49.48,49.73,50.01,50.3,50.58,50.83,51.08,51.31,51.51,51.67,51.81,51.92,52.02,52.1,52.17,52.23,52.29,52.34,52.39,52.43,52.47,52.52,52.57,52.61,52.66,52.7,52.74,52.77,52.81,52.84,52.87,52.9,52.95,53.01,53.1,53.21,53.34,53.5,53.67,53.87,54.08,54.28,54.49,54.68,54.85,55.01,55.14,55.24,55.33,55.39,55.4,55.38,55.32,55.23,55.12,55,54.87,54.77,54.69,54.68,54.71,54.79,54.92,55.1,55.31,55.57,55.83,56.12,56.4,56.68,56.95,57.18,57.37,57.51,57.6
Value Added as % of GDP,WB Upper Middle Income,Services,SSP4,48.55,48.55,48.65,48.79,48.86,48.97,49.09,49.21,49.42,49.67,49.96,50.27,50.6,50.91,51.2,51.5,51.77,52.01,52.22,52.4,52.56,52.71,52.84,52.96,53.07,53.18,53.27,53.36,53.45,53.53,53.62,53.71,53.79,53.86,53.93,53.99,54.03,54.07,54.09,54.12,54.17,54.23,54.32,54.44,54.58,54.74,54.93,55.14,55.35,55.58,55.81,56.03,56.25,56.46,56.64,56.79,56.93,57.04,57.13,57.18,57.2,57.19,57.16,57.12,57.09,57.07,57.09,57.13,57.19,57.29,57.42,57.59,57.78,57.98,58.19,58.42,58.65,58.88,59.09,59.28,59.43,59.55,59.43,59.2
Value Added as % of GDP,WB Upper Middle Income,Services,SSP5,48.55,48.55,48.66,48.82,48.9,49.01,49.15,49.31,49.52,49.8,50.14,50.5,50.88,51.26,51.65,52.03,52.39,52.73,53.05,53.35,53.63,53.89,54.14,54.37,54.59,54.79,54.99,55.16,55.35,55.53,55.71,55.89,56.07,56.25,56.43,56.6,56.77,56.94,57.11,57.29,57.47,57.66,57.87,58.08,58.3,58.52,58.74,58.96,59.18,59.4,59.6,59.81,60.02,60.23,60.44,60.64,60.85,61.06,61.27,61.49,61.71,61.95,62.18,62.43,62.69,62.96,63.24,63.54,63.84,64.15,64.49,64.85,65.23,65.64,66.08,66.53,67.01,67.49,67.98,68.48,68.98,69.47,69.95,70.43
Value Added as % of GDP,WB Upper Middle Income,ICTech,IF,5.386,5.39,5.398,5.358,5.381,5.416,5.444,5.467,5.506,5.545,5.578,5.61,5.642,5.679,5.723,5.772,5.824,5.877,5.926,5.971,6.01,6.046,6.084,6.128,6.184,6.256,6.34,6.434,6.536,6.645,6.756,6.868,6.978,7.085,7.185,7.278,7.365,7.45,7.537,7.629,7.726,7.831,7.942,8.054,8.163,8.265,8.352,8.421,8.471,8.504,8.523,8.535,8.546,8.56,8.582,8.614,8.656,8.707,8.764,8.82,8.877,8.932,8.982,9.026,9.062,9.089,9.108,9.121,9.13,9.137,9.147,9.16,9.181,9.208,9.242,9.281,9.321,9.362,9.399,9.431,9.457,9.477,9.494,9.51
Value Added as % of GDP,WB Upper Middle Income,ICTech,SSP1,5.386,5.414,5.464,5.542,5.604,5.678,5.753,5.832,5.914,6.002,6.091,6.175,6.255,6.328,6.393,6.452,6.508,6.565,6.622,6.68,6.739,6.798,6.856,6.912,6.966,7.019,7.071,7.123,7.176,7.234,7.296,7.366,7.442,7.526,7.618,7.718,7.824,7.933,8.041,8.143,8.238,8.323,8.398,8.459,8.506,8.536,8.552,8.554,8.545,8.528,8.506,8.483,8.463,8.449,8.445,8.453,8.474,8.507,8.551,8.602,8.661,8.725,8.789,8.846,8.894,8.927,8.939,8.928,8.901,8.858,8.8,8.734,8.661,8.582,8.502,8.423,8.351,8.291,8.256,8.246,8.255,8.286,8.336,8.407
Value Added as % of GDP,WB Upper Middle Income,ICTech,SSP2,5.386,5.414,5.463,5.537,5.596,5.664,5.732,5.802,5.875,5.949,6.025,6.097,6.163,6.223,6.278,6.327,6.376,6.424,6.474,6.524,6.575,6.624,6.672,6.716,6.758,6.796,6.833,6.867,6.902,6.939,6.982,7.032,7.093,7.164,7.248,7.343,7.45,7.566,7.686,7.804,7.913,8.01,8.09,8.149,8.186,8.199,8.19,8.162,8.119,8.065,8.005,7.946,7.896,7.858,7.84,7.844,7.872,7.925,8.003,8.101,8.218,8.352,8.49,8.622,8.739,8.829,8.884,8.909,8.908,8.875,8.813,8.726,8.623,8.51,8.391,8.274,8.164,8.068,7.994,7.953,7.944,7.971,8.032,8.128
Value Added as % of GDP,WB Upper Middle Income,ICTech,SSP3,5.386,5.414,5.463,5.536,5.592,5.656,5.721,5.786,5.853,5.921,5.99,6.054,6.113,6.165,6.212,6.257,6.3,6.345,6.394,6.442,6.491,6.537,6.581,6.619,6.653,6.679,6.698,6.709,6.718,6.724,6.735,6.75,6.776,6.814,6.869,6.941,7.033,7.144,7.271,7.409,7.549,7.682,7.803,7.901,7.968,8.002,8.002,7.976,7.923,7.848,7.755,7.651,7.542,7.435,7.342,7.269,7.222,7.201,7.215,7.267,7.36,7.493,7.661,7.855,8.067,8.28,8.473,8.628,8.732,8.804,8.831,8.807,8.735,8.622,8.48,8.322,8.154,7.986,7.824,7.674,7.544,7.44,7.373,7.342
Value Added as % of GDP,WB Upper Middle Income,ICTech,SSP4,5.386,5.413,5.461,5.536,5.594,5.662,5.73,5.801,5.878,5.956,6.039,6.119,6.196,6.267,6.332,6.394,6.456,6.519,6.58,6.64,6.698,6.752,6.803,6.85,6.892,6.93,6.964,6.995,7.027,7.062,7.104,7.156,7.222,7.303,7.402,7.517,7.65,7.798,7.955,8.113,8.263,8.399,8.512,8.597,8.65,8.669,8.655,8.616,8.558,8.485,8.405,8.323,8.254,8.203,8.177,8.183,8.222,8.299,8.412,8.559,8.735,8.937,9.152,9.365,9.56,9.72,9.83,9.908,9.949,9.95,9.909,9.831,9.724,9.599,9.463,9.321,9.182,9.048,8.932,8.836,8.771,8.762,8.721,8.77
Value Added as % of GDP,WB Upper Middle Income,ICTech,SSP5,5.386,5.414,5.465,5.545,5.612,5.692,5.775,5.865,5.966,6.073,6.18,6.285,6.384,6.477,6.559,6.633,6.702,6.767,6.829,6.888,6.944,6.999,7.051,7.105,7.157,7.21,7.264,7.322,7.382,7.449,7.523,7.604,7.691,7.783,7.879,7.978,8.076,8.172,8.261,8.341,8.411,8.472,8.524,8.567,8.602,8.63,8.653,8.675,8.697,8.72,8.746,8.774,8.807,8.841,8.877,8.913,8.946,8.976,8.999,9.011,9.016,9.012,9.001,8.985,8.963,8.937,8.907,8.876,8.843,8.808,8.771,8.729,8.678,8.621,8.554,8.478,8.396,8.306,8.206,8.1,7.987,7.867,7.744,7.622
Value Added as % of GDP,World,Agriculture,IF,4.477,4.434,4.419,4.644,4.444,4.245,4.17,4.103,4.037,3.964,3.89,3.813,3.734,3.656,3.58,3.507,3.435,3.364,3.294,3.225,3.159,3.094,3.03,2.968,2.906,2.846,2.786,2.727,2.669,2.612,2.557,2.503,2.45,2.398,2.348,2.299,2.252,2.205,2.161,2.117,2.074,2.031,1.989,1.948,1.908,1.869,1.832,1.794,1.755,1.717,1.678,1.64,1.604,1.567,1.532,1.497,1.464,1.431,1.399,1.368,1.338,1.308,1.279,1.25,1.222,1.196,1.169,1.144,1.119,1.094,1.07,1.047,1.025,1.003,0.981,0.961,0.941,0.921,0.902,0.883,0.865,0.847,0.83,0.813
Value Added as % of GDP,World,Agriculture,SSP1,4.477,4.382,4.264,4.125,3.971,3.819,3.681,3.55,3.419,3.288,3.157,3.026,2.899,2.78,2.667,2.556,2.449,2.348,2.251,2.159,2.073,1.991,1.915,1.842,1.772,1.707,1.644,1.585,1.529,1.477,1.427,1.38,1.336,1.294,1.254,1.216,1.18,1.147,1.115,1.083,1.053,1.024,0.997,0.97,0.944,0.92,0.896,0.873,0.851,0.83,0.81,0.791,0.772,0.755,0.738,0.723,0.707,0.693,0.679,0.665,0.651,0.638,0.626,0.614,0.602,0.591,0.58,0.569,0.559,0.549,0.539,0.53,0.521,0.512,0.503,0.495,0.487,0.479,0.471,0.464,0.457,0.45,0.443,0.437
Value Added as % of GDP,World,Agriculture,SSP2,4.477,4.386,4.277,4.15,4.012,3.877,3.754,3.642,3.533,3.425,3.318,3.208,3.1,3,2.909,2.82,2.737,2.655,2.573,2.494,2.419,2.346,2.276,2.208,2.143,2.08,2.019,1.96,1.904,1.85,1.798,1.747,1.699,1.652,1.607,1.564,1.523,1.483,1.444,1.406,1.37,1.334,1.3,1.266,1.234,1.203,1.172,1.142,1.114,1.086,1.059,1.032,1.007,0.982,0.958,0.935,0.913,0.891,0.87,0.849,0.829,0.81,0.792,0.774,0.756,0.74,0.723,0.707,0.692,0.677,0.663,0.65,0.638,0.627,0.616,0.606,0.598,0.589,0.579,0.567,0.556,0.544,0.533,0.521
Value Added as % of GDP,World,Agriculture,SSP3,4.477,4.394,4.297,4.185,4.062,3.944,3.838,3.744,3.654,3.568,3.482,3.396,3.31,3.229,3.157,3.091,3.03,2.972,2.915,2.86,2.806,2.753,2.702,2.654,2.607,2.562,2.519,2.478,2.439,2.402,2.366,2.332,2.299,2.268,2.236,2.207,2.177,2.15,2.123,2.098,2.072,2.046,2.02,1.994,1.968,1.943,1.918,1.893,1.869,1.846,1.827,1.814,1.804,1.795,1.788,1.784,1.772,1.756,1.737,1.717,1.696,1.677,1.656,1.637,1.617,1.598,1.578,1.56,1.539,1.521,1.5,1.481,1.459,1.44,1.418,1.399,1.378,1.359,1.336,1.317,1.295,1.276,1.255,1.236
Value Added as % of GDP,World,Agriculture,SSP4,4.477,4.388,4.28,4.153,4.013,3.877,3.758,3.645,3.533,3.421,3.309,3.195,3.088,2.987,2.892,2.804,2.718,2.635,2.555,2.479,2.406,2.337,2.272,2.209,2.149,2.092,2.038,1.987,1.938,1.891,1.847,1.806,1.766,1.728,1.691,1.655,1.621,1.59,1.559,1.529,1.499,1.471,1.443,1.416,1.39,1.365,1.341,1.318,1.295,1.273,1.252,1.231,1.211,1.192,1.173,1.155,1.138,1.121,1.104,1.088,1.072,1.057,1.042,1.027,1.013,1,0.987,0.974,0.961,0.949,0.937,0.926,0.915,0.905,0.895,0.885,0.875,0.866,0.858,0.853,0.849,0.846,0.837,0.828
Value Added as % of GDP,World,Agriculture,SSP5,4.477,4.374,4.244,4.093,3.924,3.756,3.598,3.447,3.297,3.147,2.999,2.849,2.704,2.567,2.437,2.313,2.194,2.084,1.981,1.885,1.795,1.712,1.633,1.559,1.49,1.424,1.362,1.304,1.249,1.198,1.151,1.106,1.063,1.023,0.985,0.949,0.915,0.883,0.853,0.824,0.796,0.769,0.743,0.718,0.695,0.672,0.651,0.63,0.61,0.591,0.573,0.555,0.539,0.523,0.508,0.493,0.48,0.467,0.454,0.442,0.43,0.418,0.407,0.396,0.386,0.376,0.366,0.357,0.348,0.339,0.33,0.323,0.315,0.307,0.3,0.293,0.286,0.279,0.273,0.267,0.261,0.256,0.25,0.245
Value Added as % of GDP,World,Energy,IF,2.678,2.673,2.676,2.849,2.742,2.68,2.644,2.623,2.622,2.634,2.645,2.654,2.655,2.647,2.63,2.606,2.583,2.561,2.541,2.528,2.521,2.517,2.516,2.51,2.5,2.48,2.46,2.44,2.425,2.413,2.388,2.361,2.326,2.289,2.255,2.225,2.199,2.175,2.149,2.126,2.099,2.071,2.041,2.009,1.977,1.942,1.911,1.883,1.863,1.847,1.831,1.815,1.797,1.776,1.755,1.734,1.713,1.691,1.665,1.64,1.616,1.592,1.57,1.55,1.532,1.515,1.501,1.488,1.475,1.462,1.45,1.437,1.424,1.411,1.397,1.384,1.368,1.349,1.329,1.308,1.288,1.268,1.248,1.228
Value Added as % of GDP,World,Energy,SSP1,2.678,2.642,2.59,2.551,2.53,2.532,2.553,2.582,2.585,2.556,2.513,2.466,2.421,2.381,2.347,2.324,2.309,2.299,2.28,2.255,2.227,2.195,2.166,2.137,2.112,2.09,2.072,2.052,2.034,2.018,1.983,1.948,1.91,1.873,1.835,1.798,1.764,1.734,1.708,1.685,1.664,1.643,1.621,1.599,1.575,1.55,1.526,1.505,1.483,1.462,1.442,1.422,1.403,1.385,1.369,1.355,1.34,1.326,1.312,1.299,1.286,1.274,1.261,1.249,1.237,1.225,1.213,1.202,1.191,1.18,1.168,1.157,1.147,1.136,1.126,1.116,1.105,1.091,1.076,1.06,1.044,1.027,1.01,0.993
Value Added as % of GDP,World,Energy,SSP2,2.678,2.644,2.597,2.563,2.549,2.558,2.587,2.625,2.633,2.61,2.575,2.535,2.495,2.462,2.437,2.417,2.405,2.398,2.388,2.379,2.363,2.341,2.317,2.295,2.274,2.256,2.237,2.22,2.207,2.195,2.167,2.138,2.102,2.062,2.022,1.983,1.946,1.915,1.888,1.861,1.84,1.821,1.801,1.777,1.753,1.728,1.704,1.682,1.661,1.641,1.621,1.6,1.578,1.554,1.532,1.511,1.491,1.473,1.456,1.441,1.427,1.414,1.402,1.391,1.379,1.368,1.357,1.345,1.332,1.319,1.305,1.292,1.278,1.266,1.254,1.243,1.23,1.215,1.199,1.181,1.162,1.144,1.125,1.106
Value Added as % of GDP,World,Energy,SSP3,2.678,2.649,2.608,2.58,2.573,2.588,2.622,2.666,2.68,2.664,2.635,2.603,2.573,2.55,2.535,2.526,2.522,2.52,2.515,2.517,2.519,2.515,2.506,2.491,2.478,2.463,2.451,2.446,2.447,2.448,2.436,2.424,2.408,2.386,2.356,2.325,2.292,2.262,2.234,2.207,2.184,2.165,2.151,2.14,2.128,2.117,2.107,2.093,2.08,2.065,2.049,2.032,2.013,1.992,1.967,1.942,1.918,1.896,1.876,1.86,1.847,1.838,1.831,1.826,1.82,1.814,1.805,1.795,1.784,1.771,1.757,1.742,1.727,1.712,1.699,1.688,1.674,1.658,1.641,1.622,1.603,1.582,1.561,1.539
Value Added as % of GDP,World,Energy,SSP4,2.678,2.646,2.599,2.566,2.552,2.559,2.584,2.623,2.626,2.599,2.562,2.522,2.481,2.448,2.424,2.406,2.39,2.376,2.365,2.358,2.344,2.325,2.301,2.277,2.252,2.23,2.209,2.193,2.181,2.173,2.15,2.127,2.101,2.069,2.029,1.989,1.953,1.92,1.891,1.864,1.842,1.82,1.8,1.778,1.755,1.733,1.712,1.692,1.675,1.659,1.644,1.628,1.607,1.586,1.565,1.545,1.525,1.506,1.487,1.469,1.453,1.438,1.425,1.413,1.403,1.394,1.386,1.377,1.367,1.356,1.345,1.332,1.318,1.305,1.291,1.278,1.264,1.248,1.23,1.212,1.194,1.176,1.155,1.138
Value Added as % of GDP,World,Energy,SSP5,2.678,2.637,2.579,2.532,2.503,2.5,2.513,2.535,2.539,2.507,2.458,2.405,2.356,2.309,2.272,2.243,2.221,2.199,2.176,2.15,2.122,2.089,2.054,2.018,1.983,1.95,1.923,1.901,1.88,1.862,1.827,1.79,1.751,1.712,1.674,1.636,1.602,1.571,1.545,1.52,1.495,1.47,1.443,1.416,1.389,1.363,1.338,1.315,1.292,1.27,1.25,1.23,1.212,1.194,1.177,1.16,1.144,1.128,1.113,1.098,1.083,1.068,1.053,1.039,1.025,1.011,0.997,0.984,0.97,0.957,0.945,0.933,0.922,0.911,0.9,0.89,0.878,0.864,0.849,0.833,0.817,0.8,0.784,0.768
Value Added as % of GDP,World,Materials,IF,1.612,1.622,1.638,1.656,1.668,1.7,1.727,1.76,1.825,1.902,1.984,2.062,2.13,2.184,2.222,2.249,2.268,2.282,2.294,2.306,2.319,2.332,2.348,2.365,2.384,2.405,2.426,2.449,2.473,2.498,2.526,2.555,2.586,2.617,2.647,2.677,2.704,2.73,2.752,2.771,2.787,2.802,2.815,2.827,2.839,2.852,2.866,2.88,2.896,2.912,2.93,2.947,2.965,2.982,3,3.018,3.035,3.053,3.071,3.089,3.107,3.125,3.143,3.161,3.179,3.197,3.214,3.231,3.248,3.265,3.28,3.296,3.312,3.329,3.346,3.363,3.38,3.398,3.416,3.435,3.455,3.476,3.498,3.519
Value Added as % of GDP,World,Materials,SSP1,1.612,1.633,1.666,1.704,1.735,1.773,1.815,1.863,1.918,1.98,2.052,2.131,2.217,2.307,2.398,2.484,2.564,2.636,2.698,2.747,2.783,2.807,2.82,2.825,2.822,2.813,2.799,2.783,2.765,2.745,2.726,2.708,2.691,2.676,2.664,2.657,2.654,2.657,2.664,2.678,2.696,2.72,2.75,2.785,2.825,2.869,2.915,2.961,3.007,3.05,3.089,3.123,3.151,3.172,3.186,3.194,3.196,3.194,3.188,3.179,3.168,3.155,3.141,3.125,3.11,3.095,3.081,3.068,3.055,3.045,3.038,3.034,3.034,3.04,3.052,3.07,3.093,3.122,3.156,3.192,3.233,3.275,3.318,3.361
Value Added as % of GDP,World,Materials,SSP2,1.612,1.633,1.665,1.703,1.733,1.77,1.811,1.856,1.908,1.967,2.032,2.105,2.183,2.264,2.345,2.422,2.495,2.56,2.617,2.664,2.7,2.726,2.743,2.752,2.755,2.753,2.746,2.736,2.723,2.71,2.696,2.683,2.67,2.66,2.652,2.648,2.649,2.654,2.665,2.681,2.703,2.731,2.766,2.807,2.854,2.906,2.961,3.017,3.071,3.124,3.173,3.216,3.252,3.28,3.3,3.312,3.316,3.315,3.309,3.299,3.286,3.27,3.252,3.233,3.213,3.194,3.175,3.158,3.144,3.132,3.124,3.119,3.121,3.127,3.139,3.158,3.186,3.223,3.272,3.332,3.404,3.484,3.567,3.65
Value Added as % of GDP,World,Materials,SSP3,1.612,1.633,1.665,1.703,1.733,1.77,1.811,1.856,1.907,1.964,2.028,2.097,2.172,2.249,2.325,2.397,2.463,2.524,2.578,2.621,2.655,2.681,2.698,2.709,2.714,2.715,2.711,2.705,2.697,2.687,2.678,2.668,2.659,2.651,2.647,2.646,2.649,2.656,2.667,2.684,2.706,2.734,2.769,2.812,2.862,2.919,2.983,3.051,3.118,3.185,3.249,3.309,3.362,3.407,3.443,3.469,3.486,3.495,3.498,3.495,3.487,3.474,3.459,3.44,3.419,3.396,3.372,3.348,3.325,3.303,3.284,3.271,3.263,3.262,3.267,3.279,3.301,3.332,3.377,3.438,3.518,3.618,3.739,3.875
Value Added as % of GDP,World,Materials,SSP4,1.612,1.633,1.664,1.701,1.73,1.765,1.804,1.847,1.896,1.953,2.017,2.087,2.163,2.243,2.322,2.398,2.468,2.532,2.588,2.632,2.666,2.69,2.705,2.712,2.713,2.708,2.7,2.688,2.674,2.658,2.643,2.628,2.613,2.601,2.593,2.59,2.592,2.599,2.612,2.632,2.659,2.695,2.738,2.79,2.851,2.918,2.99,3.063,3.133,3.2,3.262,3.316,3.36,3.393,3.415,3.428,3.431,3.428,3.418,3.405,3.389,3.37,3.35,3.329,3.309,3.288,3.269,3.25,3.232,3.216,3.202,3.189,3.18,3.173,3.172,3.175,3.184,3.2,3.225,3.261,3.31,3.384,3.467,3.564
Value Added as % of GDP,World,Materials,SSP5,1.612,1.633,1.667,1.706,1.738,1.777,1.821,1.87,1.927,1.991,2.065,2.147,2.236,2.329,2.422,2.509,2.592,2.665,2.725,2.771,2.803,2.822,2.83,2.828,2.818,2.802,2.781,2.757,2.731,2.705,2.678,2.653,2.629,2.608,2.591,2.577,2.569,2.567,2.57,2.579,2.593,2.614,2.64,2.672,2.708,2.748,2.789,2.831,2.871,2.908,2.939,2.965,2.983,2.994,2.998,2.995,2.987,2.975,2.959,2.939,2.917,2.895,2.872,2.845,2.817,2.789,2.761,2.735,2.716,2.707,2.71,2.72,2.738,2.768,2.805,2.851,2.905,2.973,3.053,3.145,3.249,3.358,3.465,3.564
Value Added as % of GDP,World,Manufactures,IF,25.33,25.48,25.62,25.72,25.93,26.02,26.14,26.25,26.27,26.24,26.22,26.21,26.23,26.29,26.37,26.46,26.57,26.67,26.76,26.84,26.9,26.96,27.01,27.05,27.08,27.12,27.14,27.14,27.13,27.11,27.08,27.05,27.01,26.96,26.91,26.85,26.78,26.7,26.61,26.52,26.43,26.33,26.24,26.14,26.06,25.98,25.9,25.84,25.78,25.72,25.67,25.62,25.56,25.51,25.45,25.39,25.33,25.27,25.21,25.16,25.1,25.03,24.97,24.9,24.83,24.77,24.7,24.63,24.56,24.49,24.42,24.36,24.29,24.22,24.14,24.07,24,23.93,23.87,23.8,23.74,23.68,23.62,23.56
Value Added as % of GDP,World,Manufactures,SSP1,25.33,25.6,25.87,26.13,26.42,26.64,26.83,26.97,27.08,27.17,27.23,27.26,27.27,27.27,27.24,27.21,27.19,27.17,27.16,27.17,27.18,27.21,27.25,27.3,27.34,27.39,27.43,27.47,27.5,27.52,27.52,27.52,27.49,27.44,27.38,27.29,27.19,27.05,26.9,26.74,26.57,26.38,26.18,25.98,25.78,25.57,25.37,25.16,24.97,24.78,24.59,24.41,24.24,24.08,23.91,23.76,23.61,23.47,23.34,23.22,23.1,22.99,22.88,22.77,22.67,22.58,22.49,22.41,22.34,22.27,22.2,22.14,22.07,22,21.93,21.86,21.78,21.7,21.61,21.52,21.42,21.32,21.2,21.08
Value Added as % of GDP,World,Manufactures,SSP2,25.33,25.59,25.86,26.1,26.36,26.57,26.73,26.84,26.93,27,27.04,27.06,27.06,27.04,27.02,26.99,26.97,26.96,26.97,26.98,27.02,27.07,27.13,27.2,27.27,27.34,27.42,27.49,27.55,27.6,27.64,27.67,27.68,27.67,27.64,27.59,27.52,27.41,27.29,27.15,26.99,26.82,26.63,26.44,26.24,26.04,25.85,25.66,25.48,25.31,25.15,25,24.86,24.74,24.63,24.53,24.43,24.34,24.26,24.18,24.1,24.02,23.95,23.88,23.82,23.77,23.72,23.68,23.64,23.6,23.56,23.53,23.48,23.44,23.39,23.33,23.26,23.18,23.09,22.99,22.88,22.76,22.64,22.5
Value Added as % of GDP,World,Manufactures,SSP3,25.33,25.59,25.86,26.1,26.36,26.55,26.71,26.81,26.9,26.95,26.98,26.99,26.98,26.96,26.93,26.89,26.85,26.83,26.83,26.84,26.88,26.92,26.99,27.07,27.15,27.24,27.33,27.42,27.5,27.57,27.64,27.7,27.73,27.75,27.76,27.73,27.69,27.61,27.51,27.39,27.26,27.1,26.94,26.76,26.59,26.41,26.24,26.08,25.92,25.78,25.65,25.53,25.43,25.36,25.3,25.25,25.23,25.21,25.21,25.21,25.22,25.23,25.24,25.25,25.26,25.26,25.27,25.28,25.29,25.29,25.29,25.29,25.29,25.27,25.25,25.21,25.16,25.09,25.01,24.92,24.82,24.71,24.6,24.48
Value Added as % of GDP,World,Manufactures,SSP4,25.33,25.59,25.85,26.09,26.34,26.53,26.67,26.77,26.85,26.9,26.92,26.92,26.9,26.86,26.82,26.76,26.72,26.69,26.67,26.67,26.69,26.72,26.77,26.83,26.89,26.96,27.03,27.1,27.16,27.21,27.25,27.28,27.28,27.27,27.24,27.19,27.12,27.01,26.9,26.76,26.6,26.43,26.25,26.07,25.88,25.69,25.51,25.33,25.16,25,24.84,24.69,24.56,24.43,24.32,24.21,24.1,24,23.89,23.79,23.7,23.61,23.52,23.45,23.38,23.33,23.3,23.27,23.26,23.26,23.26,23.27,23.29,23.3,23.32,23.32,23.32,23.3,23.28,23.24,23.19,23.1,23.12,23.13
Value Added as % of GDP,World,Manufactures,SSP5,25.33,25.6,25.88,26.15,26.45,26.69,26.88,27.03,27.14,27.23,27.28,27.3,27.29,27.26,27.2,27.14,27.07,27,26.94,26.9,26.86,26.83,26.81,26.8,26.79,26.78,26.77,26.75,26.72,26.68,26.63,26.57,26.5,26.41,26.3,26.17,26.03,25.87,25.7,25.51,25.32,25.11,24.89,24.66,24.43,24.2,23.96,23.73,23.5,23.28,23.07,22.86,22.66,22.46,22.27,22.09,21.91,21.75,21.59,21.44,21.3,21.16,21.03,20.9,20.77,20.64,20.52,20.4,20.33,20.31,20.33,20.35,20.37,20.38,20.4,20.4,20.38,20.35,20.3,20.23,20.13,20.02,19.88,19.73
Value Added as % of GDP,World,Services,IF,60.42,60.3,60.15,59.63,59.7,59.82,59.77,59.7,59.63,59.58,59.52,59.46,59.38,59.29,59.2,59.11,59.02,58.95,58.89,58.84,58.8,58.77,58.75,58.73,58.71,58.7,58.69,58.69,58.69,58.7,58.73,58.77,58.82,58.9,58.98,59.07,59.17,59.28,59.39,59.51,59.63,59.74,59.86,59.96,60.06,60.16,60.25,60.34,60.43,60.52,60.61,60.69,60.78,60.86,60.94,61.01,61.08,61.13,61.18,61.23,61.28,61.33,61.38,61.44,61.5,61.56,61.63,61.69,61.76,61.83,61.9,61.97,62.04,62.1,62.15,62.21,62.26,62.31,62.36,62.41,62.46,62.51,62.57,62.64
Value Added as % of GDP,World,Services,SSP1,60.42,60.25,60.07,59.91,59.73,59.56,59.4,59.26,59.15,59.09,59.05,59.04,59.03,59.03,59.04,59.04,59.05,59.04,59.03,59.03,59.03,59.02,59.02,59.01,59.01,59,59,59.01,59.02,59.05,59.09,59.15,59.22,59.3,59.39,59.5,59.6,59.72,59.84,59.97,60.11,60.26,60.42,60.58,60.76,60.95,61.14,61.34,61.54,61.75,61.95,62.15,62.34,62.52,62.68,62.83,62.96,63.07,63.16,63.24,63.29,63.33,63.37,63.41,63.46,63.51,63.58,63.67,63.77,63.88,64.01,64.13,64.27,64.4,64.53,64.65,64.77,64.87,64.96,65.02,65.07,65.09,65.09,65.08
Value Added as % of GDP,World,Services,SSP2,60.42,60.25,60.07,59.91,59.73,59.57,59.41,59.27,59.17,59.11,59.07,59.06,59.05,59.05,59.03,59.03,59.01,58.98,58.95,58.91,58.88,58.84,58.81,58.78,58.75,58.72,58.7,58.68,58.67,58.67,58.69,58.72,58.77,58.82,58.89,58.97,59.05,59.14,59.24,59.34,59.46,59.59,59.73,59.88,60.05,60.23,60.42,60.61,60.81,61.01,61.21,61.41,61.59,61.76,61.91,62.04,62.14,62.22,62.27,62.29,62.29,62.26,62.21,62.17,62.12,62.09,62.08,62.11,62.16,62.24,62.35,62.49,62.64,62.8,62.97,63.14,63.31,63.48,63.62,63.73,63.81,63.85,63.87,63.85
Value Added as % of GDP,World,Services,SSP3,60.42,60.23,60.04,59.86,59.67,59.49,59.33,59.18,59.06,58.99,58.94,58.91,58.89,58.87,58.84,58.82,58.78,58.74,58.69,58.63,58.56,58.49,58.43,58.37,58.31,58.26,58.22,58.17,58.14,58.11,58.1,58.1,58.11,58.13,58.17,58.21,58.26,58.32,58.39,58.46,58.53,58.61,58.7,58.8,58.92,59.05,59.19,59.34,59.51,59.68,59.85,60.01,60.16,60.3,60.42,60.51,60.58,60.64,60.65,60.64,60.58,60.48,60.36,60.2,60.04,59.87,59.71,59.59,59.52,59.48,59.48,59.54,59.64,59.77,59.94,60.13,60.34,60.56,60.77,60.98,61.16,61.31,61.41,61.48
Value Added as % of GDP,World,Services,SSP4,60.42,60.24,60.07,59.92,59.75,59.61,59.48,59.35,59.27,59.24,59.22,59.23,59.24,59.25,59.26,59.27,59.27,59.26,59.24,59.22,59.19,59.17,59.15,59.13,59.11,59.09,59.08,59.08,59.07,59.07,59.09,59.12,59.16,59.2,59.26,59.32,59.38,59.44,59.51,59.58,59.66,59.75,59.86,59.99,60.13,60.29,60.46,60.65,60.84,61.04,61.24,61.44,61.63,61.81,61.97,62.1,62.21,62.29,62.34,62.36,62.34,62.29,62.22,62.14,62.07,62.01,61.97,61.95,61.97,62.01,62.07,62.17,62.28,62.41,62.55,62.7,62.85,63,63.13,63.25,63.33,63.39,63.33,63.21
Value Added as % of GDP,World,Services,SSP5,60.42,60.26,60.09,59.94,59.76,59.6,59.45,59.31,59.21,59.16,59.14,59.15,59.17,59.21,59.26,59.32,59.37,59.43,59.49,59.55,59.62,59.69,59.75,59.82,59.89,59.96,60.02,60.08,60.15,60.23,60.33,60.43,60.55,60.68,60.82,60.97,61.12,61.29,61.46,61.63,61.82,62.01,62.21,62.42,62.63,62.85,63.07,63.29,63.51,63.73,63.95,64.17,64.39,64.61,64.82,65.03,65.23,65.42,65.6,65.77,65.93,66.08,66.22,66.36,66.5,66.63,66.77,66.91,66.98,66.98,66.93,66.86,66.81,66.77,66.73,66.72,66.72,66.74,66.76,66.8,66.84,66.89,66.97,67.05
Value Added as % of GDP,World,ICTech,IF,5.482,5.49,5.501,5.496,5.512,5.537,5.551,5.572,5.617,5.675,5.739,5.806,5.873,5.94,6.004,6.066,6.123,6.176,6.223,6.264,6.298,6.328,6.355,6.384,6.417,6.457,6.503,6.555,6.609,6.664,6.717,6.765,6.806,6.839,6.865,6.883,6.899,6.913,6.931,6.954,6.984,7.021,7.064,7.11,7.156,7.198,7.232,7.258,7.275,7.283,7.287,7.289,7.294,7.305,7.323,7.35,7.384,7.426,7.471,7.517,7.564,7.611,7.656,7.698,7.735,7.767,7.794,7.817,7.837,7.855,7.873,7.893,7.917,7.946,7.978,8.015,8.054,8.093,8.13,8.163,8.191,8.213,8.229,8.239
Value Added as % of GDP,World,ICTech,SSP1,5.482,5.501,5.534,5.583,5.62,5.667,5.721,5.78,5.847,5.921,6.001,6.081,6.16,6.236,6.309,6.378,6.446,6.512,6.577,6.642,6.707,6.77,6.831,6.89,6.947,7.002,7.053,7.103,7.151,7.199,7.248,7.3,7.354,7.412,7.474,7.542,7.614,7.688,7.764,7.838,7.909,7.975,8.033,8.082,8.119,8.145,8.158,8.159,8.151,8.136,8.119,8.104,8.095,8.095,8.108,8.137,8.182,8.242,8.317,8.404,8.504,8.613,8.724,8.829,8.921,8.998,9.053,9.082,9.089,9.077,9.049,9.009,8.959,8.907,8.855,8.808,8.767,8.738,8.728,8.741,8.78,8.844,8.934,9.045
Value Added as % of GDP,World,ICTech,SSP2,5.482,5.501,5.533,5.58,5.615,5.659,5.708,5.762,5.823,5.891,5.964,6.039,6.113,6.184,6.253,6.318,6.383,6.445,6.506,6.565,6.62,6.672,6.722,6.767,6.809,6.847,6.882,6.914,6.944,6.974,7.007,7.042,7.083,7.129,7.183,7.246,7.315,7.391,7.472,7.554,7.634,7.709,7.776,7.83,7.868,7.89,7.896,7.886,7.862,7.828,7.788,7.747,7.711,7.685,7.674,7.682,7.711,7.764,7.841,7.944,8.072,8.224,8.39,8.557,8.712,8.841,8.942,9.008,9.038,9.032,8.993,8.927,8.841,8.741,8.633,8.523,8.415,8.319,8.247,8.201,8.188,8.21,8.271,8.375
Value Added as % of GDP,World,ICTech,SSP3,5.482,5.501,5.531,5.576,5.609,5.65,5.696,5.746,5.803,5.866,5.935,6.005,6.076,6.145,6.213,6.279,6.345,6.409,6.472,6.531,6.585,6.633,6.676,6.711,6.74,6.76,6.773,6.779,6.781,6.78,6.78,6.783,6.792,6.81,6.84,6.88,6.934,7,7.078,7.163,7.252,7.34,7.421,7.488,7.535,7.559,7.561,7.543,7.504,7.449,7.38,7.305,7.227,7.153,7.089,7.04,7.012,7.007,7.029,7.081,7.169,7.293,7.453,7.642,7.851,8.063,8.261,8.425,8.55,8.639,8.682,8.677,8.628,8.541,8.427,8.295,8.152,8.005,7.86,7.725,7.603,7.503,7.432,7.394
Value Added as % of GDP,World,ICTech,SSP4,5.482,5.501,5.532,5.579,5.613,5.657,5.706,5.761,5.824,5.895,5.972,6.053,6.134,6.213,6.29,6.365,6.439,6.511,6.579,6.643,6.703,6.757,6.805,6.847,6.883,6.912,6.937,6.957,6.976,6.995,7.017,7.044,7.08,7.127,7.186,7.257,7.341,7.434,7.535,7.638,7.738,7.83,7.906,7.962,7.995,8.003,7.987,7.95,7.897,7.832,7.761,7.691,7.629,7.584,7.559,7.562,7.594,7.658,7.756,7.886,8.048,8.236,8.439,8.642,8.826,8.98,9.096,9.174,9.216,9.217,9.18,9.109,9.013,8.899,8.774,8.643,8.512,8.389,8.279,8.189,8.126,8.101,8.092,8.133
Value Added as % of GDP,World,ICTech,SSP5,5.482,5.501,5.536,5.587,5.626,5.678,5.738,5.805,5.882,5.966,6.056,6.148,6.239,6.326,6.407,6.482,6.553,6.621,6.684,6.745,6.803,6.86,6.916,6.972,7.029,7.087,7.145,7.203,7.262,7.321,7.383,7.445,7.507,7.57,7.633,7.696,7.759,7.82,7.877,7.932,7.983,8.03,8.073,8.112,8.145,8.172,8.192,8.206,8.215,8.219,8.22,8.219,8.22,8.223,8.229,8.239,8.251,8.267,8.286,8.31,8.34,8.377,8.419,8.464,8.508,8.549,8.585,8.615,8.654,8.705,8.759,8.807,8.844,8.864,8.865,8.851,8.826,8.796,8.763,8.731,8.701,8.676,8.655,8.642