Entity,Code,Scenario,EntityScenario,Year,pcgdpthousand2005usd,pcgdpgrowth,fertility,EmploymentServices,EmploymentIndustry
World,OWID_WRL,Observations,World Observations,1990,7.552300025445248,NA,NA,NA,NA
World,OWID_WRL,Observations,World Observations,1991,7.5299374694356676,-0.29654184141638673,NA,NA,NA
World,OWID_WRL,Observations,World Observations,1992,7.531530651974029,0.021155740349598773,NA,NA,NA
World,OWID_WRL,Observations,World Observations,1993,7.538029331558042,0.08624910075640813,NA,NA,NA
World,OWID_WRL,Observations,World Observations,1994,7.6334431481219,1.2578222008874373,NA,NA,NA
World,OWID_WRL,Observations,World Observations,1995,7.757223703395298,1.608549199364262,NA,NA,NA
World,OWID_WRL,Observations,World Observations,1996,7.935898461404698,2.277207521976221,NA,NA,NA
World,OWID_WRL,Observations,World Observations,1997,8.128185450666601,2.394113162994538,NA,NA,NA
World,OWID_WRL,Observations,World Observations,1998,8.21574532609659,1.071476798649229,NA,NA,NA
World,OWID_WRL,Observations,World Observations,1999,8.390061965087211,2.0995431205016235,NA,NA,NA
World,OWID_WRL,Observations,World Observations,2000,8.671707568793083,3.3017816777648257,NA,NA,NA
World,OWID_WRL,Observations,World Observations,2001,8.759039969251996,1.0020583573502329,NA,NA,NA
World,OWID_WRL,Observations,World Observations,2002,8.883140671920827,1.406886735321633,NA,NA,NA
World,OWID_WRL,Observations,World Observations,2003,9.100003471577965,2.4119621270143554,NA,NA,NA
World,OWID_WRL,Observations,World Observations,2004,9.44345638416063,3.7047260518723313,NA,NA,NA
World,OWID_WRL,Observations,World Observations,2005,9.752652514909888,3.2217245287831986,NA,NA,NA
World,OWID_WRL,Observations,World Observations,2006,10.128439619505011,3.78079699876519,NA,NA,NA
World,OWID_WRL,Observations,World Observations,2007,10.52296172110244,3.8212429301911044,NA,NA,NA
World,OWID_WRL,Observations,World Observations,2008,10.672044055703136,1.4067917211903147,NA,NA,NA
World,OWID_WRL,Observations,World Observations,2009,10.473291525421189,-1.87992650153741,NA,NA,NA
World,OWID_WRL,Observations,World Observations,2010,10.871431519969713,3.7310034724117536,NA,NA,NA
World,OWID_WRL,Observations,World Observations,2011,11.160891985909993,2.627749378045463,NA,NA,NA
World,OWID_WRL,Observations,World Observations,2012,11.37967271407612,1.9412787725315184,NA,NA,NA
World,OWID_WRL,Observations,World Observations,2013,11.617318324370098,2.0668275217098575,NA,NA,NA
World,OWID_WRL,Observations,World Observations,2014,11.878459652126015,2.222970286165493,NA,NA,NA
World,OWID_WRL,Observations,World Observations,2015,12.138921974157011,2.169033557950728,NA,NA,NA
World,OWID_WRL,Observations,World Observations,2016,12.389121607615525,2.04018156631256,NA,NA,NA
World,OWID_WRL,Observations,World Observations,2017,12.712517976611688,2.5768377604356907,NA,NA,NA
World,OWID_WRL,Observations,World Observations,2018,13.020854023675518,2.3965052382434404,NA,NA,NA
World,OWID_WRL,Observations,World Observations,2019,13.23877537789097,1.6597824268493433,NA,NA,NA
World,OWID_WRL,Observations,World Observations,2020,12.674289912936752,-4.357452685408969,NA,NA,NA
World,WBGroups,IF,World IF,2017,13.24988530993077,NA,2.441,35.629601896917514,21.471359041557474
World,WBGroups,IF,World IF,2018,13.472428603250021,1.6656374827676235,2.427,35.638400915098195,21.49712033110811
World,WBGroups,IF,World IF,2019,13.57514089247429,0.7594973217444956,2.414,35.655487943533345,21.53367109025144
World,WBGroups,IF,World IF,2020,12.907511012516538,-5.043085362689181,2.41,35.66449049445585,21.639848485755145
World,WBGroups,IF,World IF,2021,13.446750530943953,4.092808968771955,2.405,35.58035846103877,21.870847727876694
World,WBGroups,IF,World IF,2022,13.883277760147097,3.194759641973688,2.398,35.626822157434404,22.040816326530614
World,WBGroups,IF,World IF,2023,14.16573655551384,2.0141053135805276,2.389,35.755309317971786,22.12712423098736
World,WBGroups,IF,World IF,2024,14.328364346785598,1.1414963238257414,2.38,35.90669376963425,22.21637834226499
World,WBGroups,IF,World IF,2025,14.525229567798782,1.3646014184805377,2.371,36.075036075036074,22.319358117023484
World,WBGroups,IF,World IF,2026,14.704976073941255,1.2298837309974608,2.36,36.237011140245,22.44835670981257
World,WBGroups,IF,World IF,2027,14.884722580083727,1.2149411810082444,2.348,36.390860327106395,22.583723659818126
World,WBGroups,IF,World IF,2028,15.064469086226199,1.2003573677914492,2.336,36.5508770312445,22.722552270736795
World,WBGroups,IF,World IF,2029,15.244215592368668,1.1861195257464097,2.323,36.70605395173248,22.86098084796615
World,WBGroups,IF,World IF,2030,15.432521455946498,1.2276939913655749,2.311,36.85787296372857,23.020381952644666
World,WBGroups,IF,World IF,2031,15.620827319524325,1.2128042813274398,2.299,37.00814494375235,23.173297402075505
World,WBGroups,IF,World IF,2032,15.817692540537509,1.2523986185037472,2.291,37.160317253933165,23.312963203744637
World,WBGroups,IF,World IF,2033,16.01455776155069,1.236907407246024,2.284,37.29544851191934,23.45025426371774
World,WBGroups,IF,World IF,2034,16.21998233999923,1.2745791242437132,2.276,37.46141423227099,23.569515710284765
World,WBGroups,IF,World IF,2035,16.42540691844777,1.2585378491173138,2.268,37.605797982869596,23.673407328569258
World,WBGroups,IF,World IF,2036,16.622272139460954,1.1914152843570225,2.26,37.754724996292396,23.761597261148577
World,WBGroups,IF,World IF,2037,16.83625607534485,1.2791169537789138,2.252,37.892678156704555,23.840456608019075
World,WBGroups,IF,World IF,2038,17.041680653793385,1.2127485675136995,2.243,38.03843441030527,23.898382685953994
World,WBGroups,IF,World IF,2039,17.247105232241925,1.1982170316587215,2.234,38.178628812335084,23.96212601404305
World,WBGroups,IF,World IF,2040,17.46108916812582,1.2330612457478463,2.225,38.29427073805499,24.021239905069233
World,WBGroups,IF,World IF,2041,17.68363246144507,1.2664562841322002,2.215,38.43015132326126,24.08410560905857
World,WBGroups,IF,World IF,2042,17.906175754764323,1.2506175505229589,2.205,38.53949035551057,24.14716651800633
World,WBGroups,IF,World IF,2043,18.13727840551893,1.28237330834855,2.195,38.65428647147724,24.219453205392977
World,WBGroups,IF,World IF,2044,18.368381056273535,1.266136492234482,2.186,38.767042086544166,24.291641967990515
World,WBGroups,IF,World IF,2045,18.616602421898854,1.3423020332140823,2.175,38.87816135261149,24.363019827626808
World,WBGroups,IF,World IF,2046,18.86482378752417,1.324522675002049,2.165,38.98776808475805,24.43342610566691
World,WBGroups,IF,World IF,2047,19.11304515314949,1.3072081567352622,2.154,39.11697439616222,24.50865547312248
World,WBGroups,IF,World IF,2048,19.36982587621016,1.33453937933794,2.143,39.22809822272226,24.570235160666552
World,WBGroups,IF,World IF,2049,19.626606599270836,1.316963722436748,2.132,39.37333455848571,24.630157125792522
World,WBGroups,IF,World IF,2050,19.891946679766864,1.342883511389692,2.121,39.52000328952629,24.683554424527074
World,WBGroups,IF,World IF,2051,20.157286760262895,1.3250888478716583,2.11,39.66765551653197,24.733749332242187
World,WBGroups,IF,World IF,2052,20.431186198194283,1.349661988831219,2.098,39.834329003056006,24.76491864613046
World,WBGroups,IF,World IF,2053,20.705085636125666,1.3316884271196816,2.087,40.02126059088227,24.79966847892184
World,WBGroups,IF,World IF,2054,20.978985074057054,1.314187291808544,2.076,40.199111222775315,24.828559314999968
World,WBGroups,IF,World IF,2055,21.261443869423793,1.3374059525256943,2.066,40.38819153881916,24.856059793298286
World,WBGroups,IF,World IF,2056,21.578140094531957,1.4785484134550053,2.055,40.58705399881556,24.881667475587655
World,WBGroups,IF,World IF,2057,21.89483631964012,1.4570054950868272,2.044,40.78373972921726,24.90824212989145
World,WBGroups,IF,World IF,2058,22.237210617054355,1.5516215091757157,2.033,40.99854428660103,24.939087561492297
World,WBGroups,IF,World IF,2059,22.588144271903943,1.565813927277926,2.022,41.221602407306385,24.96964471114083
World,WBGroups,IF,World IF,2060,22.956196641624242,1.616272733829982,2.011,41.44142565513375,25.00240938521251
World,WBGroups,IF,World IF,2061,23.32424901134454,1.5905643255720303,2.001,41.679116603381,25.038658416629765
World,WBGroups,IF,World IF,2062,23.70942009593555,1.6378892084039531,1.991,41.91127584963216,25.085495526422136
World,WBGroups,IF,World IF,2063,24.09459118052656,1.6114941392406656,1.981,42.154556608938584,25.125890212049534
World,WBGroups,IF,World IF,2064,24.496880979988283,1.655841954260584,1.972,42.39234264052975,25.177299612086344
World,WBGroups,IF,World IF,2065,24.907730136885363,1.6632400049141793,1.962,42.63774030716357,25.228224680485447
World,WBGroups,IF,World IF,2066,25.327138651217794,1.6698292234671452,1.953,42.879406752810816,25.287503960404518
World,WBGroups,IF,World IF,2067,25.755106522985585,1.6756424229835698,1.945,43.127087267799794,25.354502096603827
World,WBGroups,IF,World IF,2068,26.191633752188732,1.6807118316381153,1.938,43.37411932881795,25.41948878526939
World,WBGroups,IF,World IF,2069,26.63672033882723,1.685069035185549,1.931,43.629036534280715,25.489156370963467
World,WBGroups,IF,World IF,2070,27.098925640336446,1.720335514267557,1.925,43.88322069832296,25.563562962053922
World,WBGroups,IF,World IF,2071,27.569690299281014,1.722290889024114,1.92,44.136271529888546,25.637453562985474
World,WBGroups,IF,World IF,2072,28.04045495822558,1.6931295641761324,1.916,44.389040034365706,25.709424458613743
World,WBGroups,IF,World IF,2073,28.519778974605508,1.6949558313773316,1.911,44.6503649389526,25.79294339241868
World,WBGroups,IF,World IF,2074,29.007662348420787,1.696216832031805,1.907,44.90185587343552,25.86997345754781
World,WBGroups,IF,World IF,2075,29.504105079671422,1.696939490981375,1.903,45.16039799827322,25.962094604223076
World,WBGroups,IF,World IF,2076,30.009107168357417,1.6971498964314602,1.899,45.42038977810988,26.050581987989762
World,WBGroups,IF,World IF,2077,30.514109257043405,1.6688267367216625,1.896,45.68300801177514,26.133607640456958
World,WBGroups,IF,World IF,2078,31.027670703164755,1.669023444037876,1.892,45.946318653077086,26.222623390625195
World,WBGroups,IF,World IF,2079,31.55835086415681,1.6958830945369208,1.89,46.19873392077293,26.31594336686849
World,WBGroups,IF,World IF,2080,32.08903102514888,1.6676018501767587,1.887,46.46269834312264,26.40275186080393
World,WBGroups,IF,World IF,2081,32.628270543576285,1.666484803818058,1.885,46.72565632956301,26.49943653741809
World,WBGroups,IF,World IF,2082,33.18462877687442,1.69076728968367,1.882,46.991069192888745,26.592104164927804
World,WBGroups,IF,World IF,2083,33.7495463676079,1.6880196206698006,1.882,47.25562686205947,26.685972276698905
World,WBGroups,IF,World IF,2084,34.32302331577674,1.68493864229875,1.882,47.5346237276823,26.76873018521609
World,WBGroups,IF,World IF,2085,34.91361897881629,1.7060619016943779,1.882,47.803380441493005,26.855822334940687
World,WBGroups,IF,World IF,2086,35.51277399929119,1.7015481015309586,1.883,48.09497192721933,26.939858342996814
World,WBGroups,IF,World IF,2087,36.10336966233074,1.6493740705851856,1.883,48.377709120418565,27.026637989122836
World,WBGroups,IF,World IF,2088,36.702524682805645,1.6459341711918096,1.883,48.66098816027243,27.112850924600508
World,WBGroups,IF,World IF,2089,37.31879841815127,1.6651633592442039,1.883,48.93456671823168,27.203569050139148
World,WBGroups,IF,World IF,2090,37.93507215349688,1.6378892084039531,1.884,49.228365731042274,27.295739877064847
World,WBGroups,IF,World IF,2091,38.56846460371321,1.655889256507015,1.885,49.502260930617425,27.386932573281737
World,WBGroups,IF,World IF,2092,39.21897576880025,1.672574202125121,1.885,49.78401140787763,27.488050582730118
World,WBGroups,IF,World IF,2093,39.87804629132265,1.6665248803355848,1.886,50.044667795042805,27.59005215775786
World,WBGroups,IF,World IF,2094,40.55423552871576,1.6814272901934046,1.887,50.315966682161395,27.698280085932886
World,WBGroups,IF,World IF,2095,41.23898412354422,1.674379845608609,1.887,50.57671710364979,27.813421589320413
World,WBGroups,IF,World IF,2096,41.940851433243395,1.6876300923901244,1.888,50.850230965776774,27.920217162372506
World,WBGroups,IF,World IF,2097,42.6170406706365,1.5993862543464576,1.889,51.0293008985777,27.98148665363285
World,WBGroups,IF,World IF,2098,43.31034862290032,1.6137415639328356,1.889,51.199132032784256,28.04997539918502
World,WBGroups,IF,World IF,2099,44.02077529003485,1.6270083493405085,1.89,51.3737206574994,28.112584245532695
World,WBGroups,IF,World IF,2100,44.73120195716938,1.600960030564158,1.89,51.5528041984435,28.169759483502055
World,WBGroups,SSP1,World SSP1,2017,13.24988530993077,NA,2.441,35.629601896917514,21.471359041557474
World,WBGroups,SSP1,World SSP1,2018,13.746328041181405,3.678284035703472,2.393,35.64135996851013,21.490602243652823
World,WBGroups,SSP1,World SSP1,2019,14.259889487302754,3.667892822008101,2.346,35.706376485364025,21.51877997651934
World,WBGroups,SSP1,World SSP1,2020,14.790569648294813,3.6539126637213037,2.302,35.81202876939568,21.57884335531162
World,WBGroups,SSP1,World SSP1,2021,15.355487239028296,3.7483093254740307,2.261,35.94272810035588,21.670863926033647
World,WBGroups,SSP1,World SSP1,2022,15.928964187197133,3.6666214023509447,2.219,36.08865497553732,21.783602272097372
World,WBGroups,SSP1,World SSP1,2023,16.528119207672038,3.6924025786263748,2.174,36.28053876167807,21.90606827311552
World,WBGroups,SSP1,World SSP1,2024,17.1358335855823,3.610867744665125,2.128,36.500815080555,22.019692801401998
World,WBGroups,SSP1,World SSP1,2025,17.786344750669343,3.725921178400693,2.085,36.704054589552555,22.151430924149636
World,WBGroups,SSP1,World SSP1,2026,18.471093345497803,3.777597415890721,2.043,36.94646232765489,22.276412834384914
World,WBGroups,SSP1,World SSP1,2027,19.172960655196977,3.72939990310055,2.008,37.22662979666633,22.391941271356615
World,WBGroups,SSP1,World SSP1,2028,19.900506037202224,3.7244173172371386,1.984,37.52803078166224,22.503531810700373
World,WBGroups,SSP1,World SSP1,2029,20.65372949151353,3.7150747603575063,1.967,37.83247533247534,22.61904761904762
World,WBGroups,SSP1,World SSP1,2030,21.43263101813091,3.701866659495723,1.951,38.15001605059785,22.74489100184914
World,WBGroups,SSP1,World SSP1,2031,22.228651259618996,3.64674794427593,1.938,38.46103359105288,22.8679066958953
World,WBGroups,SSP1,World SSP1,2032,23.0417902159778,3.592747910187022,1.923,38.77651266084325,22.992756692976823
World,WBGroups,SSP1,World SSP1,2033,23.872047887207312,3.539869686287034,1.906,39.08482798041124,23.1177230899157
World,WBGroups,SSP1,World SSP1,2034,24.71086491587218,3.4534792035446404,1.886,39.37007874015748,23.251325101872
World,WBGroups,SSP1,World SSP1,2035,25.566800659407757,3.4051638553174612,1.869,39.67429581925141,23.387566693859352
World,WBGroups,SSP1,World SSP1,2036,26.431295760378692,3.3254092928556744,1.852,39.96488924770937,23.51590421505084
World,WBGroups,SSP1,World SSP1,2037,27.29579086134963,3.2183755865391017,1.836,40.267282832698434,23.637044901017926
World,WBGroups,SSP1,World SSP1,2038,28.177404677191277,3.1787894786902804,1.821,40.58834481474586,23.763420840315273
World,WBGroups,SSP1,World SSP1,2039,29.06757785046828,3.110298563427749,1.805,40.91079571250913,23.87828421405871
World,WBGroups,SSP1,World SSP1,2040,29.966310381180634,3.045037352342783,1.791,41.22460905370002,24.0082400111962
World,WBGroups,SSP1,World SSP1,2041,30.87360226932835,2.982775994887321,1.777,41.54092391901963,24.126724253790613
World,WBGroups,SSP1,World SSP1,2042,31.789453514911422,2.923306100911205,1.762,41.84303994550673,24.244635819588385
World,WBGroups,SSP1,World SSP1,2043,32.713864117929845,2.866438288756701,1.747,42.14360797725214,24.359489820138833
World,WBGroups,SSP1,World SSP1,2044,33.63827472094827,2.786558006308848,1.732,42.444043356143894,24.474215062688813
World,WBGroups,SSP1,World SSP1,2045,34.5626853239667,2.711009400947617,1.718,42.735145450918274,24.576554316658292
World,WBGroups,SSP1,World SSP1,2046,35.48709592698513,2.639449412294237,1.704,43.03383763112621,24.69078414552913
World,WBGroups,SSP1,World SSP1,2047,36.4200658874389,2.5950748011749347,1.692,43.3388601927552,24.790114726133762
World,WBGroups,SSP1,World SSP1,2048,37.353035847892684,2.5294305945486872,1.683,43.66333471568782,24.8761839389476
World,WBGroups,SSP1,World SSP1,2049,38.294565165781826,2.4893795097113536,1.676,44.0063369125154,24.951355157304814
World,WBGroups,SSP1,World SSP1,2050,39.23609448367097,2.4289116344500705,1.67,44.354695016927,25.02227237631407
World,WBGroups,SSP1,World SSP1,2051,40.186183158995455,2.3926133247787806,1.665,44.70199461581924,25.077272964670467
World,WBGroups,SSP1,World SSP1,2052,41.1448311917553,2.357507625159716,1.659,45.04493808398732,25.13089626841749
World,WBGroups,SSP1,World SSP1,2053,42.10347922451515,2.303206890137899,1.652,45.38692951481135,25.170973276366006
World,WBGroups,SSP1,World SSP1,2054,43.07924597214571,2.291096998102038,1.645,45.73870870249135,25.204598620223557
World,WBGroups,SSP1,World SSP1,2055,44.072131434646984,2.278629326978132,1.639,46.07503648799474,25.235383338579975
World,WBGroups,SSP1,World SSP1,2056,45.08213561201897,2.2658419437248334,1.633,46.40043985991419,25.271625449720908
World,WBGroups,SSP1,World SSP1,2057,46.10069914682631,2.2342053888154467,1.628,46.75013478703649,25.31001018390942
World,WBGroups,SSP1,World SSP1,2058,47.13638139650436,2.2217015890937386,1.622,47.09964699295188,25.361477775454837
World,WBGroups,SSP1,World SSP1,2059,48.18918236105312,2.208943187125456,1.617,47.4389244928444,25.4083746928155
World,WBGroups,SSP1,World SSP1,2060,49.25910204047259,2.195960002224684,1.612,47.782361855318776,25.46241580080773
World,WBGroups,SSP1,World SSP1,2061,50.33758107732743,2.1657773303973116,1.608,48.13148017031511,25.511381822061423
World,WBGroups,SSP1,World SSP1,2062,51.42461947161761,2.136509898401462,1.603,48.46569913779254,25.560970385047938
World,WBGroups,SSP1,World SSP1,2063,52.528776580778505,2.1244108945126516,1.599,48.78823802598291,25.595492709873746
World,WBGroups,SSP1,World SSP1,2064,53.641493047374766,2.096174783557858,1.595,49.12001493248454,25.632297392218412
World,WBGroups,SSP1,World SSP1,2065,54.76276887140637,2.068767028478735,1.591,49.450956199876615,25.650832819247377
World,WBGroups,SSP1,World SSP1,2066,55.9011634103087,2.057462939319432,1.587,49.793210558046184,25.677368774918307
World,WBGroups,SSP1,World SSP1,2067,57.039557949211016,2.015983394402099,1.584,50.13463232523377,25.701423184709565
World,WBGroups,SSP1,World SSP1,2068,58.186511845548694,1.9908546409382666,1.58,50.47993610897639,25.724173610797184
World,WBGroups,SSP1,World SSP1,2069,59.342025099321724,1.966416868642984,1.577,50.837774159950655,25.740446745472383
World,WBGroups,SSP1,World SSP1,2070,60.506097710530106,1.942640722846356,1.574,51.19536466832481,25.755265281599964
World,WBGroups,SSP1,World SSP1,2071,61.670170321738496,1.905620226266791,1.572,51.54096981171769,25.769715254741694
World,WBGroups,SSP1,World SSP1,2072,62.834242932946886,1.8699843677159045,1.569,51.86762244509923,25.789202739024375
World,WBGroups,SSP1,World SSP1,2073,64.015434259026,1.862402008088626,1.566,52.19124961508953,25.804919547188714
World,WBGroups,SSP1,World SSP1,2074,65.20518494254044,1.8414774846881699,1.563,52.49820879167194,25.825536308846463
World,WBGroups,SSP1,World SSP1,2075,66.41205434092561,1.833959185540035,1.561,52.805473679730156,25.848877916937123
World,WBGroups,SSP1,World SSP1,2076,67.63604245418148,1.8262432077386315,1.559,53.096536223935644,25.88530072802744
World,WBGroups,SSP1,World SSP1,2077,68.87714928230808,1.8183459174797356,1.556,53.38828013080672,25.92783883480894
World,WBGroups,SSP1,World SSP1,2078,70.12681546787003,1.7980779995681928,1.554,53.66598357837407,25.981652890288686
World,WBGroups,SSP1,World SSP1,2079,71.40215972573804,1.802286461507574,1.552,53.942509593802036,26.042786407712914
World,WBGroups,SSP1,World SSP1,2080,72.6860633410414,1.782154806625602,1.55,54.20214777068626,26.111835311246168
World,WBGroups,SSP1,World SSP1,2081,73.97852631378014,1.7625200929491491,1.548,54.46380045195801,26.170657055407766
World,WBGroups,SSP1,World SSP1,2082,75.29666735882492,1.7661009500035796,1.546,54.73658562055101,26.214386410707135
World,WBGroups,SSP1,World SSP1,2083,76.61480840386972,1.7354503618264516,1.544,55.001000553247096,26.250397278495168
World,WBGroups,SSP1,World SSP1,2084,77.95862752122058,1.738789031269139,1.542,55.26709443178799,26.274711198827177
World,WBGroups,SSP1,World SSP1,2085,79.31956535344214,1.7306554403060836,1.54,55.54797945361153,26.28452808460991
World,WBGroups,SSP1,World SSP1,2086,80.68906254309907,1.711820980945955,1.538,55.84959973428384,26.282218852930413
World,WBGroups,SSP1,World SSP1,2087,82.08423780506207,1.7142976481333783,1.537,56.161886090333546,26.26840324171776
World,WBGroups,SSP1,World SSP1,2088,83.48797242446042,1.6956568392513915,1.535,56.48392331879501,26.250760726239985
World,WBGroups,SSP1,World SSP1,2089,84.91738511616484,1.6976265379904376,1.534,56.81068362725753,26.22979841058835
World,WBGroups,SSP1,World SSP1,2090,86.36391652273997,1.6891111697751704,1.532,57.13631980649484,26.206547142366837
World,WBGroups,SSP1,World SSP1,2091,87.81900728675045,1.670800537710626,1.531,57.44130527895557,26.189582869873863
World,WBGroups,SSP1,World SSP1,2092,89.27409805076093,1.6433429270057864,1.529,57.750462711675844,26.168410193479225
World,WBGroups,SSP1,World SSP1,2093,90.81478238912497,1.711068361321022,1.528,58.03482774441394,26.160525360706146
World,WBGroups,SSP1,World SSP1,2094,92.26987315313546,1.5895612854959218,1.527,58.294841115254044,26.164505537314263
World,WBGroups,SSP1,World SSP1,2095,93.81055749149951,1.655971603901829,1.526,58.53120603974183,26.18918020966613
World,WBGroups,SSP1,World SSP1,2096,95.35124182986355,1.6289952979269273,1.525,58.7444848450008,26.22986160014947
World,WBGroups,SSP1,World SSP1,2097,96.8919261682276,1.602883827589885,1.523,58.84201831777614,26.253773564218204
World,WBGroups,SSP1,World SSP1,2098,98.43261050659163,1.5775962594166693,1.522,58.93222979479687,26.291954356337357
World,WBGroups,SSP1,World SSP1,2099,99.97329484495567,1.5530942030877348,1.521,59.001180780526205,26.352599230978836
World,WBGroups,SSP1,World SSP1,2100,101.59957275767329,1.6136231221495656,1.888,59.0678606106376,26.421404682274247
World,WBGroups,SSP2,World SSP2,2017,13.24988530993077,NA,2.441,35.629601896917514,21.471359041557474
World,WBGroups,SSP2,World SSP2,2018,13.712090611439983,3.4289073478632304,2.423,35.640044772998436,21.493499305034504
World,WBGroups,SSP2,World SSP2,2019,14.182855270384552,3.3755889798258387,2.405,35.670088083278735,21.501540850743726
World,WBGroups,SSP2,World SSP2,2020,14.662179286764475,3.323748089755707,2.387,35.74443626174267,21.535873164131026
World,WBGroups,SSP2,World SSP2,2021,15.141503303144402,3.2168195835665436,2.37,35.818884117634894,21.59447230686026
World,WBGroups,SSP2,World SSP2,2022,15.620827319524325,3.116557185680646,2.353,35.913189855617894,21.667819039533686
World,WBGroups,SSP2,World SSP2,2023,16.100151335904247,3.0223563284438537,2.335,36.033908166821725,21.7393057639851
World,WBGroups,SSP2,World SSP2,2024,16.562356637413462,2.8303776162851957,2.318,36.16003732649014,21.819211193395034
World,WBGroups,SSP2,World SSP2,2025,17.03312129635803,2.802731225465571,2.301,36.298762414485786,21.895851770688463
World,WBGroups,SSP2,World SSP2,2026,17.512445312737956,2.7752028793033734,2.284,36.4562219914593,21.97868713175884
World,WBGroups,SSP2,World SSP2,2027,17.99176932911788,2.700260492532447,2.268,36.64973171079631,22.037022812812044
World,WBGroups,SSP2,World SSP2,2028,18.46253398806245,2.5829094952260157,2.254,36.8435046366384,22.107730624603214
World,WBGroups,SSP2,World SSP2,2029,18.933298647007017,2.517871625306878,2.241,37.05114721727372,22.16844454937649
World,WBGroups,SSP2,World SSP2,2030,19.39550394851623,2.411907894572618,2.228,37.27351164797239,22.240658392513442
World,WBGroups,SSP2,World SSP2,2031,19.857709250025444,2.355102307240431,2.215,37.4745417515275,22.317850338348336
World,WBGroups,SSP2,World SSP2,2032,20.3113551940993,2.2587791775407595,2.203,37.680857707921305,22.400333090454875
World,WBGroups,SSP2,World SSP2,2033,20.765001138173158,2.2088833068232283,2.19,37.88093678602557,22.484618121992604
World,WBGroups,SSP2,World SSP2,2034,21.22720643968237,2.201474965503225,2.177,38.07220166760846,22.577147985548418
World,WBGroups,SSP2,World SSP2,2035,21.689411741191584,2.154052172205656,2.164,38.254596005591054,22.67903937331463
World,WBGroups,SSP2,World SSP2,2036,22.151617042700796,2.10862947397068,2.151,38.45185968090996,22.769137852936737
World,WBGroups,SSP2,World SSP2,2037,22.622381701645363,2.1029258983497723,2.139,38.62672739674346,22.871469939361535
World,WBGroups,SSP2,World SSP2,2038,23.101705718025286,2.096669841371579,2.127,38.826906425915034,22.966425269989653
World,WBGroups,SSP2,World SSP2,2039,23.581029734405213,2.0536108569010114,2.115,39.02458253058651,23.059487851627754
World,WBGroups,SSP2,World SSP2,2040,24.060353750785136,2.0122849319517133,2.104,39.21616626479481,23.158835265174233
World,WBGroups,SSP2,World SSP2,2041,24.54823712460042,2.007463081297889,2.092,39.40599117013902,23.255615961858894
World,WBGroups,SSP2,World SSP2,2042,25.0361204984157,1.9679557946445936,2.081,39.579207980638344,23.356084729002106
World,WBGroups,SSP2,World SSP2,2043,25.532563229666334,1.9635024848791538,2.069,39.76663831341398,23.44621772414688
World,WBGroups,SSP2,World SSP2,2044,26.03756531835233,1.9585688304490034,2.057,39.93751403306788,23.54068037090294
World,WBGroups,SSP2,World SSP2,2045,26.534008049602964,1.8886917653999191,2.046,40.117526062140605,23.636562291425687
World,WBGroups,SSP2,World SSP2,2046,27.039010138288955,1.8853410328847797,2.035,40.300101104591285,23.722727745178634
World,WBGroups,SSP2,World SSP2,2047,27.552571584410302,1.8815230496722624,2.024,40.49544044373414,23.803704051894336
World,WBGroups,SSP2,World SSP2,2048,28.06613303053165,1.8467745545840408,2.013,40.69728006511564,23.86801918853366
World,WBGroups,SSP2,World SSP2,2049,28.579694476653,1.813286309900608,2.003,40.923182272366255,23.92992982268174
World,WBGroups,SSP2,World SSP2,2050,29.110374637645055,1.8398145063541094,1.993,41.15398177532803,23.97880593136982
World,WBGroups,SSP2,World SSP2,2051,29.641054798637118,1.8065759395226255,1.982,41.388910084327016,24.02013489547566
World,WBGroups,SSP2,World SSP2,2052,30.18029431706453,1.8028818555393844,1.972,41.62621275261116,24.058106041912183
World,WBGroups,SSP2,World SSP2,2053,30.736652550362656,1.8266631268267108,1.962,41.871133534406795,24.07981282222943
World,WBGroups,SSP2,World SSP2,2054,31.30157014109614,1.821242392329836,1.952,42.11764003426364,24.10098129049
World,WBGroups,SSP2,World SSP2,2055,31.883606446700334,1.8423712664278558,1.942,42.35383684027077,24.1208196510796
World,WBGroups,SSP2,World SSP2,2056,32.474202109739885,1.8354019681299683,1.932,42.59909442570237,24.146128635523525
World,WBGroups,SSP2,World SSP2,2057,33.0904758450855,1.8799509273316861,1.923,42.84168704296292,24.17501732652319
World,WBGroups,SSP2,World SSP2,2058,33.715308937866475,1.8706503202629676,1.915,43.09488410970354,24.201420052937966
World,WBGroups,SSP2,World SSP2,2059,34.35726074551816,1.8861366385377831,1.908,43.34512156471101,24.231541841381027
World,WBGroups,SSP2,World SSP2,2060,35.0077719106052,1.8756719680563805,1.9,43.58370051576323,24.26364267741458
World,WBGroups,SSP2,World SSP2,2061,35.67540179056295,1.8891334396355486,1.893,43.84598415813664,24.292903909524448
World,WBGroups,SSP2,World SSP2,2062,36.360150385391414,1.9011979488571917,1.886,44.097600872410034,24.32297346419484
World,WBGroups,SSP2,World SSP2,2063,37.06201769509059,1.911925807476056,1.881,44.34308018744823,24.33990309879611
World,WBGroups,SSP2,World SSP2,2064,37.77244436222512,1.8987188273011935,1.875,44.60317460317461,24.353741496598637
World,WBGroups,SSP2,World SSP2,2065,38.49998974423036,1.9078123249713475,1.87,44.86216050180333,24.37586284284189
World,WBGroups,SSP2,World SSP2,2066,39.23609448367097,1.8939125875314655,1.866,45.124676466721965,24.391802765954555
World,WBGroups,SSP2,World SSP2,2067,39.98931793798227,1.901526611348725,1.861,45.39119596623421,24.400883802617415
World,WBGroups,SSP2,World SSP2,2068,40.751100749728934,1.8870484686456024,1.856,45.66013353435279,24.41366176587279
World,WBGroups,SSP2,World SSP2,2069,41.530002276346316,1.8933260869422153,1.851,45.9423281983801,24.427706059849804
World,WBGroups,SSP2,World SSP2,2070,42.3260225178344,1.8985973992871497,1.846,46.20662877798794,24.434564828921946
World,WBGroups,SSP2,World SSP2,2071,43.13060211675785,1.8830684623785565,1.841,46.48625302615279,24.439948626439204
World,WBGroups,SSP2,World SSP2,2072,43.94374107311665,1.8677432750487721,1.836,46.744293006798756,24.453207892567818
World,WBGroups,SSP2,World SSP2,2073,44.773998744346166,1.8717381939525435,1.831,47.003310767180736,24.475262796423188
World,WBGroups,SSP2,World SSP2,2074,45.62137513044638,1.874877378927886,1.827,47.241213728763185,24.496375734571153
World,WBGroups,SSP2,World SSP2,2075,46.48587023141732,1.877204087495521,1.822,47.478003310392886,24.53037812756475
World,WBGroups,SSP2,World SSP2,2076,47.36748404725897,1.8787602312026142,1.818,47.69011085536376,24.578802504535616
World,WBGroups,SSP2,World SSP2,2077,48.26621657797133,1.8795863460310702,1.814,47.897781151438664,24.646361637476556
World,WBGroups,SSP2,World SSP2,2078,49.17350846611904,1.862316647567397,1.809,48.07959535323217,24.730883960498765
World,WBGroups,SSP2,World SSP2,2079,50.10647842657282,1.8795276968975205,1.805,48.248857141528426,24.82479270430775
World,WBGroups,SSP2,World SSP2,2080,51.056567101897315,1.878386728018544,1.8,48.430899567764726,24.92510023608312
World,WBGroups,SSP2,World SSP2,2081,52.01521513465717,1.8602097603338752,1.796,48.580013933620606,25.030553099057723
World,WBGroups,SSP2,World SSP2,2082,52.99098188228772,1.8585471383876673,1.792,48.73645783990027,25.12779180011454
World,WBGroups,SSP2,World SSP2,2083,53.99242670222435,1.8722044563696638,1.788,48.89900283922056,25.218861517550362
World,WBGroups,SSP2,World SSP2,2084,55.00243087959634,1.8533591592875265,1.784,49.07070274386616,25.29925513433759
World,WBGroups,SSP2,World SSP2,2085,56.038113129274386,1.8654668765287319,1.78,49.26391107624906,25.36278326748869
World,WBGroups,SSP2,World SSP2,2086,57.09091409382315,1.8612930468577815,1.776,49.470083579922544,25.410267566326695
World,WBGroups,SSP2,World SSP2,2087,58.16083377324262,1.8567187675574637,1.773,49.688600381364836,25.442931820763352
World,WBGroups,SSP2,World SSP2,2088,59.247872167532805,1.8517697610045403,1.769,49.94155258687521,25.464359229223216
World,WBGroups,SSP2,World SSP2,2089,60.35202927669371,1.8464705523751235,1.765,50.19807956908835,25.46293920264725
World,WBGroups,SSP2,World SSP2,2090,61.48186445816067,1.8547672355761158,1.762,50.47476753101224,25.45265103112037
World,WBGroups,SSP2,World SSP2,2091,62.62881835449835,1.848328480922845,1.759,50.75012792591915,25.434639125308074
World,WBGroups,SSP2,World SSP2,2092,63.79289096570674,1.8416227997663626,1.756,51.028908921355296,25.411252719925397
World,WBGroups,SSP2,World SSP2,2093,64.9826416492212,1.8478425408070542,1.753,51.31194460011208,25.386278120246576
World,WBGroups,SSP2,World SSP2,2094,66.180951690171,1.8272500038457373,1.752,51.5867520990949,25.361598207429598
World,WBGroups,SSP2,World SSP2,2095,67.40493980342688,1.8325623365612387,1.75,51.84498198348867,25.354375402267394
World,WBGroups,SSP2,World SSP2,2096,68.64604663155347,1.8245237166726547,1.749,52.08479465786514,25.36468283624918
World,WBGroups,SSP2,World SSP2,2097,69.90427217455077,1.8163222497714848,1.749,52.21455997739852,25.366310950161164
World,WBGroups,SSP2,World SSP2,2098,71.17961643241878,1.8079725619627673,1.749,52.324739281575894,25.39262953153451
World,WBGroups,SSP2,World SSP2,2099,72.47207940515752,1.7994884664374489,1.75,52.40811648563465,25.448672866036308
World,WBGroups,SSP2,World SSP2,2100,73.7731017353316,1.7792814005122004,1.891,52.46485064970854,25.533506378980462
World,WBGroups,SSP3,World SSP3,2017,13.24988530993077,NA,2.441,35.629601896917514,21.471359041557474
World,WBGroups,SSP3,World SSP3,2018,13.67785318169856,3.1789072176547695,2.449,35.640044772998436,21.493499305034504
World,WBGroups,SSP3,World SSP3,2019,14.10582105346635,3.080958414319701,2.457,35.63672979169952,21.477877931310584
World,WBGroups,SSP3,World SSP3,2020,14.525229567798782,2.9299554764809166,2.464,35.672281858908946,21.47309765287159
World,WBGroups,SSP3,World SSP3,2021,14.927519367260507,2.731933923469887,2.469,35.692653163734136,21.49389117877351
World,WBGroups,SSP3,World SSP3,2022,15.32124980928687,2.6034294365875787,2.476,35.707096785486115,21.526069973073817
World,WBGroups,SSP3,World SSP3,2023,15.68930217900717,2.3738349004904347,2.486,35.753282185876735,21.55021160987724
World,WBGroups,SSP3,World SSP3,2024,16.031676476421403,2.158745460438327,2.497,35.77150630198892,21.570189842258188
World,WBGroups,SSP3,World SSP3,2025,16.36549141640028,2.060839116725832,2.507,35.81700154907126,21.59056725246488
World,WBGroups,SSP3,World SSP3,2026,16.690746998943798,1.9679557946445936,2.517,35.89197958713111,21.604360375476777
World,WBGroups,SSP3,World SSP3,2027,16.99888386661661,1.829319304732513,2.522,35.953241559640084,21.611496248118566
World,WBGroups,SSP3,World SSP3,2028,17.28134266198335,1.647977370771958,2.519,36.03305156772286,21.607068669166622
World,WBGroups,SSP3,World SSP3,2029,17.555242099914736,1.572513975954326,2.512,36.133379182875196,21.60802940101872
World,WBGroups,SSP3,World SSP3,2030,17.80346346554005,1.404041462298311,2.504,36.214254377218516,21.61554926281923
World,WBGroups,SSP3,World SSP3,2031,18.03456611629466,1.2897241108825508,2.495,36.30342184102313,21.62778330621765
World,WBGroups,SSP3,World SSP3,2032,18.248550052178555,1.179537148154619,2.487,36.39900189556407,21.648280303603137
World,WBGroups,SSP3,World SSP3,2033,18.44541527319174,1.0730217252112872,2.482,36.463905643506536,21.671085750908368
World,WBGroups,SSP3,World SSP3,2034,18.642280494204922,1.06163009550575,2.479,36.52057582055968,21.705011135572068
World,WBGroups,SSP3,World SSP3,2035,18.82202700034739,0.9595687061855429,2.474,36.58328863172399,21.748879493782873
World,WBGroups,SSP3,World SSP3,2036,19.00177350648986,0.9504484311563921,2.469,36.62042875157629,21.790668348045394
World,WBGroups,SSP3,World SSP3,2037,19.181520012632337,0.9414998934601737,2.464,36.66524010101086,21.83921854235023
World,WBGroups,SSP3,World SSP3,2038,19.35270716133945,0.8884998477042938,2.458,36.700437028208185,21.881207787048076
World,WBGroups,SSP3,World SSP3,2039,19.506775595175856,0.7929556967714468,2.453,36.743414648571786,21.92948517325592
World,WBGroups,SSP3,World SSP3,2040,19.66084402901226,0.7867173443413922,2.448,36.77127192392286,21.980315259221566
World,WBGroups,SSP3,World SSP3,2041,19.806353105413308,0.7373705064523506,2.442,36.80210131259209,22.02615473875606
World,WBGroups,SSP3,World SSP3,2042,19.951862181814356,0.7319731282135589,2.437,36.81714792397548,22.076795558811057
World,WBGroups,SSP3,World SSP3,2043,20.080252543344695,0.6414390177663432,2.432,36.82140423446148,22.12512104438892
World,WBGroups,SSP3,World SSP3,2044,20.200083547439675,0.5949868806235159,2.428,36.84862404912517,22.17418745580775
World,WBGroups,SSP3,World SSP3,2045,20.3113551940993,0.549335841610743,2.423,36.861344814916016,22.22609547677147
World,WBGroups,SSP3,World SSP3,2046,20.422626840758927,0.546334622209832,2.419,36.87707097374642,22.270523832128646
World,WBGroups,SSP3,World SSP3,2047,20.51677977254784,0.45996317765228945,2.413,36.90516834934725,22.311020686868126
World,WBGroups,SSP3,World SSP3,2048,20.61093270433675,0.45785719943269854,2.404,36.939618375210536,22.336817332318127
World,WBGroups,SSP3,World SSP3,2049,20.69652627869031,0.41442247460263815,2.394,36.98684479054164,22.357435548187226
World,WBGroups,SSP3,World SSP3,2050,20.773560495608514,0.37151745518633206,2.384,37.03897868150353,22.366300683568593
World,WBGroups,SSP3,World SSP3,2051,20.85915406996207,0.4111847898605081,2.374,37.12063526596324,22.35940389426738
World,WBGroups,SSP3,World SSP3,2052,20.936188286880274,0.3686262621911407,2.364,37.191563600954815,22.34852326952163
World,WBGroups,SSP3,World SSP3,2053,21.02178186123383,0.40799730199152506,2.355,37.2756898357582,22.331098735721643
World,WBGroups,SSP3,World SSP3,2054,21.098816078152034,0.3657797209757341,2.347,37.34916896424704,22.310156607543504
World,WBGroups,SSP3,World SSP3,2055,21.18440965250559,0.40485885260004295,2.339,37.44744023966362,22.2826715026091
World,WBGroups,SSP3,World SSP3,2056,21.27000322685915,0.40322635279381736,2.331,37.519882661876395,22.261280852692426
World,WBGroups,SSP3,World SSP3,2057,21.364156158648065,0.44167909585892673,2.322,37.615664315962775,22.237482721886202
World,WBGroups,SSP3,World SSP3,2058,21.458309090436977,0.4397368668975332,2.315,37.6916338151555,22.22952255803767
World,WBGroups,SSP3,World SSP3,2059,21.56102137966125,0.47751781943166094,2.307,37.77012500735145,22.216195847028818
World,WBGroups,SSP3,World SSP3,2060,21.663733668885513,0.47524841925139505,2.3,37.844324867642335,22.21009124229899
World,WBGroups,SSP3,World SSP3,2061,21.766445958109784,0.4730004876995597,2.293,37.928390509502556,22.20480038596068
World,WBGroups,SSP3,World SSP3,2062,21.87771760476941,0.5099050075305644,2.286,38.01198394716441,22.19857032109954
World,WBGroups,SSP3,World SSP3,2063,21.988989251429036,0.5073181612458288,2.28,38.09535977649586,22.19091971866076
World,WBGroups,SSP3,World SSP3,2064,22.10026089808866,0.5047574296704216,2.274,38.17028222297966,22.17750557311525
World,WBGroups,SSP3,World SSP3,2065,22.211532544748287,0.5022224193401481,2.268,38.26651427416758,22.161952813051872
World,WBGroups,SSP3,World SSP3,2066,22.331363548843267,0.5380489536739308,2.262,38.37272835750906,22.145020861115007
World,WBGroups,SSP3,World SSP3,2067,22.45119455293825,0.5351694730145073,2.257,38.459215948393435,22.123731647541174
World,WBGroups,SSP3,World SSP3,2068,22.57102555703323,0.5323206486413046,2.252,38.579495919436575,22.095510655437263
World,WBGroups,SSP3,World SSP3,2069,22.69085656112821,0.5295019935738665,2.247,38.68766815127332,22.06845121604529
World,WBGroups,SSP3,World SSP3,2070,22.81068756522319,0.5267130310919299,2.242,38.80171768829492,22.04810757074191
World,WBGroups,SSP3,World SSP3,2071,22.930518569318174,0.5239532944663949,2.238,38.90185390691299,22.033096155101507
World,WBGroups,SSP3,World SSP3,2072,23.05890893084851,0.5583487425700806,2.233,39.00277953176361,22.014744309472132
World,WBGroups,SSP3,World SSP3,2073,23.17873993494349,0.5183277061856284,2.229,39.09975590436624,22.00255411325391
World,WBGroups,SSP3,World SSP3,2074,23.30713029647383,0.5523858641593993,2.225,39.17717863948343,22.007835435727895
World,WBGroups,SSP3,World SSP3,2075,23.435520658004165,0.5493513174634312,2.221,39.251594909114225,22.01776039496041
World,WBGroups,SSP3,World SSP3,2076,23.563911019534505,0.5463499294213303,2.218,39.306058520136865,22.046309320723466
World,WBGroups,SSP3,World SSP3,2077,23.700860738500197,0.5795018028354804,2.214,39.33877463394465,22.097696922471407
World,WBGroups,SSP3,World SSP3,2078,23.829251100030532,0.5402498283348045,2.211,39.36329669589874,22.16442690564491
World,WBGroups,SSP3,World SSP3,2079,23.966200818996224,0.5730674708984917,2.207,39.35842803030303,22.24984217171717
World,WBGroups,SSP3,World SSP3,2080,24.103150537961916,0.5698021114637797,2.204,39.343604747186376,22.354874989185916
World,WBGroups,SSP3,World SSP3,2081,24.24010025692761,0.5665737535677451,2.201,39.31616899488126,22.464675195944185
World,WBGroups,SSP3,World SSP3,2082,24.377049975893303,0.5633817718256218,2.198,39.28222089025383,22.587472251562406
World,WBGroups,SSP3,World SSP3,2083,24.513999694858995,0.5602255548669888,2.195,39.25207104274741,22.701818471814565
World,WBGroups,SSP3,World SSP3,2084,24.650949413824687,0.5571045049455048,2.193,39.243349463480435,22.811723005904916
World,WBGroups,SSP3,World SSP3,2085,24.787899132790383,0.5540180375615655,2.19,39.24090478094035,22.908616198073872
World,WBGroups,SSP3,World SSP3,2086,24.933408209191427,0.5853003453827554,2.187,39.25900551550538,22.983068591640908
World,WBGroups,SSP3,World SSP3,2087,25.08747664302783,0.6160183751457549,2.185,39.303848094175784,23.041952877582613
World,WBGroups,SSP3,World SSP3,2088,25.232985719428882,0.5783312598334867,2.183,39.373389704814265,23.06898370782652
World,WBGroups,SSP3,World SSP3,2089,25.387054153265286,0.6087269388650451,2.181,39.46566049241558,23.088650049546455
World,WBGroups,SSP3,World SSP3,2090,25.54112258710169,0.6050438625774035,2.179,39.58192071080317,23.077361382556223
World,WBGroups,SSP3,World SSP3,2091,25.703750378373453,0.6347106659678747,2.177,39.723187321903616,23.05289167005898
World,WBGroups,SSP3,World SSP3,2092,25.86637816964521,0.6307074849354333,2.175,39.868915837322746,23.01825815123005
World,WBGroups,SSP3,World SSP3,2093,26.029005960916972,0.626754484467984,2.173,40.03003664244539,22.96993889161778
World,WBGroups,SSP3,World SSP3,2094,26.191633752188732,0.6228507269061989,2.171,40.19176462862021,22.918875306082242
World,WBGroups,SSP3,World SSP3,2095,26.362820900895848,0.6514681021193791,2.169,40.35985195774284,22.872828108569312
World,WBGroups,SSP3,World SSP3,2096,26.534008049602964,0.6472514505617255,2.167,40.505847320382415,22.83178972035853
World,WBGroups,SSP3,World SSP3,2097,26.70519519831008,0.6430890330290318,2.166,40.59602858466467,22.770799883160837
World,WBGroups,SSP3,World SSP3,2098,26.88494170445255,0.6708218735118621,2.164,40.67182733770235,22.73837179097056
World,WBGroups,SSP3,World SSP3,2099,27.064688210595023,0.6663518230770826,2.162,40.72110207842282,22.720561843901827
World,WBGroups,SSP3,World SSP3,2100,27.24443471673749,0.6619409512675478,1.915,40.73353586286069,22.74101444407122
World,WBGroups,SSP4,World SSP4,2017,13.24988530993077,NA,2.441,35.629601896917514,21.471359041557474
World,WBGroups,SSP4,World SSP4,2018,13.703531254004629,3.3664658847042617,2.425,35.641250365176745,21.49084367360118
World,WBGroups,SSP4,World SSP4,2019,14.174295912949194,3.377662194849007,2.409,35.69500633836561,21.51344400706015
World,WBGroups,SSP4,World SSP4,2020,14.645060571893763,3.2672938946988417,2.393,35.78079993292971,21.58166106749546
World,WBGroups,SSP4,World SSP4,2021,15.115825230838333,3.1639107271712152,2.377,35.910940866650705,21.675725681790638
World,WBGroups,SSP4,World SSP4,2022,15.586589889782902,3.0668698563702357,2.361,36.047343150275104,21.804994089403248
World,WBGroups,SSP4,World SSP4,2023,16.05735454872747,2.975604983856206,2.344,36.23752443222112,21.932206712446447
World,WBGroups,SSP4,World SSP4,2024,16.519559850236682,2.8378152332761086,2.326,36.43951751801337,22.05359455912454
World,WBGroups,SSP4,World SSP4,2025,16.990324509181253,2.8098911222359746,2.31,36.65084932647384,22.197813325382473
World,WBGroups,SSP4,World SSP4,2026,17.478207882996532,2.8310805603320333,2.293,36.878833439402825,22.323783373676793
World,WBGroups,SSP4,World SSP4,2027,17.957531899376455,2.7054790231631376,2.279,37.152247271288346,22.452927663035712
World,WBGroups,SSP4,World SSP4,2028,18.43685591575638,2.6342068760091486,2.268,37.437818717279264,22.57054909706393
World,WBGroups,SSP4,World SSP4,2029,18.916179932136306,2.566593679546436,2.259,37.75389832512421,22.691839515030352
World,WBGroups,SSP4,World SSP4,2030,19.39550394851623,2.502364707615312,2.25,38.057296043743285,22.821612076210336
World,WBGroups,SSP4,World SSP4,2031,19.857709250025444,2.355102307240431,2.242,38.35320750743636,22.951380662823446
World,WBGroups,SSP4,World SSP4,2032,20.319914551534655,2.30091105092578,2.232,38.647594956514936,23.095980076408537
World,WBGroups,SSP4,World SSP4,2033,20.773560495608514,2.2079630556987695,2.222,38.93485005170631,23.241985522233712
World,WBGroups,SSP4,World SSP4,2034,21.22720643968237,2.1602633432426632,2.212,39.202112658000665,23.39050842242904
World,WBGroups,SSP4,World SSP4,2035,21.672293026320872,2.075094410503908,2.202,39.47773399841783,23.537327062342765
World,WBGroups,SSP4,World SSP4,2036,22.117379612959372,2.0329081638425617,2.192,39.7286430130122,23.69978986502869
World,WBGroups,SSP4,World SSP4,2037,22.562466199597875,1.992403071990534,2.182,39.993881813691196,23.848640082645662
World,WBGroups,SSP4,World SSP4,2038,22.998993428801022,1.9162712993093578,2.173,40.26069798497199,24.01291531301696
World,WBGroups,SSP4,World SSP4,2039,23.42696130056881,1.8437100425187758,2.163,40.52531904095854,24.172845313099558
World,WBGroups,SSP4,World SSP4,2040,23.8549291723366,1.810331844126889,2.154,40.789315069167166,24.325733924753802
World,WBGroups,SSP4,World SSP4,2041,24.274337686669032,1.742886017007006,2.144,41.0316386475463,24.49395535698994
World,WBGroups,SSP4,World SSP4,2042,24.68518684356611,1.678361075282142,2.135,41.277686698222894,24.64450595692721
World,WBGroups,SSP4,World SSP4,2043,25.09603600046319,1.6506564601702411,2.125,41.49387632647334,24.80293433079935
World,WBGroups,SSP4,World SSP4,2044,25.489766442489557,1.5567150237412175,2.116,41.731646739444336,24.960049288588536
World,WBGroups,SSP4,World SSP4,2045,25.88349688451592,1.5328524055469472,2.107,41.94387851597195,25.113897261438208
World,WBGroups,SSP4,World SSP4,2046,26.260108611671576,1.444542518772307,2.097,42.15377429978029,25.271771507003386
World,WBGroups,SSP4,World SSP4,2047,26.63672033882723,1.423972281113528,2.089,42.38876211531072,25.422345780337498
World,WBGroups,SSP4,World SSP4,2048,26.996213351112175,1.3405882224701848,2.081,42.62981534956921,25.563238164554868
World,WBGroups,SSP4,World SSP4,2049,27.35570636339712,1.3228539363181469,2.074,42.88966152006422,25.684598562654926
World,WBGroups,SSP4,World SSP4,2050,27.715199375682065,1.3055827351415417,2.067,43.15037636326094,25.806693822386578
World,WBGroups,SSP4,World SSP4,2051,28.06613303053165,1.2582642607067651,2.06,43.422314764990766,25.905996303488294
World,WBGroups,SSP4,World SSP4,2052,28.41706668538124,1.2426285065886056,2.053,43.68698543455825,26.00531435482892
World,WBGroups,SSP4,World SSP4,2053,28.768000340230824,1.2273765814571291,2.046,43.94959079808355,26.08266065136742
World,WBGroups,SSP4,World SSP4,2054,29.118933995080415,1.212494523070129,2.039,44.203910614525135,26.163873370577278
World,WBGroups,SSP4,World SSP4,2055,29.478427007365354,1.227009259181422,2.032,44.44909636452445,26.24380713139348
World,WBGroups,SSP4,World SSP4,2056,29.829360662214945,1.1834457647003305,2.025,44.69265952699688,26.325673062620858
World,WBGroups,SSP4,World SSP4,2057,30.197413031935245,1.22630939320576,2.019,44.931766410543986,26.41407351162072
World,WBGroups,SSP4,World SSP4,2058,30.565465401655544,1.211453046776656,2.013,45.17569097692722,26.516993670298667
World,WBGroups,SSP4,World SSP4,2059,30.93351777137584,1.1969523557724848,2.007,45.418206676012936,26.612520131156657
World,WBGroups,SSP4,World SSP4,2060,31.30157014109614,1.1827946997207572,2.001,45.66019736689774,26.71677248162709
World,WBGroups,SSP4,World SSP4,2061,31.66962251081644,1.1689680482934506,1.995,45.907417343521615,26.80253103665192
World,WBGroups,SSP4,World SSP4,2062,32.03767488053674,1.1554609272113492,1.99,46.134075423203875,26.892745208620326
World,WBGroups,SSP4,World SSP4,2063,32.41428660769239,1.168671999736537,1.985,46.37788273878951,26.968692619495805
World,WBGroups,SSP4,World SSP4,2064,32.78233897741269,1.1290654272896994,1.98,46.60417383195259,27.035268210598236
World,WBGroups,SSP4,World SSP4,2065,33.15039134713299,1.1164597340060478,1.976,46.836191056572765,27.102665669464372
World,WBGroups,SSP4,World SSP4,2066,33.51844371685329,1.1041324135649067,1.972,47.086086753806704,27.155054022051985
World,WBGroups,SSP4,World SSP4,2067,33.886496086573594,1.0920743455729909,1.968,47.34140283817596,27.19903239804633
World,WBGroups,SSP4,World SSP4,2068,34.24598909885853,1.0552861751103926,1.964,47.61596866860025,27.23670355249303
World,WBGroups,SSP4,World SSP4,2069,34.60548211114347,1.0442660783535729,1.961,47.89420302244072,27.26919869047591
World,WBGroups,SSP4,World SSP4,2070,34.964975123428424,1.0334737653332926,1.958,48.167975118223126,27.297112927655544
World,WBGroups,SSP4,World SSP4,2071,35.31590877827801,0.9986686337093431,1.955,48.436241051335,27.322485344101054
World,WBGroups,SSP4,World SSP4,2072,35.65828307569224,0.9647928189720378,1.952,48.68481451085671,27.343710153797645
World,WBGroups,SSP4,World SSP4,2073,36.00921673054183,0.9793461769603606,1.949,48.925202054579714,27.3788311383589
World,WBGroups,SSP4,World SSP4,2074,36.351591027956054,0.946304672274989,1.947,49.14330943290809,27.414098146941058
World,WBGroups,SSP4,World SSP4,2075,36.693965325370286,0.9374336284706075,1.945,49.34728589927553,27.469989150596714
World,WBGroups,SSP4,World SSP4,2076,37.04489898021988,0.9518353928340328,1.943,49.51630340670295,27.555495233236766
World,WBGroups,SSP4,World SSP4,2077,37.39583263506946,0.9428608425118501,1.941,49.67101170649033,27.66013384882266
World,WBGroups,SSP4,World SSP4,2078,37.74676628991905,0.9340539489456123,1.939,49.79988174294875,27.790171472724317
World,WBGroups,SSP4,World SSP4,2079,38.106259302204,0.9478743954543845,1.938,49.91275316949529,27.9397925937135
World,WBGroups,SSP4,World SSP4,2080,38.44863359961823,0.8944603462898382,1.937,50.00023741803143,28.1050717239873
World,WBGroups,SSP4,World SSP4,2081,38.79956725446782,0.9085935082515206,1.935,50.08773100909734,28.267980088875333
World,WBGroups,SSP4,World SSP4,2082,39.15050090931741,0.9004123641877193,1.934,50.15208488012837,28.436280027782434
World,WBGroups,SSP4,World SSP4,2083,39.50143456416699,0.8923772354226145,1.934,50.225872097218826,28.58689220200038
World,WBGroups,SSP4,World SSP4,2084,39.85236821901658,0.8844842474321268,1.933,50.31668349525821,28.716018725632765
World,WBGroups,SSP4,World SSP4,2085,40.20330187386617,0.8767296615721065,1.932,50.418414610179276,28.83190869365839
World,WBGroups,SSP4,World SSP4,2086,40.56279488615111,0.8902135940593414,1.931,50.5472704717664,28.926735704066935
World,WBGroups,SSP4,World SSP4,2087,40.92228789843605,0.8823586658515126,1.931,50.69916374532421,29.00158633790955
World,WBGroups,SSP4,World SSP4,2088,41.281780910721,0.8746411442868585,1.93,50.876381949089186,29.058307432033676
World,WBGroups,SSP4,World SSP4,2089,41.64127392300594,0.8670574551133292,1.93,51.06326211980474,29.104330125101285
World,WBGroups,SSP4,World SSP4,2090,42.009326292726236,0.8799811210696618,1.93,51.272124442856146,29.129813276154735
World,WBGroups,SSP4,World SSP4,2091,42.37737866244654,0.8723049530621196,1.929,51.48624457088147,29.140965099058036
World,WBGroups,SSP4,World SSP4,2092,42.745431032166834,0.864761547829529,1.929,51.71161695840534,29.141311697092632
World,WBGroups,SSP4,World SSP4,2093,43.1220427593225,0.8771986072837024,1.929,51.9258346121915,29.140355732219682
World,WBGroups,SSP4,World SSP4,2094,43.49009512904279,0.8498914681176473,1.929,52.13558790899143,29.135529784002483
World,WBGroups,SSP4,World SSP4,2095,43.86670685619845,0.8622432412876968,1.929,52.34578682419483,29.130100350579692
World,WBGroups,SSP4,World SSP4,2096,44.243318583354096,0.8548721189430175,1.928,52.538153921488615,29.134701705704725
World,WBGroups,SSP4,World SSP4,2097,44.61993031050976,0.847625957206688,1.928,52.615257655865975,29.103951654446153
World,WBGroups,SSP4,World SSP4,2098,44.996542037665414,0.8405016051342251,1.928,52.66505795731684,29.101758163083986
World,WBGroups,SSP4,World SSP4,2099,45.37315376482106,0.8334960168357775,1.927,52.67681029618087,29.141277393235626
World,WBGroups,SSP4,World SSP4,2100,45.741206134541365,0.8078954228675439,1.945,52.63856327686115,29.23847116588043
World,WBGroups,SSP5,World SSP5,2017,13.24988530993077,NA,2.441,35.629601896917514,21.471359041557474
World,WBGroups,SSP5,World SSP5,2018,13.763446756052115,3.8027395589239177,2.394,35.640154368917116,21.493257891419
World,WBGroups,SSP5,World SSP5,2019,14.311245631914888,3.9029343905735647,2.349,35.70561825021235,21.52044654774906
World,WBGroups,SSP5,World SSP5,2020,14.901841294954439,4.0439146123541825,2.307,35.82941963524034,21.576374733224977
World,WBGroups,SSP5,World SSP5,2021,15.535233745170766,4.162580693076201,2.268,35.96080656218235,21.66631208188544
World,WBGroups,SSP5,World SSP5,2022,16.20286362512852,4.2077404510371785,2.228,36.136777264454714,21.776564468710628
World,WBGroups,SSP5,World SSP5,2023,16.913290292263053,4.291172709849045,2.185,36.31713702303158,21.89367517330561
World,WBGroups,SSP5,World SSP5,2024,17.657954389139004,4.308663476343888,2.141,36.53827562086634,22.004287915924998
World,WBGroups,SSP5,World SSP5,2025,18.471093345497803,4.502063274682788,2.1,36.76057603738402,22.125991327986338
World,WBGroups,SSP5,World SSP5,2026,19.32702908903338,4.529759889152718,2.06,37.01257983785494,22.256935003246237
World,WBGroups,SSP5,World SSP5,2027,20.24288033461645,4.629855621642598,2.027,37.30995498681404,22.36459035807688
World,WBGroups,SSP5,World SSP5,2028,21.2015283673763,4.627012856332646,2.004,37.612424023174455,22.47179745655467
World,WBGroups,SSP5,World SSP5,2029,22.20297318731293,4.61529353870298,1.987,37.936937878264224,22.57221012133926
World,WBGroups,SSP5,World SSP5,2030,23.247214794426338,4.595912380219724,1.972,38.27335231097894,22.68464772082717
World,WBGroups,SSP5,World SSP5,2031,24.334253188716524,4.5699622972413145,1.958,38.60365948005696,22.79268103988608
World,WBGroups,SSP5,World SSP5,2032,25.46408837018349,4.538420632873041,1.944,38.94060778500631,22.897596585687513
World,WBGroups,SSP5,World SSP5,2033,26.628160981391876,4.47001789179069,1.927,39.27166113725792,22.999768536378365
World,WBGroups,SSP5,World SSP5,2034,27.817911664906333,4.371077842614612,1.908,39.595125184845244,23.10438019478864
World,WBGroups,SSP5,World SSP5,2035,29.024781063291496,4.246986680185527,1.891,39.92561387528938,23.210242007919334
World,WBGroups,SSP5,World SSP5,2036,30.24876917654738,4.130551075400346,1.876,40.25493957992226,23.307183108494968
World,WBGroups,SSP5,World SSP5,2037,31.489876004673967,4.021060222513251,1.86,40.60700994722087,23.4004130541061
World,WBGroups,SSP5,World SSP5,2038,32.74810154767127,3.91788948954237,1.845,40.95801617507136,23.48556929908024
World,WBGroups,SSP5,World SSP5,2039,34.02344580553928,3.820487708823439,1.831,41.33279799395525,23.566345545147087
World,WBGroups,SSP5,World SSP5,2040,35.31590877827801,3.7283666542764493,1.817,41.70260310490826,23.651403481260783
World,WBGroups,SSP5,World SSP5,2041,36.6340498233228,3.6644594944645448,1.803,42.05932193058383,23.732429565874646
World,WBGroups,SSP5,World SSP5,2042,37.96930958323831,3.580005989441526,1.79,42.41544815269562,23.807490160489575
World,WBGroups,SSP5,World SSP5,2043,39.32168805802452,3.4998034778785936,1.776,42.75754779424197,23.881902203583895
World,WBGroups,SSP5,World SSP5,2044,40.691185247681446,3.42352646710955,1.762,43.110603235700964,23.955012930775247
World,WBGroups,SSP5,World SSP5,2045,42.06924179477373,3.3305384661127757,1.748,43.44752387457013,24.032735420635774
World,WBGroups,SSP5,World SSP5,2046,43.45585769930137,3.242878236612734,1.735,43.78802204204032,24.099170080890847
World,WBGroups,SSP5,World SSP5,2047,44.85959231869972,3.1791783854771882,1.724,44.13949413378029,24.172444004266342
World,WBGroups,SSP5,World SSP5,2048,46.28044565296878,3.118209057983856,1.716,44.49752699176297,24.230731787238184
World,WBGroups,SSP5,World SSP5,2049,47.71841770210855,3.05979069463147,1.71,44.88385650436753,24.285152306518352
World,WBGroups,SSP5,World SSP5,2050,49.17350846611904,3.0037593954536757,1.704,45.26482168546983,24.329900810176422
World,WBGroups,SSP5,World SSP5,2051,50.65427730243559,2.966864267729896,1.698,45.64418338041154,24.359716821689855
World,WBGroups,SSP5,World SSP5,2052,52.143605496187504,2.897788105489729,1.693,46.01955653881881,24.388001351986972
World,WBGroups,SSP5,World SSP5,2053,53.66717111968083,2.879991961191397,1.687,46.40480982779132,24.40888266584043
World,WBGroups,SSP5,World SSP5,2054,55.216414815480235,2.8458802905275693,1.68,46.78994016286499,24.416250506141175
World,WBGroups,SSP5,World SSP5,2055,56.79989594102105,2.8274214778092777,1.674,47.14339944955871,24.43295055518649
World,WBGroups,SSP5,World SSP5,2056,58.417614496303294,2.80829687428259,1.669,47.52383918446335,24.446842957366435
World,WBGroups,SSP5,World SSP5,2057,60.06957048132697,2.7885936089999674,1.664,47.89214973802279,24.468599666899376
World,WBGroups,SSP5,World SSP5,2058,61.75576389609206,2.768391506481116,1.659,48.27548317285299,24.493417956759885
World,WBGroups,SSP5,World SSP5,2059,63.476194740598565,2.7477636037719577,1.654,48.64717266752257,24.5262230057294
World,WBGroups,SSP5,World SSP5,2060,65.2308630148465,2.7267766420425943,1.65,49.03326193654971,24.553129772458764
World,WBGroups,SSP5,World SSP5,2061,67.01976871883586,2.705491531873161,1.646,49.40382994098518,24.581476574732026
World,WBGroups,SSP5,World SSP5,2062,68.851471210002,2.6963961907694234,1.642,49.78203736433247,24.61369961049606
World,WBGroups,SSP5,World SSP5,2063,70.70885177347422,2.6619173669962137,1.638,50.14733510362003,24.63336132781211
World,WBGroups,SSP5,World SSP5,2064,72.60046976668784,2.640062547203126,1.635,50.48436715371527,24.651289776854707
World,WBGroups,SSP5,World SSP5,2065,74.51776583220754,2.6066172077706895,1.631,50.847457627118644,24.669344567453706
World,WBGroups,SSP5,World SSP5,2066,76.46929932746868,2.5851779799820562,1.628,51.20668050231784,24.68678990736022
World,WBGroups,SSP5,World SSP5,2067,78.4550702524712,2.563676315700558,1.626,51.58224323354331,24.695865252527753
World,WBGroups,SSP5,World SSP5,2068,80.47507860721518,2.5421446515006885,1.623,51.950639421221055,24.70892948310857
World,WBGroups,SSP5,World SSP5,2069,82.51220567682986,2.49986760205152,1.62,52.34552557263098,24.709142801299993
World,WBGroups,SSP5,World SSP5,2070,84.58357017618596,2.4793811801103516,1.618,52.72891032805455,24.711189377521336
World,WBGroups,SSP5,World SSP5,2071,86.7062908201542,2.478639783703418,1.616,53.116597284699886,24.70150505497187
World,WBGroups,SSP5,World SSP5,2072,88.84613017899315,2.4379559477150536,1.614,53.504287514471,24.681637963712365
World,WBGroups,SSP5,World SSP5,2073,90.98596953783209,2.3799314616113953,1.612,53.881481404948005,24.658914208076535
World,WBGroups,SSP5,World SSP5,2074,93.21140247102461,2.41647445910127,1.61,54.26227286469355,24.627044608696558
World,WBGroups,SSP5,World SSP5,2075,95.4368354042171,2.3594560961258892,1.608,54.64250855680112,24.594916694509706
World,WBGroups,SSP5,World SSP5,2076,97.74786191176318,2.3926706321736546,1.606,55.03148832142003,24.5582334653097
World,WBGroups,SSP5,World SSP5,2077,100.05888841930924,2.3367571256112107,1.605,55.4123019070642,24.52860596293312
World,WBGroups,SSP5,World SSP5,2078,102.45550850120887,2.366974408590483,1.603,55.797325857469616,24.497036276411368
World,WBGroups,SSP5,World SSP5,2079,104.85212858310848,2.312241742085419,1.601,56.17576087374745,24.476031858582196
World,WBGroups,SSP5,World SSP5,2080,107.33434223936166,2.3397598214038418,1.6,56.55123686706703,24.455558739015903
World,WBGroups,SSP5,World SSP5,2081,109.81655589561485,2.2862643422771,1.599,56.9161099908754,24.43759786416735
World,WBGroups,SSP5,World SSP5,2082,112.38436312622159,2.311350968715953,1.597,57.270859490925695,24.420728227371306
World,WBGroups,SSP5,World SSP5,2083,115.03776393118189,2.333564678029898,1.596,57.62563863838105,24.392733328899855
World,WBGroups,SSP5,World SSP5,2084,117.69116473614217,2.280348901757634,1.595,57.97823252816149,24.358767779454205
World,WBGroups,SSP5,World SSP5,2085,120.34456554110247,2.229506226993916,1.594,58.324449050742864,24.329669742261764
World,WBGroups,SSP5,World SSP5,2086,123.16915349476989,2.319963451675733,1.593,58.62162406286695,24.351910396531476
World,WBGroups,SSP5,World SSP5,2087,125.99374144843729,2.267359240145339,1.592,58.87847044172588,24.419456450076922
World,WBGroups,SSP5,World SSP5,2088,128.8183294021047,2.217087789415473,1.592,59.08021787571182,24.538871007675173
World,WBGroups,SSP5,World SSP5,2089,131.72851093012568,2.2339956655903492,1.591,59.266463778119416,24.672920653844947
World,WBGroups,SSP5,World SSP5,2090,134.7242860325002,2.2487295138469143,1.59,59.44278353794288,24.810762674130142
World,WBGroups,SSP5,World SSP5,2091,137.72006113487473,2.1992718015034107,1.59,59.608626970566434,24.95244849930688
World,WBGroups,SSP5,World SSP5,2092,140.80142981160282,2.212751620708975,1.589,59.74832488968785,25.11194639647001
World,WBGroups,SSP5,World SSP5,2093,143.96839206268444,2.2243177333420405,1.589,59.89016270105628,25.26158445440957
World,WBGroups,SSP5,World SSP5,2094,147.1353543137661,2.1759164849956214,1.588,60.02977961071394,25.406444630426968
World,WBGroups,SSP5,World SSP5,2095,150.3879101392013,2.1865082804247926,1.588,60.15058104642915,25.565360903486273
World,WBGroups,SSP5,World SSP5,2096,153.72605953899006,2.195416067504752,1.588,60.273896766246615,25.719861321596877
World,WBGroups,SSP5,World SSP5,2097,157.06420893877882,2.1482511626525813,1.587,60.302954739418894,25.841765327732684
World,WBGroups,SSP5,World SSP5,2098,160.48795191292115,2.1564177915840865,1.587,60.33978574383407,25.95894612213458
World,WBGroups,SSP5,World SSP5,2099,163.91169488706348,2.110896321023503,1.587,60.38148639152704,26.07886177094879
World,WBGroups,SSP5,World SSP5,2100,167.42103143555934,2.1183948980016076,1.886,60.44752507303003,26.178965880076234
World,WBGroups,Kuznets-WB-asymptoting-projection,World Kuznets-WB-asymptoting-projection,2020,12.7874152059295,NA,NA,NA,NA
World,WBGroups,Kuznets-WB-asymptoting-projection,World Kuznets-WB-asymptoting-projection,2021,13.0764346440936,2.23502279019816,NA,NA,NA
World,WBGroups,Kuznets-WB-asymptoting-projection,World Kuznets-WB-asymptoting-projection,2022,13.3695916976326,2.2171123806010495,NA,NA,NA
World,WBGroups,Kuznets-WB-asymptoting-projection,World Kuznets-WB-asymptoting-projection,2023,13.667112312459,2.200953378187309,NA,NA,NA
World,WBGroups,Kuznets-WB-asymptoting-projection,World Kuznets-WB-asymptoting-projection,2024,13.9693347541851,2.187216680154469,NA,NA,NA
World,WBGroups,Kuznets-WB-asymptoting-projection,World Kuznets-WB-asymptoting-projection,2025,14.2765463941432,2.175352597676694,NA,NA,NA
World,WBGroups,Kuznets-WB-asymptoting-projection,World Kuznets-WB-asymptoting-projection,2026,14.5888765037589,2.164127651794079,NA,NA,NA
World,WBGroups,Kuznets-WB-asymptoting-projection,World Kuznets-WB-asymptoting-projection,2027,14.9063186062866,2.1525835566680307,NA,NA,NA
World,WBGroups,Kuznets-WB-asymptoting-projection,World Kuznets-WB-asymptoting-projection,2028,15.2288663316908,2.140753701313658,NA,NA,NA
World,WBGroups,Kuznets-WB-asymptoting-projection,World Kuznets-WB-asymptoting-projection,2029,15.5564587500247,2.128317847977268,NA,NA,NA
World,WBGroups,Kuznets-WB-asymptoting-projection,World Kuznets-WB-asymptoting-projection,2030,15.8890495946455,2.1154261131745677,NA,NA,NA
World,WBGroups,Kuznets-WB-asymptoting-projection,World Kuznets-WB-asymptoting-projection,2031,16.2266793611809,2.1026594554267586,NA,NA,NA
World,WBGroups,Kuznets-WB-asymptoting-projection,World Kuznets-WB-asymptoting-projection,2032,16.5693967788701,2.090066458729911,NA,NA,NA
World,WBGroups,Kuznets-WB-asymptoting-projection,World Kuznets-WB-asymptoting-projection,2033,16.9171628303581,2.0771232334636736,NA,NA,NA
World,WBGroups,Kuznets-WB-asymptoting-projection,World Kuznets-WB-asymptoting-projection,2034,17.2699140013867,2.0637253795781962,NA,NA,NA
World,WBGroups,Kuznets-WB-asymptoting-projection,World Kuznets-WB-asymptoting-projection,2035,17.6276041634024,2.0500179242859407,NA,NA,NA
World,WBGroups,Kuznets-WB-asymptoting-projection,World Kuznets-WB-asymptoting-projection,2036,17.9902239196875,2.0362403046860322,NA,NA,NA
World,WBGroups,Kuznets-WB-asymptoting-projection,World Kuznets-WB-asymptoting-projection,2037,18.3577941995847,2.0225741557378107,NA,NA,NA
World,WBGroups,Kuznets-WB-asymptoting-projection,World Kuznets-WB-asymptoting-projection,2038,18.7303405279412,2.0090460833926294,NA,NA,NA
World,WBGroups,Kuznets-WB-asymptoting-projection,World Kuznets-WB-asymptoting-projection,2039,19.1079010780568,1.995722134949185,NA,NA,NA
World,WBGroups,Kuznets-WB-asymptoting-projection,World Kuznets-WB-asymptoting-projection,2040,19.4905094859323,1.9825735543736567,NA,NA,NA
World,WBGroups,Kuznets-WB-asymptoting-projection,World Kuznets-WB-asymptoting-projection,2041,19.8781829398353,1.9695141567233954,NA,NA,NA
World,WBGroups,Kuznets-WB-asymptoting-projection,World Kuznets-WB-asymptoting-projection,2042,20.2709294482736,1.9565017171221832,NA,NA,NA
World,WBGroups,Kuznets-WB-asymptoting-projection,World Kuznets-WB-asymptoting-projection,2043,20.6687628001423,1.9435704241518525,NA,NA,NA
World,WBGroups,Kuznets-WB-asymptoting-projection,World Kuznets-WB-asymptoting-projection,2044,21.0716967155375,1.9307235079659701,NA,NA,NA
World,WBGroups,Kuznets-WB-asymptoting-projection,World Kuznets-WB-asymptoting-projection,2045,21.4797472314849,1.9179749822950676,NA,NA,NA
World,WBGroups,Kuznets-WB-asymptoting-projection,World Kuznets-WB-asymptoting-projection,2046,21.8929356620111,1.9053510324164247,NA,NA,NA
World,WBGroups,Kuznets-WB-asymptoting-projection,World Kuznets-WB-asymptoting-projection,2047,22.3112881464027,1.8928733024757172,NA,NA,NA
World,WBGroups,Kuznets-WB-asymptoting-projection,World Kuznets-WB-asymptoting-projection,2048,22.7348354656491,1.8805604901343198,NA,NA,NA
World,WBGroups,Kuznets-WB-asymptoting-projection,World Kuznets-WB-asymptoting-projection,2049,23.1636116885516,1.8684235448214626,NA,NA,NA
World,WBGroups,Kuznets-WB-asymptoting-projection,World Kuznets-WB-asymptoting-projection,2050,23.5976507095889,1.856457522449384,NA,NA,NA
World,WBGroups,Kuznets-WB-asymptoting-projection,World Kuznets-WB-asymptoting-projection,2051,24.0369818978374,1.8446395897836254,NA,NA,NA
World,WBGroups,Kuznets-WB-asymptoting-projection,World Kuznets-WB-asymptoting-projection,2052,24.4816352163213,1.8329696695086994,NA,NA,NA
World,WBGroups,Kuznets-WB-asymptoting-projection,World Kuznets-WB-asymptoting-projection,2053,24.9316473028164,1.821471901550975,NA,NA,NA
World,WBGroups,Kuznets-WB-asymptoting-projection,World Kuznets-WB-asymptoting-projection,2054,25.3870573107722,1.8101516982286459,NA,NA,NA
World,WBGroups,Kuznets-WB-asymptoting-projection,World Kuznets-WB-asymptoting-projection,2055,25.8479035818824,1.7990008855427675,NA,NA,NA
World,WBGroups,Kuznets-WB-asymptoting-projection,World Kuznets-WB-asymptoting-projection,2056,26.3142204519584,1.7879996333859616,NA,NA,NA
World,WBGroups,Kuznets-WB-asymptoting-projection,World Kuznets-WB-asymptoting-projection,2057,26.7860441313234,1.777151586274739,NA,NA,NA
World,WBGroups,Kuznets-WB-asymptoting-projection,World Kuznets-WB-asymptoting-projection,2058,27.2634193926323,1.7664844153284953,NA,NA,NA
World,WBGroups,Kuznets-WB-asymptoting-projection,World Kuznets-WB-asymptoting-projection,2059,27.7463951067125,1.7560071020814139,NA,NA,NA
World,WBGroups,Kuznets-WB-asymptoting-projection,World Kuznets-WB-asymptoting-projection,2060,28.2350185354621,1.7457073906200105,NA,NA,NA
World,WBGroups,Kuznets-WB-asymptoting-projection,World Kuznets-WB-asymptoting-projection,2061,28.7293240930511,1.7355346945796324,NA,NA,NA
World,WBGroups,Kuznets-WB-asymptoting-projection,World Kuznets-WB-asymptoting-projection,2062,29.2293477493677,1.725491790803968,NA,NA,NA
World,WBGroups,Kuznets-WB-asymptoting-projection,World Kuznets-WB-asymptoting-projection,2063,29.7351427415433,1.7156339152959887,NA,NA,NA
World,WBGroups,Kuznets-WB-asymptoting-projection,World Kuznets-WB-asymptoting-projection,2064,30.2467666021035,1.7059685974631478,NA,NA,NA
World,WBGroups,Kuznets-WB-asymptoting-projection,World Kuznets-WB-asymptoting-projection,2065,30.7642669933023,1.696456433772786,NA,NA,NA
World,WBGroups,Kuznets-WB-asymptoting-projection,World Kuznets-WB-asymptoting-projection,2066,31.2876810295435,1.6870588828482358,NA,NA,NA
World,WBGroups,Kuznets-WB-asymptoting-projection,World Kuznets-WB-asymptoting-projection,2067,31.8170280897377,1.6777178247519675,NA,NA,NA
World,WBGroups,Kuznets-WB-asymptoting-projection,World Kuznets-WB-asymptoting-projection,2068,32.3523151742689,1.668396383327897,NA,NA,NA
World,WBGroups,Kuznets-WB-asymptoting-projection,World Kuznets-WB-asymptoting-projection,2069,32.8935383602588,1.6590651233958198,NA,NA,NA
World,WBGroups,Kuznets-WB-asymptoting-projection,World Kuznets-WB-asymptoting-projection,2070,33.4406978552563,1.6497420817930486,NA,NA,NA
World,WBGroups,Kuznets-WB-asymptoting-projection,World Kuznets-WB-asymptoting-projection,2071,33.9938092498998,1.6404770276094105,NA,NA,NA
World,WBGroups,Kuznets-WB-asymptoting-projection,World Kuznets-WB-asymptoting-projection,2072,34.5528924340827,1.631283689703933,NA,NA,NA
World,WBGroups,Kuznets-WB-asymptoting-projection,World Kuznets-WB-asymptoting-projection,2073,35.1179512620289,1.6221167652536561,NA,NA,NA
World,WBGroups,Kuznets-WB-asymptoting-projection,World Kuznets-WB-asymptoting-projection,2074,35.6889862742585,1.6129701761743664,NA,NA,NA
World,WBGroups,Kuznets-WB-asymptoting-projection,World Kuznets-WB-asymptoting-projection,2075,36.2659997902604,1.603852398502248,NA,NA,NA
World,WBGroups,Kuznets-WB-asymptoting-projection,World Kuznets-WB-asymptoting-projection,2076,36.8490005276362,1.594783809547451,NA,NA,NA
World,WBGroups,Kuznets-WB-asymptoting-projection,World Kuznets-WB-asymptoting-projection,2077,37.4380018272808,1.585778464337917,NA,NA,NA
World,WBGroups,Kuznets-WB-asymptoting-projection,World Kuznets-WB-asymptoting-projection,2078,38.0330188881047,1.576842035628534,NA,NA,NA
World,WBGroups,Kuznets-WB-asymptoting-projection,World Kuznets-WB-asymptoting-projection,2079,38.6340693591749,1.5679812527358283,NA,NA,NA
World,WBGroups,Kuznets-WB-asymptoting-projection,World Kuznets-WB-asymptoting-projection,2080,39.2411692543998,1.559191869499843,NA,NA,NA
World,WBGroups,Kuznets-WB-asymptoting-projection,World Kuznets-WB-asymptoting-projection,2081,39.8543291382,1.5504603409214113,NA,NA,NA
World,WBGroups,Kuznets-WB-asymptoting-projection,World Kuznets-WB-asymptoting-projection,2082,40.4735565335928,1.5417800592423703,NA,NA,NA
World,WBGroups,Kuznets-WB-asymptoting-projection,World Kuznets-WB-asymptoting-projection,2083,41.0988633732695,1.5331630200584367,NA,NA,NA
World,WBGroups,Kuznets-WB-asymptoting-projection,World Kuznets-WB-asymptoting-projection,2084,41.7302621296447,1.5246110179043981,NA,NA,NA
World,WBGroups,Kuznets-WB-asymptoting-projection,World Kuznets-WB-asymptoting-projection,2085,42.3677642270299,1.516121926866143,NA,NA,NA
World,WBGroups,Kuznets-WB-asymptoting-projection,World Kuznets-WB-asymptoting-projection,2086,43.0113716055659,1.5076741258756243,NA,NA,NA
World,WBGroups,Kuznets-WB-asymptoting-projection,World Kuznets-WB-asymptoting-projection,2087,43.6610896473424,1.499277170196489,NA,NA,NA
World,WBGroups,Kuznets-WB-asymptoting-projection,World Kuznets-WB-asymptoting-projection,2088,44.3169299759653,1.490946216780742,NA,NA,NA
World,WBGroups,Kuznets-WB-asymptoting-projection,World Kuznets-WB-asymptoting-projection,2089,44.9789084039843,1.4826907217039942,NA,NA,NA
World,WBGroups,Kuznets-WB-asymptoting-projection,World Kuznets-WB-asymptoting-projection,2090,45.6470309813053,1.4744888419726987,NA,NA,NA
World,WBGroups,Kuznets-WB-asymptoting-projection,World Kuznets-WB-asymptoting-projection,2091,46.3212926856628,1.4663174415704194,NA,NA,NA
World,WBGroups,Kuznets-WB-asymptoting-projection,World Kuznets-WB-asymptoting-projection,2092,47.0016769938812,1.4581541197503878,NA,NA,NA
World,WBGroups,Kuznets-WB-asymptoting-projection,World Kuznets-WB-asymptoting-projection,2093,47.6881600431909,1.4499868165052554,NA,NA,NA
World,WBGroups,Kuznets-WB-asymptoting-projection,World Kuznets-WB-asymptoting-projection,2094,48.3807101600312,1.441803390823715,NA,NA,NA
World,WBGroups,Kuznets-WB-asymptoting-projection,World Kuznets-WB-asymptoting-projection,2095,49.0792957031133,1.4336085894749218,NA,NA,NA
World,WBGroups,Kuznets-WB-asymptoting-projection,World Kuznets-WB-asymptoting-projection,2096,49.7838808469227,1.425398410058154,NA,NA,NA
World,WBGroups,Kuznets-WB-asymptoting-projection,World Kuznets-WB-asymptoting-projection,2097,50.4944296311157,1.4171771999987204,NA,NA,NA
World,WBGroups,Kuznets-WB-asymptoting-projection,World Kuznets-WB-asymptoting-projection,2098,51.2109043242288,1.4089458589081172,NA,NA,NA
World,WBGroups,Kuznets-WB-asymptoting-projection,World Kuznets-WB-asymptoting-projection,2099,51.9332657520972,1.4007059008109835,NA,NA,NA
World,WBGroups,Kuznets-WB-asymptoting-projection,World Kuznets-WB-asymptoting-projection,2100,52.6614720770974,1.3924564586746069,NA,NA,NA
World,WBGroups,Kuznets-WB-projection,World Kuznets-WB-projection,2020,12.7874152059295,NA,NA,NA,NA
World,WBGroups,Kuznets-WB-projection,World Kuznets-WB-projection,2021,13.0561010039071,2.0794034154543173,NA,NA,NA
World,WBGroups,Kuznets-WB-projection,World Kuznets-WB-projection,2022,13.3288882591332,2.0678194899215185,NA,NA,NA
World,WBGroups,Kuznets-WB-projection,World Kuznets-WB-projection,2023,13.6060466907283,2.058057424765236,NA,NA,NA
World,WBGroups,Kuznets-WB-projection,World Kuznets-WB-projection,2024,13.8879025377244,2.050383661557742,NA,NA,NA
World,WBGroups,Kuznets-WB-projection,World Kuznets-WB-projection,2025,14.1746966056658,2.0440305743999243,NA,NA,NA
World,WBGroups,Kuznets-WB-projection,World Kuznets-WB-projection,2026,14.4665207206535,2.037861804888008,NA,NA,NA
World,WBGroups,Kuznets-WB-projection,World Kuznets-WB-projection,2027,14.7633230364216,2.0308867848249257,NA,NA,NA
World,WBGroups,Kuznets-WB-projection,World Kuznets-WB-projection,2028,15.0650457292326,2.0231276237975937,NA,NA,NA
World,WBGroups,Kuznets-WB-projection,World Kuznets-WB-projection,2029,15.3715722875714,2.0142640152362556,NA,NA,NA
World,WBGroups,Kuznets-WB-projection,World Kuznets-WB-projection,2030,15.6827931608674,2.004428612560183,NA,NA,NA
World,WBGroups,Kuznets-WB-projection,World Kuznets-WB-projection,2031,15.9986705925327,1.9941496503617984,NA,NA,NA
World,WBGroups,Kuznets-WB-projection,World Kuznets-WB-projection,2032,16.3191635458484,1.9834464083273495,NA,NA,NA
World,WBGroups,Kuznets-WB-projection,World Kuznets-WB-projection,2033,16.6441417807119,1.971821460783696,NA,NA,NA
World,WBGroups,Kuznets-WB-projection,World Kuznets-WB-projection,2034,16.9734455008627,1.9591783943239793,NA,NA,NA
World,WBGroups,Kuznets-WB-projection,World Kuznets-WB-projection,2035,17.3069234992943,1.945653026008154,NA,NA,NA
World,WBGroups,Kuznets-WB-projection,World Kuznets-WB-projection,2036,17.6444494991474,1.9314634236872852,NA,NA,NA
World,WBGroups,Kuznets-WB-projection,World Kuznets-WB-projection,2037,17.9859149737197,1.9167692169692607,NA,NA,NA
World,WBGroups,Kuznets-WB-projection,World Kuznets-WB-projection,2038,18.3312055931811,1.9015881153212177,NA,NA,NA
World,WBGroups,Kuznets-WB-projection,World Kuznets-WB-projection,2039,18.6802083040228,1.885975264218498,NA,NA,NA
World,WBGroups,Kuznets-WB-projection,World Kuznets-WB-projection,2040,19.0327971119095,1.8699070925205064,NA,NA,NA
World,WBGroups,Kuznets-WB-projection,World Kuznets-WB-projection,2041,19.3888243270287,1.8533179619979023,NA,NA,NA
World,WBGroups,Kuznets-WB-projection,World Kuznets-WB-projection,2042,19.7481271661767,1.8361825359078932,NA,NA,NA
World,WBGroups,Kuznets-WB-projection,World Kuznets-WB-projection,2043,20.1105403808173,1.8185414850794501,NA,NA,NA
World,WBGroups,Kuznets-WB-projection,World Kuznets-WB-projection,2044,20.4758921547687,1.8004126999808356,NA,NA,NA
World,WBGroups,Kuznets-WB-projection,World Kuznets-WB-projection,2045,20.844006877068,1.7818265304914593,NA,NA,NA
World,WBGroups,Kuznets-WB-projection,World Kuznets-WB-projection,2046,21.2147090546329,1.7628297448321284,NA,NA,NA
World,WBGroups,Kuznets-WB-projection,World Kuznets-WB-projection,2047,21.5878213514635,1.7434564933577867,NA,NA,NA
World,WBGroups,Kuznets-WB-projection,World Kuznets-WB-projection,2048,21.9631629454413,1.7237309034467518,NA,NA,NA
World,WBGroups,Kuznets-WB-projection,World Kuznets-WB-projection,2049,22.3405502677748,1.7036786446984475,NA,NA,NA
World,WBGroups,Kuznets-WB-projection,World Kuznets-WB-projection,2050,22.7197973491502,1.6833249480938228,NA,NA,NA
World,WBGroups,Kuznets-WB-projection,World Kuznets-WB-projection,2051,23.1007147006581,1.6626882150019284,NA,NA,NA
World,WBGroups,Kuznets-WB-projection,World Kuznets-WB-projection,2052,23.4831135024029,1.6418032014412276,NA,NA,NA
World,WBGroups,Kuznets-WB-projection,World Kuznets-WB-projection,2053,23.866808782372,1.6207151363446748,NA,NA,NA
World,WBGroups,Kuznets-WB-projection,World Kuznets-WB-projection,2054,24.2516174068922,1.5994572501343285,NA,NA,NA
World,WBGroups,Kuznets-WB-projection,World Kuznets-WB-projection,2055,24.6373555873735,1.578049861413211,NA,NA,NA
World,WBGroups,Kuznets-WB-projection,World Kuznets-WB-projection,2056,25.0238359068554,1.5564995945853255,NA,NA,NA
World,WBGroups,Kuznets-WB-projection,World Kuznets-WB-projection,2057,25.4108741428256,1.534839135756938,NA,NA,NA
World,WBGroups,Kuznets-WB-projection,World Kuznets-WB-projection,2058,25.7982960437847,1.5131246663651066,NA,NA,NA
World,WBGroups,Kuznets-WB-projection,World Kuznets-WB-projection,2059,26.1859330721672,1.4913916007161188,NA,NA,NA
World,WBGroups,Kuznets-WB-projection,World Kuznets-WB-projection,2060,26.573617178292,1.469652725175541,NA,NA,NA
World,WBGroups,Kuznets-WB-projection,World Kuznets-WB-projection,2061,26.9611733408804,1.4478918452193401,NA,NA,NA
World,WBGroups,Kuznets-WB-projection,World Kuznets-WB-projection,2062,27.348429883179602,1.4261312283740502,NA,NA,NA
World,WBGroups,Kuznets-WB-projection,World Kuznets-WB-projection,2063,27.7352301042742,1.4044331076489058,NA,NA,NA
World,WBGroups,Kuznets-WB-projection,World Kuznets-WB-projection,2064,28.1214226841467,1.3828208978939216,NA,NA,NA
World,WBGroups,Kuznets-WB-projection,World Kuznets-WB-projection,2065,28.5068538589788,1.3612885660123641,NA,NA,NA
World,WBGroups,Kuznets-WB-projection,World Kuznets-WB-projection,2066,28.8913668501369,1.3398280940082774,NA,NA,NA
World,WBGroups,Kuznets-WB-projection,World Kuznets-WB-projection,2067,29.2748002517502,1.3184260709822038,NA,NA,NA
World,WBGroups,Kuznets-WB-projection,World Kuznets-WB-projection,2068,29.65699220494,1.297083613634653,NA,NA,NA
World,WBGroups,Kuznets-WB-projection,World Kuznets-WB-projection,2069,30.0377815945292,1.275805335586977,NA,NA,NA
World,WBGroups,Kuznets-WB-projection,World Kuznets-WB-projection,2070,30.4170153744309,1.2546192309133453,NA,NA,NA
World,WBGroups,Kuznets-WB-projection,World Kuznets-WB-projection,2071,30.7945538134713,1.233568201270785,NA,NA,NA
World,WBGroups,Kuznets-WB-projection,World Kuznets-WB-projection,2072,31.1702629992012,1.2126681211944046,NA,NA,NA
World,WBGroups,Kuznets-WB-projection,World Kuznets-WB-projection,2073,31.5440053926341,1.191903621297019,NA,NA,NA
World,WBGroups,Kuznets-WB-projection,World Kuznets-WB-projection,2074,31.9156467139304,1.1712814607073518,NA,NA,NA
World,WBGroups,Kuznets-WB-projection,World Kuznets-WB-projection,2075,32.2850597410529,1.1508194365928315,NA,NA,NA
World,WBGroups,Kuznets-WB-projection,World Kuznets-WB-projection,2076,32.6521259289416,1.130538977660045,NA,NA,NA
World,WBGroups,Kuznets-WB-projection,World Kuznets-WB-projection,2077,33.0167350326494,1.1104588844117913,NA,NA,NA
World,WBGroups,Kuznets-WB-projection,World Kuznets-WB-projection,2078,33.3787830746685,1.0905905723620712,NA,NA,NA
World,WBGroups,Kuznets-WB-projection,World Kuznets-WB-projection,2079,33.7381716736359,1.07094261120535,NA,NA,NA
World,WBGroups,Kuznets-WB-projection,World Kuznets-WB-projection,2080,34.0948043796698,1.0515121487661538,NA,NA,NA
World,WBGroups,Kuznets-WB-projection,World Kuznets-WB-projection,2081,34.4485825800154,1.0322843898306733,NA,NA,NA
World,WBGroups,Kuznets-WB-projection,World Kuznets-WB-projection,2082,34.7994097923502,1.0132574300057318,NA,NA,NA
World,WBGroups,Kuznets-WB-projection,World Kuznets-WB-projection,2083,35.1471973401278,0.9944454153044013,NA,NA,NA
World,WBGroups,Kuznets-WB-projection,World Kuznets-WB-projection,2084,35.4918602513147,0.9758500695624228,NA,NA,NA
World,WBGroups,Kuznets-WB-projection,World Kuznets-WB-projection,2085,35.8333143672435,0.9574648117902207,NA,NA,NA
World,WBGroups,Kuznets-WB-projection,World Kuznets-WB-projection,2086,36.1714719771012,0.9392711599596204,NA,NA,NA
World,WBGroups,Kuznets-WB-projection,World Kuznets-WB-projection,2087,36.506247601694,0.9212671897879776,NA,NA,NA
World,WBGroups,Kuznets-WB-projection,World Kuznets-WB-projection,2088,36.8375601924729,0.9034568951705069,NA,NA,NA
World,WBGroups,Kuznets-WB-projection,World Kuznets-WB-projection,2089,37.1653312449817,0.885838889582713,NA,NA,NA
World,WBGroups,Kuznets-WB-projection,World Kuznets-WB-projection,2090,37.4894811866027,0.8684020979564888,NA,NA,NA
World,WBGroups,Kuznets-WB-projection,World Kuznets-WB-projection,2091,37.8099294338935,0.8511359628811999,NA,NA,NA
World,WBGroups,Kuznets-WB-projection,World Kuznets-WB-projection,2092,38.1265950983426,0.8340321130790862,NA,NA,NA
World,WBGroups,Kuznets-WB-projection,World Kuznets-WB-projection,2093,38.4393984310405,0.8170861725521839,NA,NA,NA
World,WBGroups,Kuznets-WB-projection,World Kuznets-WB-projection,2094,38.7482608294601,0.8002938548814953,NA,NA,NA
World,WBGroups,Kuznets-WB-projection,World Kuznets-WB-projection,2095,39.0531070501808,0.7836566094471475,NA,NA,NA
World,WBGroups,Kuznets-WB-projection,World Kuznets-WB-projection,2096,39.3538641035465,0.7671729287269446,NA,NA,NA
World,WBGroups,Kuznets-WB-projection,World Kuznets-WB-projection,2097,39.6504624911961,0.7508444002238601,NA,NA,NA
World,WBGroups,Kuznets-WB-projection,World Kuznets-WB-projection,2098,39.9428360137055,0.7346719963986725,NA,NA,NA
World,WBGroups,Kuznets-WB-projection,World Kuznets-WB-projection,2099,40.2309215311175,0.718655994481443,NA,NA,NA
World,WBGroups,Kuznets-WB-projection,World Kuznets-WB-projection,2100,40.5146593183851,0.70279748354376,NA,NA,NA
